title,stars,teks,label,hasil_sentimen,hasil_topik
Wisata Aer Mata Ibu Arosbaya,1,kali nyuci bagasi tidak buka blasssssskotorrrrr bagasi kalau buka ketahuan kotor q tidak buka sekali nemeennnn,0,negative,2
Wisata Aer Mata Ibu Arosbaya,5,matap,1,positive,0
Wisata Aer Mata Ibu Arosbaya,5,peziarah ambil air langsung sumber nya yang lorong kebawah sebelah kiri pintu masuk kelestarian terjaga terawat pengunjung seramai,1,positive,1
Wisata Aer Mata Ibu Arosbaya,3,bagus pengemis maksa sekali solusinya ditatap jangan bukapegang dompet abaikan saja,0,negative,-1
Wisata Aer Mata Ibu Arosbaya,5,kemarin kesana sayang tidak masuk karena halangan semoga kalau rombongan kesana lagimasih masuk langsung makamnya,1,positive,-1
Wisata Aer Mata Ibu Arosbaya,1,nya memiliki sejarah menarikdan disayang kurangnya penegasan pengemis pengemis menarik baju pengunjung memaksa uang,0,negative,5
Wisata Aer Mata Ibu Arosbaya,1,pengemis memaksa menarik baju pengunjung,0,negative,5
Wisata Aer Mata Ibu Arosbaya,1,malas lagi karena pngemisnya lumayan maksa kadang nyeloteh karena tempatny sekarang sepi pngunjung padahal rame kyak martajesah,0,negative,2
Wisata Aer Mata Ibu Arosbaya,2,kejelekan malam waliyulloh bnyak iya pengemis,0,positive,1
Wisata Aer Mata Ibu Arosbaya,5,alhamdulilah,1,positive,14
Wisata Aer Mata Ibu Arosbaya,1,pengemis maksa,0,negative,0
Wisata Aer Mata Ibu Arosbaya,1,pengemis maksa jd kapok lagi kesini mengecewakan naek gojek bonceng cedak dari turun bus bayar rb,0,negative,2
Wisata Aer Mata Ibu Arosbaya,5,mengasyikkan,1,positive,-1
Wisata Aer Mata Ibu Arosbaya,5,view nya bagus sejuk,1,positive,-1
Wisata Aer Mata Ibu Arosbaya,5,keren,1,positive,0
Wisata Aer Mata Ibu Arosbaya,1,pengemis memaksa buruk sekali gapunya etika,0,negative,5
Wisata Aer Mata Ibu Arosbaya,5,wisata religi tapi tidak nyaman pengemisnya suka maksa,1,negative,5
Wisata Aer Mata Ibu Arosbaya,5,padat,1,positive,0
Wisata Aer Mata Ibu Arosbaya,5,arus baya yang keramat orang yang ngalap berkah,1,positive,-1
Wisata Aer Mata Ibu Arosbaya,5,alhamdulilah pemakaman terawat suasana yang syahdu kematian,1,positive,1
Wisata Aer Mata Ibu Arosbaya,3,tempatnya bagus bersejarah pengemis mohon dirapikan pengemisnya pengunjung risih berziarah,0,positive,-1
Wisata Aer Mata Ibu Arosbaya,1,bagus parkir pengemis yang suka memaksa penziarah,0,negative,5
Wisata Aer Mata Ibu Arosbaya,3,kotor terawat,0,negative,-1
Wisata Aer Mata Ibu Arosbaya,4,bagus ibu yang tukang,1,positive,0
Wisata Aer Mata Ibu Arosbaya,1,nya bagusjalan nya sedikittapi orang paksaaawalaupun ditolak ngejar saja sampai gandengkalau tidak ngasih sampai mukul mukul nya tidak gimanatapi saja tidak ngenakkin pengunjung,0,negative,2
Wisata Aer Mata Ibu Arosbaya,4,wisata religi kawasan pulau madura tempatnya terpencil pedalaman kampung asri sumber mata air jernih terkenal diminum langsung menyegarkan dipercaya menyembuhkan penyakit,1,positive,2
Wisata Aer Mata Ibu Arosbaya,5,parkirnya,1,negative,0
Wisata Aer Mata Ibu Arosbaya,5,salah wali perempuan madura,1,positive,1
Wisata Aer Mata Ibu Arosbaya,5,religion sejuk,1,positive,-1
Wisata Aer Mata Ibu Arosbaya,4,wisata religi aer mata x ziarah makam madura khusus nya makam aer mata banyak yang menjual air mineral sumber yang tidak nyaman banyak pengemis maksa saran kesini jangan buka dompet mending sediakan uang receh pecahan yang,1,positive,1
Wisata Aer Mata Ibu Arosbaya,5,nyaman dengan kehadiran peminta,1,positive,0
Wisata Aer Mata Ibu Arosbaya,5,tempatnya bagus sayang pengemis peminta paksa bikin peziaroh gerah,1,positive,5
Wisata Aer Mata Ibu Arosbaya,4,parkir bus luaspenjual makanan,1,positive,15
Wisata Aer Mata Ibu Arosbaya,5,terjaga kesederhanaannya,1,positive,-1
Wisata Aer Mata Ibu Arosbaya,5,susana aura mencekam lurapalagi pas suro dtg kesana dimakam yang pekat auranya panglima ghoib yang berjaga malam nyai makam beliausilahkan dicoba wisata kesana lur,1,positive,1
Wisata Aer Mata Ibu Arosbaya,5,air nya barokah dibawa pulang,1,positive,-1
Wisata Aer Mata Ibu Arosbaya,5,makam suri,1,positive,1
Wisata Aer Mata Ibu Arosbaya,3,nya bersih akses jalannya perbaiki,0,negative,6
Wisata Aer Mata Ibu Arosbaya,5,menyesap,1,positive,-1
Wisata Aer Mata Ibu Arosbaya,5,lokasinya ojek jalan parkir kendaraan nyaman bangrt memaksa,1,positive,-1
Wisata Aer Mata Ibu Arosbaya,5,tempatnya alami bersih,1,positive,11
Wisata Aer Mata Ibu Arosbaya,5,semangat keislaman xouture,1,positive,0
Wisata Aer Mata Ibu Arosbaya,5,batuan karang alami,1,positive,-1
Wisata Aer Mata Ibu Arosbaya,4,uang memaksamsak rokok di saku lansung di saut,1,negative,5
Wisata Aer Mata Ibu Arosbaya,2,yang serem tapi kasihn kasih banyak yang bilng pengunjung jd tidak lgmaaf pengelola merhatiin,0,negative,2
Wisata Aer Mata Ibu Arosbaya,1,saran bagus syarat sejarah disayangkan pengemis memintaminta pengunjung terkesan memaksa mentarget mohon untuk pengelola pemerintah desa memperhatikan halhal rame karena peziarah terkesan intervensi pengemis berdampak kunjungan mohon maaf terima kasih,0,negative,-1
Wisata Aer Mata Ibu Arosbaya,5,makam aermata terletak menit pusat kota bangkalan makam aermata arosbaya hubungan erat sejarah madura dibawah mataram makam aermata makamnya nyai syarifa ambami istrinya cakraningrat makam suramadu tinggal ambil tujuan bangkalan kota bangkalan menit timur arah arosbaya tepatnya bukit kapur arosbaya sekomplek makan bersamayam kerabatkerabat kraton bangkalan tangga makam lapaklapak pedagang jualan trasi krupuk samping komplek arah bukit kapur makam panjaangpanjang kaitannya makam aermata bercampur makam rumah warga wib,1,positive,1
Wisata Aer Mata Ibu Arosbaya,2,tolong pengelolapara pengemis ditertibkan kemarin jatuh gendong anak gara pengemis yang mepet menghalangi jalan,0,negative,-1
Wisata Aer Mata Ibu Arosbaya,1,orang maksa,0,negative,0
Wisata Aer Mata Ibu Arosbaya,5,sejarah air mata arosbaya sejarah makam ratu syarifah ambami istri adipati cakraningrat i raja madura abad cerita rakyat ratu menangis pertapaannya rindu suaminya meninggal air mata ratu membentuk mata air aermata ebu makam ratu terletak desa buduran kecamatan arosbaya kabupaten bangkalan pulau madura makam kompleks pemakaman bangsawan madura wangsa cakraningrat dibangun abad kompleks pemakaman memiliki arsitektur khas gerbang berundak ukiran sulur motif bunga kaligrafi dimakamkan adipati cakraningrat cakraningrat ii iv v vi makam air mata arosbaya salah wisata religi sejarah madura menarik pengunjung mengenal budaya tradisi madura makam saksi bisu perjuangan cinta raja ratu madura,1,positive,1
Wisata Aer Mata Ibu Arosbaya,4,bagus,1,positive,4
Wisata Aer Mata Ibu Arosbaya,2,pengunjung harap berhatihati pengemis disekitar lokasi kali pengemis mengejar saran pengelola membersihkan ziarah pengemis meresahkan,0,negative,-1
Wisata Aer Mata Ibu Arosbaya,5,oke,1,positive,17
Wisata Aer Mata Ibu Arosbaya,3,tempatnya masuk kampung yang belajar mobil disarankan nyupir hehe nanti kebaret mobil bayar tiket parkir mobil dikelola warga warung yang jual minuman khas madura,0,positive,2
Wisata Aer Mata Ibu Arosbaya,5,hening malam,1,positive,3
Wisata Aer Mata Ibu Arosbaya,4,sailnya extrim,1,positive,0
Wisata Aer Mata Ibu Arosbaya,5,tempatnya indah sekali,1,positive,11
Wisata Aer Mata Ibu Arosbaya,5,wisata religius yang adem,1,positive,3
Wisata Aer Mata Ibu Arosbaya,5,palestina terbaik,1,positive,-1
Wisata Aer Mata Ibu Arosbaya,5,tolong pengemis pintu masuk tertibkan maksa uangselain kawasan jalan makam makam pengemis cenderung memaksa tolong terkait menertibkan pengemis nyaman mengganggu peziarah,1,negative,-1
Wisata Aer Mata Ibu Arosbaya,5,makam aermata tidak sadar desaku aermata indah,1,positive,1
Wisata Aer Mata Ibu Arosbaya,5,bagus,1,positive,4
Wisata Aer Mata Ibu Arosbaya,5,bersih suasana nyaman tapi sayang pengemis yang memaksa uang,1,positive,5
Wisata Aer Mata Ibu Arosbaya,4,maaf toilet terjaga kebersigannya,1,positive,-1
Wisata Aer Mata Ibu Arosbaya,5,kunjungan malam berkeliling,1,positive,3
Wisata Aer Mata Ibu Arosbaya,5,bagus,1,positive,4
Wisata Aer Mata Ibu Arosbaya,3,ziarah yang merakyat,0,positive,-1
Wisata Aer Mata Ibu Arosbaya,5,sayang tidak,1,positive,-1
Wisata Aer Mata Ibu Arosbaya,5,malam pas sudah sepi pol berdoa khusyuk ziarah seni dekoratif makam ukiran makam menakjubkan alangkah baiknya pengelola menertibkan pengemis memaksaa peziarah disana,1,positive,-1
Wisata Aer Mata Ibu Arosbaya,4,wisata religi aer mata arosbaya terletak kota bangkalan madura jalan mendekati wisata nyaman sempit lubang tiket masuk wisata religinamun jasa parkir kendaraan kendaraan bus susah parkir putar sempit dipenuhi lapak pedagang makam berjalan kaki menapaki tangga menaik di wilayah makam melepas alas kaki makam diperhatikan dinas terkait anak sedekah memaksa mengurangi kenyamanan pengujung selesai makam pengunjung berbelanja aneka buah yang disajikan penjual harga buah yang dijual murah surabaya rekom kalau beli buah arosbaya,1,positive,-1
Wisata Aer Mata Ibu Arosbaya,3,tempatnya asri diriwuhi pengemis dadakan kondisi makam menyenangkan,0,positive,1
Wisata Aer Mata Ibu Arosbaya,4,wisata religi nan indah penuh budaya yang indah sayang yang pol,1,positive,3
Wisata Aer Mata Ibu Arosbaya,5,mengenal sejarah raja madura,1,positive,3
Wisata Aer Mata Ibu Arosbaya,5,tempatnya adem makanannya enak khas beda yang,1,positive,-1
Wisata Aer Mata Ibu Arosbaya,5,hadeeh pengemis risih,1,positive,10
Wisata Aer Mata Ibu Arosbaya,5,tempatnya enak,1,positive,11
Wisata Aer Mata Ibu Arosbaya,5,sebuah pertama kesana butuh perjuangan keatas dijamin hati tenang stlh ksna,1,positive,-1
Wisata Aer Mata Ibu Arosbaya,5,bagus,1,positive,4
Wisata Aer Mata Ibu Arosbaya,5,tempatnya nyaman adhem berziarah langsung lihat sumber mata air air mata ambil air sumber air mata yang asli langsung ketempat sumurnya petunjuk arah disana sayangnya disana orang mintayg bergerombol mendesak uang peziarahsemoga kedepannya ditertibkan pengelola makam,1,positive,1
Wisata Aer Mata Ibu Arosbaya,5,asri nyaman,1,positive,0
Wisata Aer Mata Ibu Arosbaya,2,mohon maaf kasih bintang meresahkan orang seperti orang ngerampok ambil uang tas anak ketakutan sampai nangis kejerrrr mohon pemda ditertibkan pengemis meresahkan,0,negative,-1
Wisata Aer Mata Ibu Arosbaya,5,jalannya rusak,1,negative,-1
Wisata Aer Mata Ibu Arosbaya,5,tempatnya sejuk mata memandang pepohonan lokasi bukit lingkungan hutan belantara menu beragam sedap harga terjangkau cocok dine di menginap,1,positive,2
Wisata Aer Mata Ibu Arosbaya,4,parkir mobil ribu biaya masuk ribu aksesnya sulit jalannya dalemnya bagus sih foto siang panas sekali,1,positive,2
Wisata Aer Mata Ibu Arosbaya,5,mengesankan wisata religi tidak sih ampar,1,positive,3
Wisata Aer Mata Ibu Arosbaya,4,situs sejarah tandai makamdengan kisah sejarah artefak peninggalannya makam sumber air batu nisan berukir,1,positive,1
Wisata Aer Mata Ibu Arosbaya,4,bersih maaf peminta kesana lihatlah situasi pengemisnya dikasih dikejar,1,positive,5
Wisata Aer Mata Ibu Arosbaya,4,akses jalan aer mata jalan berlobang kurangnya lahan parkir yang memadai,1,positive,5
Wisata Aer Mata Ibu Arosbaya,5,alhamdulilah merasakan airmata bikin cahaya alami skincare,1,positive,-1
Wisata Aer Mata Ibu Arosbaya,3,orang,0,positive,0
Wisata Aer Mata Ibu Arosbaya,5,berkah,1,positive,1
Wisata Aer Mata Ibu Arosbaya,5,sunggguhpengallaman yang terlupakan amazing,1,positive,10
Wisata Aer Mata Ibu Arosbaya,3,banyak pengemis nyaga kasih kasihan kasih mengerubuti,0,negative,5
Wisata Aer Mata Ibu Arosbaya,1,jujur ukiran makam memukau orangorang sedekah brutal merebut uang menarik tas putus mohon pengelola memperbaiki menimbulkan trauma pengunjung,0,positive,-1
Wisata Aer Mata Ibu Arosbaya,5,senang tinggal,1,positive,-1
Wisata Aer Mata Ibu Arosbaya,5,asri adem,1,positive,0
Wisata Aer Mata Ibu Arosbaya,5,pas disana hujan fasilitas,1,positive,9
Wisata Aer Mata Ibu Arosbaya,5,berkah,1,positive,1
Wisata Aer Mata Ibu Arosbaya,4,wisata religi,1,positive,3
Wisata Aer Mata Ibu Arosbaya,5,cincin,1,positive,-1
Wisata Aer Mata Ibu Arosbaya,5,bgs,1,positive,0
Wisata Aer Mata Ibu Arosbaya,1,mencari barokah,0,positive,1
Wisata Aer Mata Ibu Arosbaya,5,enak nikmat gurih,1,positive,3
Wisata Aer Mata Ibu Arosbaya,5,bersih belajar sejarah agama,1,positive,3
Wisata Aer Mata Ibu Arosbaya,5,menakjubkan,1,positive,-1
Wisata Aer Mata Ibu Arosbaya,5,sayang sedekah memaksa,1,positive,-1
Wisata Aer Mata Ibu Arosbaya,5,tempt ziarah,1,positive,-1
Wisata Aer Mata Ibu Arosbaya,1,memaksakan sedekah pengemis yang memaksa,0,negative,5
Wisata Aer Mata Ibu Arosbaya,4,wisata religi yang menyenangkan,1,positive,3
Wisata Aer Mata Ibu Arosbaya,5,bagus,1,positive,4
Wisata Aer Mata Ibu Arosbaya,5,bagustepatnya tpjalannya sempitmohon diperlebar,1,positive,-1
Wisata Aer Mata Ibu Arosbaya,4,sepi karena nyampe malam,1,positive,3
Wisata Aer Mata Ibu Arosbaya,5,insyaallah berkah,1,positive,1
Wisata Aer Mata Ibu Arosbaya,5,sejuk,1,positive,-1
Wisata Aer Mata Ibu Arosbaya,5,bagus tempatnya cocok wisata religi,1,positive,-1
Wisata Aer Mata Ibu Arosbaya,5,ilmu barilu orang pengaja penampungan air mata airnya sejuk,1,positive,-1
Wisata Aer Mata Ibu Arosbaya,5,mendekat wali allooh,1,positive,-1
Wisata Aer Mata Ibu Arosbaya,5,orang sprti memaksa,1,positive,0
Wisata Aer Mata Ibu Arosbaya,4,makamnya kota jam perjalanan hening khusyu sarat makna sayangnya pengemis bertaburan menempel pengunjung parkir bis parkir mobil kendaraan pengunjung luas,1,positive,1
Wisata Aer Mata Ibu Arosbaya,5,menyenangkan,1,positive,-1
Wisata Aer Mata Ibu Arosbaya,5,wisata religi sejarah pulau madura,1,positive,3
Wisata Aer Mata Ibu Arosbaya,1,nyelawat mampir makam air mata ebuh,0,positive,1
Wisata Aer Mata Ibu Arosbaya,5,sip tenan tenang,1,positive,-1
Wisata Aer Mata Ibu Arosbaya,4,kramat arsitektur indah sayang infrastruktur jalan ketempat tersebut nyaman sempit rusak,1,positive,5
Wisata Aer Mata Ibu Arosbaya,5,khidmat aulia allah swt,1,positive,1
Wisata Aer Mata Ibu Arosbaya,5,mukhasabah,1,positive,-1
Wisata Aer Mata Ibu Arosbaya,5,sungguh yang penuh dengan sejarah nyaman peminta yang ngikut yang berani pegang tas pemda tolong diperhatikan pengunjung cepat hitam terimakasih,1,positive,-1
Wisata Aer Mata Ibu Arosbaya,5,yang bagusdan wajib dikunjungi wisata religi,1,positive,3
Wisata Aer Mata Ibu Arosbaya,5,makam raja madura suasanya nyaman bersih disana sumber air yang segar bersih,1,positive,1
Wisata Aer Mata Ibu Arosbaya,4,bersih pengemis harus siapin uang receh,1,positive,5
Wisata Aer Mata Ibu Arosbaya,5,ziarah dikawasan madura,1,positive,3
Wisata Aer Mata Ibu Arosbaya,3,orang yang terkesan memaksa buat pngunjung nyaman,0,negative,5
Wisata Aer Mata Ibu Arosbaya,5,tempatnya sejuk bersih indah tenang pengemisnya memaksa sodaqoh,1,positive,1
Wisata Aer Mata Ibu Arosbaya,5,wisata religi makam syarifah ambami,1,positive,1
Wisata Aer Mata Ibu Arosbaya,5,kramat,1,positive,0
Wisata Aer Mata Ibu Arosbaya,2,bagus mantap barokallahtapi sayang orang mintamaksa maksa kalau mintaseharusnya perangkat desa membina biar pengemis sembarangan memaksa dikasih uang peziarahsekian trim,0,positive,-1
Wisata Aer Mata Ibu Arosbaya,3,sarana toilet bersih kadang tidak airnya,0,negative,5
Wisata Aer Mata Ibu Arosbaya,5,tuhan memberkati,1,positive,1
Wisata Aer Mata Ibu Arosbaya,5,nyata,1,positive,-1
Wisata Aer Mata Ibu Arosbaya,5,ramee sihh banyak yang megang baju takutt,1,positive,-1
Wisata Aer Mata Ibu Arosbaya,4,pengemis ya,1,positive,10
Wisata Aer Mata Ibu Arosbaya,5,semoga yang disemoga tersemogakan pengalaman pertama waktu,1,positive,1
Wisata Aer Mata Ibu Arosbaya,2,struktur bangunan bagus sayang perawatan sampah,0,positive,5
Wisata Aer Mata Ibu Arosbaya,4,ziaroh dengan tangga makam bersih parkir luas,1,positive,1
Wisata Aer Mata Ibu Arosbaya,5,sungguh indah pemandangan nya,1,positive,12
Wisata Aer Mata Ibu Arosbaya,5,mengunjungi makam ratu syarifah ambami pas datangnya mulud sepi ya teman ya sssttt pengemis nya sampai banyaknya,1,positive,2
Wisata Aer Mata Ibu Arosbaya,5,objek wisata aer mata,1,positive,3
Wisata Aer Mata Ibu Arosbaya,3,lokasi nya enakcm lokasi parkir yang,0,positive,-1
Wisata Aer Mata Ibu Arosbaya,5,konon makam waliyullah perempuan sarifah ambani keturunan sunan giri bertirakat bertapa dimana air mata tangisannya memenuhi sekililing pertapaannya hayat yamg mata air disakralkan lakukan wujud pengorbanan cinta suaminya raja cakraningrat memintanya bertirakatbertapa memohon keturunannya raja madura,1,positive,1
Wisata Aer Mata Ibu Arosbaya,5,wahhhluar segerbersihnyaman,1,positive,0
Wisata Aer Mata Ibu Arosbaya,5,bengkel ramah,1,positive,-1
Wisata Aer Mata Ibu Arosbaya,5,berkah,1,positive,1
Wisata Aer Mata Ibu Arosbaya,5,tertata,1,negative,0
Wisata Aer Mata Ibu Arosbaya,4,wisata religi itibar perjuangan muslimah sayang pengemis mrk orang fakir miskin pemalas menengadahkan tangan pendapatannya setara dengan pnsasn golongan ii mk sedekah disalurkan percaya diri mrk gurau pengemis yang langsung ngeroyok mohon aparat melarang pengemis bikin malu orang madura saja,1,positive,-1
Wisata Aer Mata Ibu Arosbaya,5,masjidnya terlatak diatas bebatuan mudah sholat wudhu sebelah bawahnya sumur diyakini bekas sumber air mata syarifah ambani wallahualam,1,positive,1
Wisata Aer Mata Ibu Arosbaya,5,wisata religi ratu ebuh arosbaya makamnya puncak bukit,1,positive,-1
Wisata Aer Mata Ibu Arosbaya,5,masyaallah bersejarah yang cerita kamu patut amalkan sebagai sumber mata airnya yang mnjdi keberkahan tersendiri mengisahkan kamu mnjdi contoh yang semoga terjaga kelestariannya,1,positive,1
Wisata Aer Mata Ibu Arosbaya,5,berziarah makam waliyullah tujuan mengharapkan ridho allah,1,positive,1
Wisata Aer Mata Ibu Arosbaya,5,wisata religi,1,positive,3
Wisata Aer Mata Ibu Arosbaya,3,wisata religi sejarah pemerintah memperhatikan pengelolaannya,0,negative,5
Wisata Aer Mata Ibu Arosbaya,5,penuh makna cerita,1,positive,0
Wisata Aer Mata Ibu Arosbaya,4,panorama yang indah ramah susana nya,1,positive,-1
Wisata Aer Mata Ibu Arosbaya,5,merekomendasikan,1,positive,8
Wisata Aer Mata Ibu Arosbaya,3,wisata religi yang bagus sayangnya peminta yang anak anak,0,negative,3
Wisata Aer Mata Ibu Arosbaya,5,foto bukit kapur tapi masih area wisata aer mata wisata alam yang masih blm orang tau jd tempatnya masih sepi bagus foto juga foto prewedding,1,positive,2
Wisata Aer Mata Ibu Arosbaya,3,harap berhatihati kesana orang yang suka memaksa narik baju,0,negative,5
Wisata Aer Mata Ibu Arosbaya,4,bagus tempatnya minus nya orang jalan,1,positive,6
Wisata Aer Mata Ibu Arosbaya,5,yang energi spiritual,1,positive,-1
Wisata Aer Mata Ibu Arosbaya,1,religi,0,positive,0
Wisata Aer Mata Ibu Arosbaya,5,bersih,1,positive,-1
Wisata Aer Mata Ibu Arosbaya,5,rame wisatawan religi pulau,1,positive,3
Wisata Aer Mata Ibu Arosbaya,5,cakep,1,positive,10
Wisata Aer Mata Ibu Arosbaya,4,sepi pengunjung,1,positive,-1
Wisata Aer Mata Ibu Arosbaya,4,penuh sejarah nyaman jasa orangtua yang tergantikan hati peminta uang jaga brg bawaan tolong ditertibkan,1,positive,-1
Wisata Aer Mata Ibu Arosbaya,5,rame sayangnya kesana pas malam tidak pemandangannya,1,positive,-1
Wisata Aer Mata Ibu Arosbaya,5,mantap,1,positive,8
Wisata Aer Mata Ibu Arosbaya,1,kepedulian dinas terkait pengaturan pkl makan parkir kendaraan semrawut bis berkunjung putar bis parkir terhalang tenda tenda payung payung pkl,0,negative,-1
Wisata Aer Mata Ibu Arosbaya,4,destinasi wisata religi dimadura diakses bus pariwisata,1,positive,3
Wisata Aer Mata Ibu Arosbaya,3,saran petugas dsana suka memaksa pengunjungpengunjung ikhlas,0,negative,-1
Wisata Aer Mata Ibu Arosbaya,4,meningkatkan taaruf sang pencipta mendoakan sang ulama sepuh,1,positive,1
Wisata Aer Mata Ibu Arosbaya,5,subhanallah,1,positive,-1
Wisata Aer Mata Ibu Arosbaya,5,wajib kesini,1,positive,-1
Wisata Aer Mata Ibu Arosbaya,4,mendeskripsikan kesana,1,positive,0
Wisata Aer Mata Ibu Arosbaya,3,pengemisnya tidak sopan,0,negative,0
Wisata Aer Mata Ibu Arosbaya,5,tempatnya sepi enak,1,positive,11
Wisata Aer Mata Ibu Arosbaya,3,bagus batu gunung yang dipotong dijadikan batu bangunan sayangnya lokasi terawat,0,positive,-1
Wisata Aer Mata Ibu Arosbaya,5,ya alhamdulilah orang sedekah,1,positive,0
Wisata Aer Mata Ibu Arosbaya,5,lupa kali makam ratu syarifah ambami disempatkan ketempat sumber nya air nya yang asli dikarnakan air diedarkan diluar peziarah turun sumber nya buka jam,1,positive,1
Wisata Aer Mata Ibu Arosbaya,2,suasana nya masih asri aslibener sprti masuk dalam zamannya sarifah ambanitp kekhusukan terganggu ibu yang sedekahnya memaksa kpd pe ziarah mestinya sikapi pengelola makamjgn peziarah nanti enggan tempatnya langsung memilih kirim fatihah mkm saikhona kholilmohon perhatian nya kpd pengelola pejabat yang berwenang salam al amin,0,negative,1
Wisata Aer Mata Ibu Arosbaya,5,pesarean religius disayangkan sumber nya dihalang halangi kebersihan dibilang tutup sumber nya buka jam turun kebawah air sumber nya asli yang dijual dimakam pesarean air sumur kampung dikemas botol bekas dikasih lebel disayangkan kejelasan penunggu makam diperbolehkan,1,positive,1
Wisata Aer Mata Ibu Arosbaya,3,tempatnya sejuk ditempat sayang pengemis makam risih nya maksa dikejar,0,negative,-1
Wisata Aer Mata Ibu Arosbaya,5,makamnya bersih risih pengemisny yang memaksa,1,positive,1
Wisata Aer Mata Ibu Arosbaya,4,lumayan bagus mhn ojolnya ditertibkan,1,positive,-1
Wisata Aer Mata Ibu Arosbaya,5,wisata religi mengenal sejarah,1,positive,3
Wisata Aer Mata Ibu Arosbaya,5,alhamdulilah bagus,1,positive,0
Wisata Aer Mata Ibu Arosbaya,5,bersejarah,1,positive,-1
Wisata Aer Mata Ibu Arosbaya,5,tempatnya bagus,1,positive,11
Wisata Aer Mata Ibu Arosbaya,5,luaaaar,1,positive,10
Wisata Aer Mata Ibu Arosbaya,5,bibarokatil,1,positive,-1
Wisata Aer Mata Ibu Arosbaya,4,ziarah libur lebaran suasana sejuk,1,positive,-1
Wisata Aer Mata Ibu Arosbaya,5,situssejarah kerajaan kabupaten bangkalan madura tepatnya kecamatan arosbaya,1,positive,3
Wisata Aer Mata Ibu Arosbaya,4,suasana tenang bagus penuh sejarah,1,positive,-1
Wisata Aer Mata Ibu Arosbaya,5,menarik,1,positive,-1
Wisata Aer Mata Ibu Arosbaya,5,alhamdulilah,1,positive,14
Wisata Aer Mata Ibu Arosbaya,5,bersejarah,1,positive,-1
Wisata Aer Mata Ibu Arosbaya,5,bagus,1,positive,4
Wisata Aer Mata Ibu Arosbaya,5,alhamdulilah ziarah makam mbah syarifah aer mata ebhu semoga barokah,1,positive,1
Wisata Aer Mata Ibu Arosbaya,5,senang,1,positive,-1
Wisata Aer Mata Ibu Arosbaya,5,dinsos kabupaten kondisikan yang pengemis pengunjung risih,1,positive,5
Wisata Aer Mata Ibu Arosbaya,5,enak ini wisata religius sore direkomendasikan aneka ragam makanan vibesnya dapat bagus,1,positive,-1
Wisata Aer Mata Ibu Arosbaya,3,ziarah asri sejukhanya terkadang pengemis mengganggu,0,positive,-1
Wisata Aer Mata Ibu Arosbaya,5,bersejarah umat islam yang inspirasi kaum,1,positive,1
Wisata Aer Mata Ibu Arosbaya,5,rapi bersih peminta,1,positive,0
Wisata Aer Mata Ibu Arosbaya,4,alami situasi tenang,1,positive,16
Wisata Aer Mata Ibu Arosbaya,5,asyik,1,positive,-1
Wisata Aer Mata Ibu Arosbaya,5,pemandangan yang indah tenang sakral,1,positive,12
Wisata Aer Mata Ibu Arosbaya,5,salah wisata religi madura makamnya bagus makam raja imogiri jogja sumber mata air yang nyembuhin penyakit lokasinya dibawah makam makan kekiri turun tangga airnya segar sumurnya langsung dispensernya airnya dingin wkwk yang jual airnya sebotol aqua harganya rp akses kesana mudah jalannya lubang tapi aman dilewati pengemis parkir makam saran kasih uang pengemisnya ngasih dikerubungi sama pengemis yang sampai ngasih pergi parkirnya mobil rp,1,positive,2
Wisata Aer Mata Ibu Arosbaya,5,mencari keberkahan,1,positive,1
Wisata Aer Mata Ibu Arosbaya,3,pesarean bersih terawat sayangnya minim area parkir bus pengemis meresahkan pemangku desa seminar untuk berwirausaha jalan menghidupkan perekonomian warga daripada,0,negative,-1
Wisata Aer Mata Ibu Arosbaya,5,makam pangeran cakraningrat i vi ratu syarifah ambami tempatnya,1,positive,1
Wisata Aer Mata Ibu Arosbaya,5,bagus sekali,1,positive,0
Wisata Aer Mata Ibu Arosbaya,4,tuhan memberkati,1,positive,1
Wisata Aer Mata Ibu Arosbaya,5,sejuk tempatnya sohibul maqam hadir keliling rumah,1,positive,1
Wisata Aer Mata Ibu Arosbaya,4,bersejarah yang di madura dsana bnyak pengemis yang kadang orang infil kadang yang smpek mnjambak baju peziarah,1,positive,-1
Wisata Aer Mata Ibu Arosbaya,3,tertata,0,negative,0
Wisata Aer Mata Ibu Arosbaya,5,amazingmagicaldi sudut saja estetik benar indah sekali wajib ngulang ini ramah goweser bebas masuk kemarin premannya jd bayar seiklasnya gowes aku berair atau ya liccinnini fotonya arosbaya aku basah video,1,positive,2
Wisata Aer Mata Ibu Arosbaya,5,hatihati air diedarkan dipesarean palsu karena air keramatnya asli peziarah ambil ketempat sumber nya terletak dibawah pesarean petunjuk arah nya diikuti pintu samping arah masjid,1,positive,1
Wisata Aer Mata Ibu Arosbaya,1,pengemis,0,negative,0
Wisata Aer Mata Ibu Arosbaya,4,nyaman,1,positive,-1
Wisata Aer Mata Ibu Arosbaya,5,semoga keberkahan,1,positive,1
Wisata Aer Mata Ibu Arosbaya,5,wisata religi iburamah,1,positive,-1
Wisata Aer Mata Ibu Arosbaya,4,salah wisata religi pulau madura yang kunjungi karena sarat sejarah kerajaan madura tempatnya bukit yang indah sumber mata air yang konon untuk pengobatan,1,positive,2
Wisata Aer Mata Ibu Arosbaya,2,pemberdayaan masyarakat,0,positive,0
Wisata Aer Mata Ibu Arosbaya,5,telat hehehe,1,positive,10
Wisata Aer Mata Ibu Arosbaya,5,mengedarkan air palsu diarea makam air sumber asli nya dibawah pesarean maaf mengganggu karena tawasul disodorkan dipaksakan membeli air nya,1,positive,1
Wisata Aer Mata Ibu Arosbaya,5,sengat,1,positive,0
Wisata Aer Mata Ibu Arosbaya,5,alhamdulillahbarokaallahtempat ziaroh yang menyentuh hatisupaya sllu ingatbertambah taqwa pada allah swt,1,positive,1
Wisata Aer Mata Ibu Arosbaya,4,wisata wali madura,1,positive,3
Wisata Aer Mata Ibu Arosbaya,1,hati tukang paksa,0,positive,16
Wisata Aer Mata Ibu Arosbaya,5,kesini bawa uang yang yang sudah terlatih main keroroyok aji mumpung sy orang keturunan madura bangga wisata tapi sdikit senang karena terkait seperti peninjauan wisata madura majunya madura klu tidak pengawasan dari sperti pungli marak dmana,1,negative,2
Wisata Aer Mata Ibu Arosbaya,5,memang sepi gimana ya rombongan elf rombongan,1,positive,-1
Wisata Aer Mata Ibu Arosbaya,5,karomahnya semoga barokahnya amiin,1,positive,1
Wisata Aer Mata Ibu Arosbaya,1,pengemis rese,0,negative,0
Wisata Aer Mata Ibu Arosbaya,5,woww,1,positive,-1
Wisata Aer Mata Ibu Arosbaya,3,kena parkir petugas parkir,0,negative,-1
Wisata Aer Mata Ibu Arosbaya,4,teman teman berziarah mohon uang pengemis teman teman silahkan uang mohon maaf salah sayajuga manusia,1,positive,-1
Wisata Aer Mata Ibu Arosbaya,1,pengemis menganggu penziarah,0,negative,13
Wisata Aer Mata Ibu Arosbaya,5,sejuta kedamaian,1,positive,0
Wisata Aer Mata Ibu Arosbaya,5,udaranya sejuk harga snackminuman warung terjangkau menaikan harga sayangnya kuliner saja penyandang kesejahteraan lumayan terganggu sih,1,positive,2
Wisata Aer Mata Ibu Arosbaya,5,alhamdulilah sumber aer mata asli,1,positive,-1
Wisata Aer Mata Ibu Arosbaya,5,letak sumber nya dibawah pesarean ratu petunjik arahnya diikuti samping masjid semoga membantu peziarah karena tertipu air disediakan makam pesarean aer sumber asli diedarkan dimakam pesarean,1,positive,1
Wisata Aer Mata Ibu Arosbaya,5,ziarah mengenal sejarah,1,positive,3
Wisata Aer Mata Ibu Arosbaya,5,brkali tidak bosan tuk prgi ksanacm takut sama pngemisnyaklo mnta mmaksadan berebubatanjdi brdebar jantungq,1,positive,-1
Wisata Aer Mata Ibu Arosbaya,5,alhamdulilah ketempat sumber nya memperoleh air sumber nya asli,1,positive,1
Wisata Aer Mata Ibu Arosbaya,5,bagus,1,positive,4
Wisata Aer Mata Ibu Arosbaya,3,pengemisnya,0,negative,0
Wisata Aer Mata Ibu Arosbaya,5,nyaman,1,positive,-1
Wisata Aer Mata Ibu Arosbaya,5,bahagia masuk makam sarifah ambami,1,positive,1
Wisata Aer Mata Ibu Arosbaya,5,tawasul lantaran syarifah ambami,1,positive,1
Wisata Aer Mata Ibu Arosbaya,5,muantap,1,positive,-1
Wisata Aer Mata Ibu Arosbaya,5,bagus,1,positive,4
Wisata Aer Mata Ibu Arosbaya,5,rame sekali,1,positive,-1
Wisata Aer Mata Ibu Arosbaya,5,keren penuh sejarah,1,positive,0
Wisata Aer Mata Ibu Arosbaya,3,akses masuk bukit kapur kecilhati mobil besarbtw bukit kapurnya ok selfi pre wedingdan kalau pakai jasa guide saja biar aman,0,negative,2
Wisata Aer Mata Ibu Arosbaya,1,pengemis anjing,0,negative,0
Wisata Aer Mata Ibu Arosbaya,3,pengemis mengganggu pengunjung,0,negative,5
Wisata Aer Mata Ibu Arosbaya,5,wisata religi ciri khasnya,1,positive,3
Wisata Aer Mata Ibu Arosbaya,5,religius,1,positive,0
Wisata Aer Mata Ibu Arosbaya,5,bagus sayang pengemisnya,1,positive,0
Wisata Aer Mata Ibu Arosbaya,4,pengalaman wisata religius menyentuh bikin deg deg an karena brhati dalam brtindk bersikap uneg yang dalam hati brfikirn positif bebas,1,positive,-1
Wisata Aer Mata Ibu Arosbaya,5,cocok fotowajib untuk di,1,positive,0
Wisata Aer Mata Ibu Arosbaya,5,situs rajaraja madura lestarikan,1,positive,3
Wisata Aer Mata Ibu Arosbaya,1,rumayan tapi sippengemisnya suka malsa,0,negative,-1
Wisata Aer Mata Ibu Arosbaya,5,terkesan suasana kelasik baxak batu ukiran zaman kerajaan yang utuh,1,positive,1
Wisata Aer Mata Ibu Arosbaya,4,sdh bagus sayang pengemis maksa maksa ngejar ngejar peziarah turun orangnya,1,negative,2
Wisata Aer Mata Ibu Arosbaya,5,wisata releji,1,positive,3
Wisata Aer Mata Ibu Arosbaya,5,wisata religi menyejukkan hati,1,positive,3
Wisata Aer Mata Ibu Arosbaya,5,wisata religi yang eksotis dimana dimakamkan waliyullah raja islam keturunan sunan giri,1,positive,1
Wisata Aer Mata Ibu Arosbaya,5,tujuan ziaroh makam raja madura,1,positive,1
Wisata Aer Mata Ibu Arosbaya,5,parkiran sempit bawa big bus,1,positive,-1
Wisata Aer Mata Ibu Arosbaya,1,banyak anak yang uangbikin tidak nyaman,0,negative,5
Wisata Aer Mata Ibu Arosbaya,5,berkunjung,1,positive,0
Wisata Aer Mata Ibu Arosbaya,5,driver pariwisatasebepa pantai selatancuma pantai pacar yang blum masukin,1,positive,-1
Wisata Aer Mata Ibu Arosbaya,5,arsitektur zaman terukur abad abad,1,positive,1
Wisata Aer Mata Ibu Arosbaya,4,sedekah orang pemintaminta harap bawa uang receh,1,positive,5
Wisata Aer Mata Ibu Arosbaya,5,lokasi wisata aer mata arosbaya terlintas benak pikiran seakan zaman abad pertengahan suasan gothic bukit dinding kapur menambah kesan tersendiri,1,positive,-1
Wisata Aer Mata Ibu Arosbaya,1,pengemis yang memaksa pengunjung uang,0,negative,5
Wisata Aer Mata Ibu Arosbaya,5,tempatnya segar airnya,1,positive,11
Wisata Aer Mata Ibu Arosbaya,5,mengunjungi leluhur,1,positive,-1
Wisata Aer Mata Ibu Arosbaya,5,alhamdulilah,1,positive,14
Wisata Aer Mata Ibu Arosbaya,5,sambang leluhur,1,positive,-1
Wisata Aer Mata Ibu Arosbaya,5,informasi akses mudah,1,positive,-1
Wisata Aer Mata Ibu Arosbaya,4,situs peninggalan sejarah terawat tempatnya adem airnya dingindaaan cocok wisata riligi,1,positive,-1
Wisata Aer Mata Ibu Arosbaya,5,yang singgah pengalaman yang indah yang singgah dicoba,1,positive,-1
Wisata Aer Mata Ibu Arosbaya,3,pengemis,0,negative,0
Wisata Aer Mata Ibu Arosbaya,5,mengenal sejarah kerajaan kerajaan fi tanah madura datanglah kesini,1,positive,-1
Wisata Aer Mata Ibu Arosbaya,5,wisata religi zaman kerajaan mojopahit,1,positive,3
Wisata Aer Mata Ibu Arosbaya,2,oke,0,positive,17
Wisata Aer Mata Ibu Arosbaya,5,kampung halaman yang bikin adem,1,positive,-1
Wisata Aer Mata Ibu Arosbaya,5,mantap religius,1,positive,8
Wisata Aer Mata Ibu Arosbaya,5,tempatnya bagus lokasi parkir luas,1,positive,15
Wisata Aer Mata Ibu Arosbaya,5,ziarah cagar budaya,1,positive,3
Wisata Aer Mata Ibu Arosbaya,5,alhamdulilah sampai makam ratu beliau paman bebuyutku,1,positive,1
Wisata Aer Mata Ibu Arosbaya,5,kampung halaman terbaik,1,positive,-1
Wisata Aer Mata Ibu Arosbaya,3,membantu mencari lokasi,0,positive,0
Wisata Aer Mata Ibu Arosbaya,5,rame bersih n orangx ramah,1,positive,-1
Wisata Aer Mata Ibu Arosbaya,5,wisata religi yang wajib dikunjungi,1,positive,3
Wisata Aer Mata Ibu Arosbaya,5,penuh semangat,1,positive,0
Wisata Aer Mata Ibu Arosbaya,5,kasih sayang,1,positive,0
Wisata Aer Mata Ibu Arosbaya,5,mengesankan,1,positive,-1
Wisata Aer Mata Ibu Arosbaya,5,gigihnya perjuangan,1,positive,0
Wisata Aer Mata Ibu Arosbaya,5,subhanallah,1,positive,-1
Wisata Aer Mata Ibu Arosbaya,4,lumayan ramai,1,positive,-1
Wisata Aer Mata Ibu Arosbaya,4,senang,1,positive,-1
Wisata Aer Mata Ibu Arosbaya,4,beli ikan tuna,1,positive,-1
Wisata Aer Mata Ibu Arosbaya,4,anak tanggalelah tapi terbayar ornamen ukiran nisan makam raja,1,positive,1
Wisata Aer Mata Ibu Arosbaya,5,seru,1,positive,-1
Wisata Aer Mata Ibu Arosbaya,5,makam santo,1,positive,1
Wisata Aer Mata Ibu Arosbaya,4,penataan parkirnya sip,1,positive,-1
Wisata Aer Mata Ibu Arosbaya,5,oke,1,positive,17
Wisata Aer Mata Ibu Arosbaya,5,murah meriah,1,positive,0
Wisata Aer Mata Ibu Arosbaya,4,sungguh mengagumkan,1,positive,-1
Wisata Aer Mata Ibu Arosbaya,4,keren sih cm pengemisnya bikin risih,1,positive,-1
Wisata Aer Mata Ibu Arosbaya,5,religius,1,positive,0
Wisata Aer Mata Ibu Arosbaya,5,bersejarah,1,positive,-1
Wisata Aer Mata Ibu Arosbaya,5,wisata bersejarah,1,positive,3
Wisata Aer Mata Ibu Arosbaya,5,mengajar santri,1,positive,0
Wisata Aer Mata Ibu Arosbaya,3,nagus sebenernya pengemisnya yang maksa,0,negative,-1
Wisata Aer Mata Ibu Arosbaya,4,tambang batu instagramable,1,positive,7
Wisata Aer Mata Ibu Arosbaya,4,wisata religi yang penuh sejarah kecamatan arosbaya kabupaten bangkalan jawa timur tapi sayang oknum masyarakat yang berprofesi sebagai pengemis tangga pintu kedatangan semoga jd tertib,1,positive,-1
Wisata Aer Mata Ibu Arosbaya,5,menyediakan miana indukan,1,positive,0
Wisata Aer Mata Ibu Arosbaya,5,mantap,1,positive,8
Wisata Aer Mata Ibu Arosbaya,5,jaga kesopanan jaga ziarah sholat masjid dibagian musholah dibagian sumber air harga terkini penjualan air lt,1,positive,1
Wisata Aer Mata Ibu Arosbaya,5,insyaallah mustajabnya doa,1,positive,1
Wisata Aer Mata Ibu Arosbaya,3,bagus tapi yang rawat,0,positive,0
Wisata Aer Mata Ibu Arosbaya,5,salah wisata madura,1,positive,3
Wisata Aer Mata Ibu Arosbaya,5,ziaroh,1,positive,-1
Wisata Aer Mata Ibu Arosbaya,5,mantap,1,positive,8
Wisata Aer Mata Ibu Arosbaya,5,traveller rohani,1,positive,0
Wisata Aer Mata Ibu Arosbaya,5,tamu wajib lapor,1,positive,0
Wisata Aer Mata Ibu Arosbaya,3,parkir bus sempit,0,negative,-1
Wisata Aer Mata Ibu Arosbaya,5,salah ziarah pulau madura wajib dikunjungi peziarah berziarah pulau madura lokasinya desa buduran arosbaya bangkalan pesarean keluarga kerajaan jamannya sejarahnya,1,positive,1
Wisata Aer Mata Ibu Arosbaya,5,alhmdulillah suka yang tidak suka bnyak yang uang jadi yang tidak prnah nya bgitu,1,positive,-1
Wisata Aer Mata Ibu Arosbaya,4,yang bagus dzikir menenangkan bathin,1,positive,-1
Wisata Aer Mata Ibu Arosbaya,3,bersih,0,positive,-1
Wisata Aer Mata Ibu Arosbaya,5,mengenang sejarah,1,positive,0
Wisata Aer Mata Ibu Arosbaya,4,makam raja,1,positive,1
Wisata Aer Mata Ibu Arosbaya,4,pengelolaan maqbarah yang mximal,1,positive,1
Wisata Aer Mata Ibu Arosbaya,5,tempatnya nyaman,1,positive,11
Wisata Aer Mata Ibu Arosbaya,5,tempatnya sejuk tapi sayang yang suka reseh mohon ditertibkan,1,positive,-1
Wisata Aer Mata Ibu Arosbaya,5,sejarah bangkalan,1,positive,3
Wisata Aer Mata Ibu Arosbaya,2,bagus,0,positive,4
Wisata Aer Mata Ibu Arosbaya,5,religi kisahnya terharu nyai syarifah ambami,1,positive,1
Wisata Aer Mata Ibu Arosbaya,5,yang layak ziarahi memgingat jasa wali allah kpd allah,1,positive,1
Wisata Aer Mata Ibu Arosbaya,3,makam makam aer mata,0,positive,1
Wisata Aer Mata Ibu Arosbaya,4,tempatnya terawat pecinta petis jual petis cobek harap berhatihati memegang uang membuka dompet tas pemintaminta agresif,1,negative,2
Wisata Aer Mata Ibu Arosbaya,3,tempatnya bagus wisata religi wisata sejarah foto bukit kapornya murah baguscuma jalannya yang perbaharui pas kesana jalanan yang rusak,0,positive,2
Wisata Aer Mata Ibu Arosbaya,4,orangny ramah sekali,1,positive,11
Wisata Aer Mata Ibu Arosbaya,5,indah,1,positive,0
Wisata Aer Mata Ibu Arosbaya,5,bagus,1,positive,4
Wisata Aer Mata Ibu Arosbaya,2,jalannya lebar yang rusak,0,negative,-1
Wisata Aer Mata Ibu Arosbaya,5,alhamdulilah bersihcumak pintu masuk hujan yang perhatikan,1,positive,-1
Wisata Aer Mata Ibu Arosbaya,5,bagus tempatnya,1,positive,0
Wisata Aer Mata Ibu Arosbaya,5,semoga barokah nya wali allah,1,positive,1
Wisata Aer Mata Ibu Arosbaya,5,rawat lestarikan sejarah,1,positive,0
Wisata Aer Mata Ibu Arosbaya,5,mendesah,1,positive,0
Wisata Aer Mata Ibu Arosbaya,3,risih pengemis anak orang dewasa,0,negative,5
Wisata Aer Mata Ibu Arosbaya,5,bagus,1,positive,4
Wisata Aer Mata Ibu Arosbaya,5,air mata,1,positive,0
Wisata Aer Mata Ibu Arosbaya,5,makam aer mata arosbaya bangkalan madura salah wisata religi dikunjungi ziarah auliyajuga sumber mata air yang diambil ambilnya olsh peziarah emping singkong khas madurarengginangdan yang khas buah kedondong yang rssanya maniswooowwbeda buah kedondong yang tumbuh ditempat,1,positive,1
Wisata Aer Mata Ibu Arosbaya,4,arusbaya madura,1,positive,3
Wisata Aer Mata Ibu Arosbaya,5,bagus tempatnya,1,positive,0
Wisata Aer Mata Ibu Arosbaya,5,bagus dikunjungi,1,positive,0
Wisata Aer Mata Ibu Arosbaya,5,tempatnya nyaman berdoa,1,positive,11
Wisata Aer Mata Ibu Arosbaya,5,sejuk damai,1,positive,16
Wisata Aer Mata Ibu Arosbaya,5,mohon cepat,1,positive,-1
Wisata Aer Mata Ibu Arosbaya,5,salah ziarah yang ramai dikunjungi,1,positive,3
Wisata Aer Mata Ibu Arosbaya,3,pemamdamgan alam indah renovasi,0,positive,-1
Wisata Aer Mata Ibu Arosbaya,3,pemgemis padahal kalau diliat yang bikin tidak nyaman mintanya maksa,0,negative,-1
Wisata Aer Mata Ibu Arosbaya,4,suasananya enak bukit gitu sejuk orang anakanak mintaminta mintamintanya maksa,1,positive,-1
Wisata Aer Mata Ibu Arosbaya,5,barok,1,positive,0
Wisata Aer Mata Ibu Arosbaya,2,pungli klw kasih nnt kebiasaan mendidik orang,0,negative,2
Wisata Aer Mata Ibu Arosbaya,5,salah yang rekom peziarah,1,positive,13
Wisata Aer Mata Ibu Arosbaya,3,jalannya mobil innova masuk city car bayangkan mobil turun sewa sepeda motor pemerintah daerah memperhatikan fasilitas pariwisata,0,negative,-1
Wisata Aer Mata Ibu Arosbaya,4,tidak rame seperti tapi yang,1,positive,-1
Wisata Aer Mata Ibu Arosbaya,5,wisata religi indah bagus salam masjid miftahul huda bendorejo kediri minggu des,1,positive,1
Wisata Aer Mata Ibu Arosbaya,4,petugas keamananharus menertipkan orang yang,1,positive,-1
Wisata Aer Mata Ibu Arosbaya,4,bagus,1,positive,4
Wisata Aer Mata Ibu Arosbaya,5,buju rato ebu,1,positive,-1
Wisata Aer Mata Ibu Arosbaya,5,situs peninggalan sejarah kanjeng ratu,1,positive,1
Wisata Aer Mata Ibu Arosbaya,5,bersih tempatnya,1,positive,0
Wisata Aer Mata Ibu Arosbaya,5,wisata religi yang wajib ziarahi kalau madura,1,positive,3
Wisata Aer Mata Ibu Arosbaya,4,bersih,1,positive,-1
Wisata Aer Mata Ibu Arosbaya,5,wisata religi madura,1,positive,3
Wisata Aer Mata Ibu Arosbaya,5,alhamdulilah nyaman ongguh,1,positive,0
Wisata Aer Mata Ibu Arosbaya,5,salah tmpat wisata religi yang madura,1,positive,3
Wisata Aer Mata Ibu Arosbaya,1,pengemisnya nyaman pengunjung,0,negative,0
Wisata Aer Mata Ibu Arosbaya,5,suasana sore,1,positive,3
Wisata Aer Mata Ibu Arosbaya,4,lokasinya mudah parkirnya bersih rapi,1,positive,-1
Wisata Aer Mata Ibu Arosbaya,5,bersih,1,positive,-1
Wisata Aer Mata Ibu Arosbaya,5,wisata religi kunjungi edukasi generasi muda khazanah sejarah pendahulu,1,positive,1
Wisata Aer Mata Ibu Arosbaya,5,yang relejius sekali,1,positive,0
Wisata Aer Mata Ibu Arosbaya,5,bersih nyaman,1,positive,0
Wisata Aer Mata Ibu Arosbaya,3,sayang kebersihannya,0,positive,-1
Wisata Aer Mata Ibu Arosbaya,5,perfek muhasabah,1,positive,-1
Wisata Aer Mata Ibu Arosbaya,5,ditempat makam raja leluhur orang madura,1,positive,1
Wisata Aer Mata Ibu Arosbaya,5,tempatnya bagus kerenuntuk yang suka foto dsini cocok bingiit,1,positive,-1
Wisata Aer Mata Ibu Arosbaya,5,ziarah syarifah ambami yang menurunkan raja pemimpin pulau madura,1,positive,1
Wisata Aer Mata Ibu Arosbaya,5,menyesap,1,positive,-1
Wisata Aer Mata Ibu Arosbaya,3,berziarahwisata religi lumayan bagus tapi disayangkan ulah peminta memaksa kalau dikasih memaksamengeroyok dikasih,0,negative,-1
Wisata Aer Mata Ibu Arosbaya,5,yang bersejarah,1,positive,-1
Wisata Aer Mata Ibu Arosbaya,4,okjalannya perbaiki,1,positive,0
Wisata Aer Mata Ibu Arosbaya,1,mohon tertipkan pengemisnya memaksa bikin nyaman ta i yee,0,negative,1
Wisata Aer Mata Ibu Arosbaya,5,auliya cemetery,1,positive,0
Wisata Aer Mata Ibu Arosbaya,3,parkiran nya sempit,0,negative,-1
Wisata Aer Mata Ibu Arosbaya,3,sih tempatnya sejuk nyaman aura sejarahnya yang disayangkan orang yang sedekah memaksa mohon dinsos mgkn bsa mengatasi,0,negative,-1
Wisata Aer Mata Ibu Arosbaya,3,melewati jalanan sempit perkampungan jalan masuknya melewati makamketika masukpemandangannya menakjubkan tiket parkir mobil rb htm rb,0,positive,-1
Wisata Aer Mata Ibu Arosbaya,4,perubahan bangunan,1,positive,0
Wisata Aer Mata Ibu Arosbaya,5,orang menyakiti,1,positive,0
Wisata Aer Mata Ibu Arosbaya,5,adem ayem,1,positive,16
Wisata Aer Mata Ibu Arosbaya,5,bawa uang pecahan rb atau rb jagajaga kalau bapakbapak warga lokal tiba beraksi tour guide dicuekin kasihan hahaha tiket masuk rb orang parkir standar laah es utuh rb,1,positive,2
Wisata Aer Mata Ibu Arosbaya,5,religi umat islam,1,positive,-1
Wisata Aer Mata Ibu Arosbaya,5,yang indahdisini manusia mencari jati diriyg ada qolbu,1,positive,1
Wisata Aer Mata Ibu Arosbaya,5,wisata religi bagus sayang pengurus memaksakan kehendak nya kemana ziarah tergantung ziarah kemana,1,positive,-1
Wisata Aer Mata Ibu Arosbaya,5,tempatnya bagus,1,positive,11
Wisata Aer Mata Ibu Arosbaya,5,wisata terkenal didunia,1,positive,3
Wisata Aer Mata Ibu Arosbaya,5,makam raja cakraningrat raja madura k,1,positive,1
Wisata Aer Mata Ibu Arosbaya,5,pesarean makam aer mata ebu aermata kecamatan arosbaya kabupaten bangkalan pulau madura bangkalan jaraknya km sejarahnya sarifah ambani ratu tinggal bertugas cakraningrat gelar bangsawan madura kolonial belanda raja sultan setingkat bupati lantas beliau memutuskan bertapa berdoa memohon tujuh turunannya takdirkan penguasa pemerintahan pulau madura lokasi pesarean aer mata ebu dipenuhi makam keluarganya keturunan,1,positive,1
Wisata Aer Mata Ibu Arosbaya,1,parah pengemisawal kasih pengemis pas turun pengemis tua ngikutin tidak nyaman takut malas ngasih ibunya tarik tarik baju sampai jambak kerudung malas wisata madura tidak aman,0,negative,2
Wisata Aer Mata Ibu Arosbaya,2,tempatnya indah sebenernya disayangkan peminta disana agresif sopan masak uang yang saku ditangan yang dibagikan sudah main rebut etika mengganggu ditertib mengganggu pengunjung,0,negative,-1
Wisata Aer Mata Ibu Arosbaya,1,bagus wisata realigi,0,positive,3
Wisata Aer Mata Ibu Arosbaya,4,membantu,1,positive,0
Wisata Aer Mata Ibu Arosbaya,5,bgs,1,positive,0
Wisata Aer Mata Ibu Arosbaya,4,reliji,1,positive,0
Wisata Aer Mata Ibu Arosbaya,5,wisata religi yang dikunjungi orang kota,1,positive,3
Wisata Aer Mata Ibu Arosbaya,5,bersihteraturindah pahatan batu di area makam penuh sejarahmsh terjaga,1,positive,1
Wisata Aer Mata Ibu Arosbaya,5,tempatnya sejuk,1,positive,11
Wisata Aer Mata Ibu Arosbaya,4,kemarin pas kesana malammalam letak sumbernya,1,positive,9
Wisata Aer Mata Ibu Arosbaya,4,wisata reale,1,positive,3
Wisata Aer Mata Ibu Arosbaya,5,mantap,1,positive,8
Wisata Aer Mata Ibu Arosbaya,3,sekali orang sampai teman ditariktarik,0,negative,5
Wisata Aer Mata Ibu Arosbaya,2,pengemusnya maksa,0,negative,0
Wisata Aer Mata Ibu Arosbaya,5,salah bersejarah makam kerajaan madura,1,positive,1
Wisata Aer Mata Ibu Arosbaya,3,peminta memaksasan tidak pergi dikasihapalagi anak kecinya kadanf biskalo larang orang tuanya yang tidak terimatoling pemerintah kotannya turun tangan menertibkannya,0,negative,-1
Wisata Aer Mata Ibu Arosbaya,5,mengesankan,1,positive,-1
Wisata Aer Mata Ibu Arosbaya,5,alhamdulilah,1,positive,14
Wisata Aer Mata Ibu Arosbaya,5,alhamdulilah,1,positive,14
Wisata Aer Mata Ibu Arosbaya,3,orang suka bawa uang keluarkan uang berartinpelit tapi biar kebiasaan warga disana anak,0,negative,-1
Wisata Aer Mata Ibu Arosbaya,4,religius,1,positive,0
Wisata Aer Mata Ibu Arosbaya,5,makam leluhur,1,positive,1
Wisata Aer Mata Ibu Arosbaya,5,titik bagus foto,1,positive,0
Wisata Aer Mata Ibu Arosbaya,5,bankalan madura masjit agung,1,positive,3
Wisata Aer Mata Ibu Arosbaya,4,wisata nglatih kaki untuk sampai keatas harus naikin puluhananak tangga,1,positive,2
Wisata Aer Mata Ibu Arosbaya,5,aubhanalloh,1,positive,-1
Wisata Aer Mata Ibu Arosbaya,1,hemmmmm terawat,0,negative,10
Wisata Aer Mata Ibu Arosbaya,2,bersejarahtp kecewa pengemis pengemis memaksa peziarah trauma ogah kesini pengemis ditertibkanmohon terkait tertibkan itupikir jangka panjangnya tertibkan pengemis pemaksa percaya bangkalan airmata rame,0,negative,-1
Wisata Aer Mata Ibu Arosbaya,5,sayang nyampe pas malam yang tidak sekali pengemisnya maksa sekali,1,positive,-1
Wisata Aer Mata Ibu Arosbaya,5,parkir luas dengan warung,1,positive,15
Wisata Aer Mata Ibu Arosbaya,3,bagus sejuk tapi pengemis memaksa,0,negative,0
Wisata Aer Mata Ibu Arosbaya,5,terlaluuuuuuuu pengemisssssnya memaksaaaa pulaaaa,1,positive,10
Wisata Aer Mata Ibu Arosbaya,3,tingkatkan kebersihan pelayanan air wudhu,0,negative,5
Wisata Aer Mata Ibu Arosbaya,2,aslinya bagus tempatnya tapi bnyak pengemis yang memaksa pegang tas za allah mohon tertibkan,0,negative,-1
Wisata Aer Mata Ibu Arosbaya,3,pengemisnya maksa,0,negative,0
Wisata Aer Mata Ibu Arosbaya,4,buah lokal mangga sawo salak bermutu bagus harga murah oke sekali,1,positive,-1
Wisata Aer Mata Ibu Arosbaya,4,posisi yang,1,positive,0
Wisata Aer Mata Ibu Arosbaya,4,bagusindah ademnyaman,1,positive,0
Wisata Aer Mata Ibu Arosbaya,5,ziarah orangorang kudus,1,positive,1
Wisata Aer Mata Ibu Arosbaya,5,madura,1,positive,3
Wisata Aer Mata Ibu Arosbaya,2,pengemisnya maksa peziarah,0,negative,5
Wisata Aer Mata Ibu Arosbaya,5,wisata religi,1,positive,3
Wisata Aer Mata Ibu Arosbaya,3,wisata religi yang terkadang tidak kunjungi lumayan bagus,0,negative,3
Wisata Aer Mata Ibu Arosbaya,5,x kesini ndak foto,1,positive,-1
Wisata Aer Mata Ibu Arosbaya,5,wisata religi penuh sejarah cerita kolosal maayarakat yang ada pulau madura membangkitkan cinta tnah air qt kpda bngsa negara ketaqwaan qta kpd allah azawazala,1,positive,1
Wisata Aer Mata Ibu Arosbaya,4,pengemisnya saran kesana amal mending masukin kotak amalnya saja ngasih pengemisnya kalau yang dikasih berebut saudara ngalamin sampai tali tasnya putus gara ditarik enak dateng aermata malam saja pengemisnya tidak pagi siang,1,positive,2
Wisata Aer Mata Ibu Arosbaya,5,bagus,1,positive,4
Wisata Aer Mata Ibu Arosbaya,3,tolong instansi terkait jajaran manapunpengunjung peziarah mengeluh pengemis memaksa memintamintanya sungguh nyaman peziarah,0,negative,-1
Wisata Aer Mata Ibu Arosbaya,3,peminta menakut klu sedekah sampai kejar dari ats dari ats ksh takut bukak tas ambil uang takut klu nya,0,negative,2
Wisata Aer Mata Ibu Arosbaya,2,pengemis,0,negative,0
Wisata Aer Mata Ibu Arosbaya,5,wisata kerajaan,1,positive,3
Wisata Aer Mata Ibu Arosbaya,5,bagus,1,positive,4
Wisata Aer Mata Ibu Arosbaya,3,senang susana hanya peminta tertib terkesan kumuh mohon tertibkan,0,negative,-1
Wisata Aer Mata Ibu Arosbaya,3,sempit,0,negative,0
Wisata Aer Mata Ibu Arosbaya,4,wisata yang asyik foto,1,positive,3
Wisata Aer Mata Ibu Arosbaya,3,orang bertemu pengemis jalan pengemis pengemis menghampiri baiknya perilaku pengemis memintamintanya cenderung memaksa peziarah trauma mohon pengelola menanggulangi pasarean aer mata salah aset budaya bangkalan,0,negative,-1
Wisata Aer Mata Ibu Arosbaya,4,tempatnya bersih khusuk berdoanya,1,positive,1
Wisata Aer Mata Ibu Arosbaya,5,wisata religi yang bagus yang memaksa,1,positive,3
Wisata Aer Mata Ibu Arosbaya,5,bagus bukit kapurnya aermatanya naiknya sekali,1,positive,9
Wisata Aer Mata Ibu Arosbaya,4,kursng bersih,1,positive,-1
Wisata Aer Mata Ibu Arosbaya,5,madura,1,positive,3
Wisata Aer Mata Ibu Arosbaya,5,nyaman,1,positive,-1
Wisata Aer Mata Ibu Arosbaya,5,wisata religi terletak kecamatan arosbaya bangkalan madura,1,positive,3
Wisata Aer Mata Ibu Arosbaya,3,semoga bersih kedepannya,0,positive,1
Wisata Aer Mata Ibu Arosbaya,1,awalx air mata cobankolam atw yang berhubungan dengan mata airternyata salahwisata aer mata makam yang bikin tidak nyaman lgdisana dari pengemisyg kalau sedekah suka memaksasaya jd traumawaktu bertiga,0,negative,2
Wisata Aer Mata Ibu Arosbaya,3,ziarah sediakan uang anak mintaminta,0,negative,5
Wisata Aer Mata Ibu Arosbaya,5,salah ziaroh madura,1,positive,3
Wisata Aer Mata Ibu Arosbaya,1,wisata orang piknik,0,positive,3
Wisata Aer Mata Ibu Arosbaya,5,aku bagus,1,positive,4
Wisata Aer Mata Ibu Arosbaya,5,bagus sejuk,1,positive,0
Wisata Aer Mata Ibu Arosbaya,5,sentuhan pemerintah,1,positive,0
Wisata Aer Mata Ibu Arosbaya,5,tenang tenang,1,positive,16
Wisata Aer Mata Ibu Arosbaya,5,salah maqbaroh sesepuh bangkalan berperan kebangkitan kota bangkalan kejayaa,1,positive,1
Wisata Aer Mata Ibu Arosbaya,5,berziarah,1,positive,1
Wisata Aer Mata Ibu Arosbaya,3,mengenal leluhur kerajaan madura sediakan uang pemintaminta,0,negative,1
Wisata Aer Mata Ibu Arosbaya,5,bersejarah,1,positive,-1
Wisata Aer Mata Ibu Arosbaya,5,mencari barokah,1,positive,1
Wisata Aer Mata Ibu Arosbaya,5,oke,1,positive,17
Wisata Aer Mata Ibu Arosbaya,1,bayar nya terus anak memaksa kasih anak teman nya langsung dtg kamar mandi minim fasilitas kebersihan rekomended,0,negative,2
Wisata Aer Mata Ibu Arosbaya,5,tempatnya bagus sekali,1,positive,11
Wisata Aer Mata Ibu Arosbaya,1,religius bagus sayangkan religius yang sebagus kotori olh nya peminta mengganggu pengunjung mohon perhatian penertiban,0,negative,-1
Wisata Aer Mata Ibu Arosbaya,5,mistis,1,positive,-1
Wisata Aer Mata Ibu Arosbaya,5,view yang bagus panorama alam,1,positive,-1
Wisata Aer Mata Ibu Arosbaya,5,ber ziarah,1,positive,-1
Wisata Aer Mata Ibu Arosbaya,5,kawasan religi aermata,1,positive,3
Wisata Aer Mata Ibu Arosbaya,5,wisata religi yang ckup bersih,1,positive,3
Wisata Aer Mata Ibu Arosbaya,4,bagus menambah wawasan sejarah islam nusantara,1,positive,1
Wisata Aer Mata Ibu Arosbaya,5,wisata religi,1,positive,3
Wisata Aer Mata Ibu Arosbaya,5,sahabat sy tepatnya makan cakraningratraden jurit bangkalan sebelah yaaa,1,positive,-1
Wisata Aer Mata Ibu Arosbaya,2,anak dikasih merengek rengek mohon ditertibkan,0,negative,-1
Wisata Aer Mata Ibu Arosbaya,4,lumayan,1,positive,-1
Wisata Aer Mata Ibu Arosbaya,5,sakral,1,positive,0
Wisata Aer Mata Ibu Arosbaya,4,alhamdulilah menyentuh kalbu,1,positive,14
Wisata Aer Mata Ibu Arosbaya,1,regelius,0,positive,0
Wisata Aer Mata Ibu Arosbaya,5,makam air mata desa buduran kecamatan arosbaya kabupaten bangkalan berjarak km kota bangkalan gerbang masuk pulau madura rato wanita bernama sarifah ambani wanita keturunan sunan giri istri taat patuh mencintai suaminya raja cakraningrat raja cakraningrat raja dihormati diagungkan masyarakat madura raja cakraningrat memimpin madura perintah sultan agung mataram,1,positive,1
Wisata Aer Mata Ibu Arosbaya,5,situs bersejarah wajib di kunjungi tapi sekali yang,1,positive,3
Wisata Aer Mata Ibu Arosbaya,5,religi sampang madura,1,positive,3
Wisata Aer Mata Ibu Arosbaya,5,makam rato ebuh kompleks pemakaman bangsawan kerajaan madura dimana bangsawan merupukan keluarga kerajaan keturunan raja kerajaan majapahit keturunan sunan giri ciru khas ukiran batu nisan majapahit bernuansa demak jawa sumber mata air dinamakan sumber mata air,1,positive,1
Wisata Aer Mata Ibu Arosbaya,5,wisata religi wisata,1,positive,3
Wisata Aer Mata Ibu Arosbaya,4,banyak orang,1,positive,0
Wisata Aer Mata Ibu Arosbaya,5,wisata islami yang indah sejuk rapi,1,positive,3
Wisata Aer Mata Ibu Arosbaya,2,bagus,0,positive,4
Wisata Aer Mata Ibu Arosbaya,5,nyaman,1,positive,-1
Wisata Aer Mata Ibu Arosbaya,5,makam tuhan,1,positive,1
Wisata Aer Mata Ibu Arosbaya,4,salah destinasi wisata religi bangkalan sumber air mata ibutempat parkir luas motormobil akses lumayan mudah lokasi penjual buahbuahancilokpentoldll memasuki area makam tangga area makam pemintaminta menunggu orang area makam sampai area parkir gigih,1,positive,1
Wisata Aer Mata Ibu Arosbaya,5,damai,1,positive,0
Wisata Aer Mata Ibu Arosbaya,5,pemandangan indah hanya medan sempit mobil masuk bergantian,1,positive,-1
Wisata Aer Mata Ibu Arosbaya,5,tempatnya sejukalami sekalisayang peminta masih banyak jalan pemakaman,1,positive,-1
Wisata Aer Mata Ibu Arosbaya,3,lumaayan,0,positive,0
Wisata Aer Mata Ibu Arosbaya,4,lokasi anak tangga area menjual mangga harga murah rombongan membeli buah mangga lokasi beraspal mangga menjual sawo cilok bakso tersedia toilet area,1,positive,-1
Wisata Aer Mata Ibu Arosbaya,5,petunjuk google maps cuma parkirnya susah cz simpangan parkir bis,1,negative,-1
Wisata Aer Mata Ibu Arosbaya,5,makam kuno penguasa pulau madura kabupaten bangkalan kekuasaan kerajaan mataram mengakses mengambil jalan utama utara pulau madura mudah silakan arah utara pusat kota kabupaten bangkalan hatihati kompleks penduduk uang disumbangkan bebas memilih mengabaikannya rupiah,1,positive,1
Wisata Aer Mata Ibu Arosbaya,5,tempatnya menakjubkan,1,positive,11
Wisata Aer Mata Ibu Arosbaya,3,pengemis maksa,0,negative,0
Wisata Aer Mata Ibu Arosbaya,4,bersih nyaman pengemis,1,positive,0
Wisata Aer Mata Ibu Arosbaya,1,tempatnya bagus makamada penjual minyak wangi suka pengemisnya sangat resek pemrentah tolonglah berdayakan kasih modal jualan area ngemis sih khususon makam pengemisnya sangat reseeekkkk,0,negative,2
Wisata Aer Mata Ibu Arosbaya,5,wisata bangkalan makam islam kuno sumur kehidupan orang pengunjung awet muda bersedekah harap berhati hati jalan lokasi parkiran pemintaminta berebut himbauan pemintaminta masuk lokasi suasana hening memanjatkan doa ukiran makam terkesan kuno,1,positive,-1
Wisata Aer Mata Ibu Arosbaya,4,minum raop wisata religi aer mata,1,positive,-1
Wisata Aer Mata Ibu Arosbaya,5,sejarah,1,positive,-1
Wisata Aer Mata Ibu Arosbaya,5,wisata religi penuh makna menyejukkan hati,1,positive,3
Wisata Aer Mata Ibu Arosbaya,5,wisata religi bersejarah,1,positive,3
Wisata Aer Mata Ibu Arosbaya,5,wisata religius bernuansa kerajaan,1,positive,3
Wisata Aer Mata Ibu Arosbaya,5,religi aermata,1,positive,0
Wisata Aer Mata Ibu Arosbaya,5,pemakamanpesarean,1,positive,-1
Wisata Aer Mata Ibu Arosbaya,5,kali air matanya,1,positive,0
Wisata Aer Mata Ibu Arosbaya,4,bagus,1,positive,4
Wisata Aer Mata Ibu Arosbaya,1,menyayangkan nya pengemis memaksa beramai ramai kapok kesana,0,negative,5
Wisata Aer Mata Ibu Arosbaya,5,indah tentram damai,1,positive,0
Wisata Aer Mata Ibu Arosbaya,5,wisata religi terbaik madura tambah wisata batu menjulang ala amerika,1,positive,3
Wisata Aer Mata Ibu Arosbaya,5,tempatnya tenang damai,1,positive,11
Wisata Aer Mata Ibu Arosbaya,5,wisata religius,1,positive,3
Wisata Aer Mata Ibu Arosbaya,5,wisata religi menarik,1,positive,3
Wisata Aer Mata Ibu Arosbaya,5,bersih nyaman,1,positive,0
Wisata Aer Mata Ibu Arosbaya,5,pilih kanan,1,positive,-1
Wisata Aer Mata Ibu Arosbaya,5,wisata riligi yang sngat bersejarah,1,positive,3
Wisata Aer Mata Ibu Arosbaya,5,terganggu orang yang memaksa,1,positive,5
Wisata Aer Mata Ibu Arosbaya,5,bagus pengemis,1,positive,0
Wisata Aer Mata Ibu Arosbaya,3,bagus,0,positive,4
Wisata Aer Mata Ibu Arosbaya,5,keluarga pemandangannya indah,1,positive,12
Wisata Aer Mata Ibu Arosbaya,4,damai masjidnya renovasi dipakai,1,positive,1
Wisata Aer Mata Ibu Arosbaya,5,rame pengunjung,1,positive,-1
Wisata Aer Mata Ibu Arosbaya,5,makam raja bangkalan,1,positive,1
Wisata Aer Mata Ibu Arosbaya,5,sediakan uang receh shodaqoh,1,positive,5
Wisata Aer Mata Ibu Arosbaya,5,bagus,1,positive,4
Wisata Bukit Jaddhih,1,kecewa bangttt,0,negative,10
Wisata Bukit Jaddhih,5,bukit jaddih lokasinya madura jawa timur bukit jaddih bukit unik destinasi wisata populer keindahan alamnya keindahan bukit jaddih bukit kapur unik menarik pemandangan indah luas fotografi menarik latar bukit kapur aktivitas jelajahi bukit berjalan kaki piknik area disediakan fotografi latar bukit unik bukit jaddih destinasi wisata ideal menikmati keindahan alam unik,1,positive,2
Wisata Bukit Jaddhih,1,pungutan liar jalan begal curanmor,0,negative,5
Wisata Bukit Jaddhih,5,wisata alam unik tambang batu kapur putih beroperasi akses jalan lokasi rusak hatihati biaya parkir kendaraan mobil tiket masuk orang tambahan biaya seikhlasnya tip warga lokal bantu wisatawan keliling area bukit jaddih mendokumentasikan pakai hp masingmasing wisatawan ditemani kakak ahsan jago foto semoga pemerintah kota memperhatikan potensi wisata bukit jaddih eksis terawat hehehe,1,positive,2
Wisata Bukit Jaddhih,5,seru sekali tidak nyangka pas kesana nyata sepi sekali tidak pengunjung berdua teman,1,positive,-1
Wisata Bukit Jaddhih,5,kesana bagus wisatanya,1,positive,-1
Wisata Bukit Jaddhih,5,tempatnya keren namanya kakak hasan warlok tukang ambil foto video pro nya,1,positive,0
Wisata Bukit Jaddhih,5,cak hasan oke sekali untuk ambil vidio foto nentuin titik bagus,1,positive,0
Wisata Bukit Jaddhih,1,saja bayarnya mahal tukang parkirnya tidur ngejar pakai motor uang parkir jalanannya jelek pemandangannya ya standar saja bebatuan jalan masuk diikuti seperti tour guide gitu ngintilin sudah tidak ngapangapain,0,negative,2
Wisata Bukit Jaddhih,2,bayar mobil escort masuk area bukit kapur wisata foto pas pulang kaget disuruh bayar orang ribu pendapat sih menjebak yah anyway viewnya berbeda terkesan sepi juha,0,negative,2
Wisata Bukit Jaddhih,1,sepi tidak ada apanya,0,negative,-1
Wisata Bukit Jaddhih,2,terawat,0,negative,-1
Wisata Bukit Jaddhih,5,nyaman dingin pagi,1,positive,-1
Wisata Bukit Jaddhih,3,sesuai ekspektasi,0,negative,-1
Wisata Bukit Jaddhih,3,desinasi alami yang wow sayang terawat warga pemangku jabatan sepat untuk perbaiki untuk peningkatan perekonomian warga,0,positive,-1
Wisata Bukit Jaddhih,5,indah megah diselesaikan air danau berwarna biru kehijauan batu kapur pantulan cahaya air pemandangan indah satusatunya diwaspadai penduduk bertindak pemandu wisata berusaha berbicara mengambil gambar tip mengganggu bagus jalanjalan,1,positive,2
Wisata Bukit Jaddhih,5,bagus pesonanya suka bangeet suasana alam yang asri seperti bangunan komersil modern kalau sy suka bangunan asli zaman belandanya itu artistik gaet dibangun zaman belanda sy suka natural tapi bersih dirawat jangan dirubah dengan bentuk seperti vila sejenis penginapan hotel gitu deh keaslian artistiknya hilang sy juga suka dengan jl aga adventure gitu seru lanjut liburan ajak ibu family kerabat kesini deh,1,positive,2
Wisata Bukit Jaddhih,5,lokasinya instagramable dipoles exotis jalan lokasi penunjuk arah lokasi jalan utama,1,positive,-1
Wisata Bukit Jaddhih,3,kesini air nya kering akses jalan masuk perbaiki berdebu musim panas bekas tambang batu kapur,0,negative,-1
Wisata Bukit Jaddhih,1,kesini deh tempatnya sudah berantakan terurus pungli sayang karena masih nampak sisa kejayaannya,0,negative,2
Wisata Bukit Jaddhih,5,pagi sore yang explore lokasi,1,positive,3
Wisata Bukit Jaddhih,5,tempatnya indah hidden gem akses sulit melewati jalan yang tertutup lumpur pasir semacamnya batal aksesnya mantap indah sekali sayangnya kesana siang bolong menikmati panas baiknya pagi sore nyaman,1,positive,2
Wisata Bukit Jaddhih,5,indah takut sekali berdiri pinggir jurang nya gemetar,1,positive,-1
Wisata Bukit Jaddhih,5,wahana edukasi menjaga lingkungan kelestarian alam,1,positive,3
Wisata Bukit Jaddhih,2,pengalaman terburuk perampokan ringan,0,positive,-1
Wisata Bukit Jaddhih,2,bagus sayang terawat,0,positive,0
Wisata Bukit Jaddhih,5,apapun cerita orang klu tidak membuktikan silahkan yang blm berkunjung buktikan betapa sensasionalnya ciptaan tuhan,1,positive,-1
Wisata Bukit Jaddhih,1,akses masuk jalannya rusak toilet rusak smua bayar tiket sampai x mahal tapi tidak orthed,0,negative,2
Wisata Bukit Jaddhih,5,lokasinya indah bagus,1,positive,11
Wisata Bukit Jaddhih,1,jalannya terawat kalau jadikan wisata jalan msuknya perhatikan terus punglii mengecewakan,0,negative,-1
Wisata Bukit Jaddhih,4,kesini pas ramenya sekarang sepi airnya kering suasananya bagus dramatis angle,1,positive,-1
Wisata Bukit Jaddhih,4,masyaalloh tabarakallah sampai keaini thn tinggal sini jd kemarin kesinii tiket rb mobil jasa foto professional juga kalau sewa karena rada ngerii jd tidak sampai puncaknyaa masyaalloh viewnya seperti bali gwk sih hanya curam sekali seperti ini karena pengamannya jd gda pager gitu takut liatnya ngerii curam but jadi far its jadi beautiful view i ever seen before kerenn jadi cool amazing kesiniii biar cerita wisatanya teman,1,positive,2
Wisata Bukit Jaddhih,4,bukit tambang kapur dimanfaatkan tambang dimanfaatkan wisata lokasi luas cocok foto foto tema outdoor cari titik mobil offroad lokasi wisata sepi ramai tiket masuk mobil masuk kawasan foto dikenakan biaya orang,1,positive,2
Wisata Bukit Jaddhih,4,wisata tambang kapur yang bedaviewnya ok sekali jalan lokasi diperbaiki pungli nya tolong dikurangi,1,negative,-1
Wisata Bukit Jaddhih,5,lokasi,1,positive,0
Wisata Bukit Jaddhih,4,bagus hanya terawat,1,positive,0
Wisata Bukit Jaddhih,4,penambangan bukit kapur goa buatan,1,positive,7
Wisata Bukit Jaddhih,4,wisata tambang batu kapur yang bagus,1,positive,7
Wisata Bukit Jaddhih,5,panas debu sih seru saja pengalaman fotofoto,1,positive,-1
Wisata Bukit Jaddhih,3,puwwwanaasssss memadai wisata pemda aware menghasilkan sektor wisata,0,negative,5
Wisata Bukit Jaddhih,5,destinasi wisata anti mainstream madura tambang kapur disulap objek wisata proses renovasi sepiii gersang panasnya paling sekali makan sekedar santai kalau mampir cari kakak jufri deh beliau jago sekali bantu bikin foto video ala profesional lupa kasih tip seikhlasnya nikmat your vacation,1,positive,2
Wisata Bukit Jaddhih,3,main kemari jelek tempatnya jalannya rusak parah wisatanya terawat tiket masuk sepedamontor orang,0,negative,2
Wisata Bukit Jaddhih,5,kali bagus foto pakai guide bantu foto patok harga kasih musim hujan coba bagus,1,positive,2
Wisata Bukit Jaddhih,2,tempatnya sih tidak bad punglinya merajalela tolong lahhh,0,negative,-1
Wisata Bukit Jaddhih,4,jalan masuknya bagus panas sekali,1,positive,6
Wisata Bukit Jaddhih,4,parkiran luas mushola kamar mandi terletak jalan masuk lokasi perahu getek warung kopi pungli x bayar tiket,1,positive,2
Wisata Bukit Jaddhih,1,ngumpulnya jamet madura maklum mreka gda tmpt,0,positive,-1
Wisata Bukit Jaddhih,5,menakjubkan aku batubatu bangunan diambil skenarionya menakjubkan sunyi liar tinggal berjamjam berjalan mendaki sekeliling sudut pandang berbeda kacamata hitam pelindung kulit topi sinar matahari terik sepatu trekking remehkan tempatnya mudah terjatuh merasakan kekuatan alam membiarkan fantasi bebas membayangkan dunia indah batu tembok raksasa benarbenar,1,positive,2
Wisata Bukit Jaddhih,5,memercayai,1,positive,1
Wisata Bukit Jaddhih,5,baik place orangnya si jangan lupa kasih tip tiket masuk mobil k trz perorg k,1,positive,-1
Wisata Bukit Jaddhih,5,bekas penambangan kapur pasif beberapa titik foto bagus tolong warga lokal membantu tour guide juru foto mennujukkan titik nya terimakasih cak roos membantu sesi foto dadakan kunjungan ini menyenangkan,1,positive,2
Wisata Bukit Jaddhih,4,titik foto menarik guide foto menawarkan berfoto,1,positive,0
Wisata Bukit Jaddhih,5,bukit jaddih bekas tambang yang dijadikan wisata surabaya sepeda pancal ditempuh jam sepeda kena biaya parkir biaya tiket masuk kalau siang suasananya panas cocok dikunjungi pagi sore kesana minim sekali warung wisata gambarannya seperti batu kapur perbukitan pantai pandawa bali daerah bali selatan,1,positive,2
Wisata Bukit Jaddhih,5,bukit jaddih desa jaddih kecamatan socah kabupaten bangkalan pulau madura provinsi jawa timur bukit kawasan penambangan batu kapur dijadikan objek wisata objek wisata menawarkan panorama indah tebing danau penambangan kapur aktivitas wisata outbond aswin nobby susanto,1,positive,2
Wisata Bukit Jaddhih,4,potensi yang bagus tuk dikembangkan dibangkikan haji pemilik kawasan semoga rezwkinya berlimpah barokah,1,positive,1
Wisata Bukit Jaddhih,4,lokasinya pulau madura kabupaten bangkalan viewnya menarik area penambangan kapur yang sebagiannya aktif ditambang terowongan yang terhubung masuk terowongan titik menarik untuk berfoto pengelolaan pemeliharaan yang aset wisata daerah berkontribusi menggerakkan ekonomi masyarakat akses jalan masuk diperbaiki keamanan berkendara wisatawan yang,1,positive,2
Wisata Bukit Jaddhih,5,kali bukit jaddihkali explore ditemani kakak photografer lokal,1,positive,-1
Wisata Bukit Jaddhih,1,pulang kebegal,0,negative,13
Wisata Bukit Jaddhih,5,musim kemarau kondisi jalan ideal avanza reguler mobil bertahan perjalanan beruntung jalan beraspal km lokasi bayar rb parkir rb berjalan mengelilinginya truk peralatan penggalian pos jaga pemandupenjaga ramah kapurbatu kapur terbuka habis pakainya memiliki citacita homestaytaman airfoto dsb sebanding nilainya situs geowisata menarik fotofoto memperjelasnya,1,positive,2
Wisata Bukit Jaddhih,5,bagus,1,positive,4
Wisata Bukit Jaddhih,5,uenaak,1,positive,10
Wisata Bukit Jaddhih,4,kereennn,1,positive,10
Wisata Bukit Jaddhih,1,aktifitas penambangan sudah sepiiii sekali tidak pengunjung bayar ribu masuk area bukit jaddih nyesel karena tidak,0,negative,2
Wisata Bukit Jaddhih,5,tempatnya keren sekali orang game rpg sejujurnya menyukai keren jalan buruk sepeda motor tua punggung pantat pegal sepadan,1,positive,2
Wisata Bukit Jaddhih,3,dimanage ya akses masuk susah hati kendaraan pendek berteduh petugas menemani dibantu ngambilin foto pintar teknik fotonya hafal titik foto bagus,0,negative,2
Wisata Bukit Jaddhih,5,exploitasi alam wisata terbengkalai sepi pengunjung vibes peninggalan zaman purbakala disayangkan akses bus kesulitan,1,positive,-1
Wisata Bukit Jaddhih,5,bukit jaddih sejatinya tambang kapur uniknya pertambangan alat berat truk berlalulalang mengangkut batu kapur bukit jaddih susah surabaya melewati jembatan suramadu langsung aplikasi pencari arah letaknya gampang dicari waspada jalan bukit jaddih terhitung sempit titik berlubang butuh menit jembatan suramadu bukit jaddih membayar rp parkir mobil rp orang masuk lokasi dikelilingi temboktembok bukit kapur terpahat cerahnya langit kombinasi serasi takut kedalaman air danau ratarata sentimeter cm,1,positive,2
Wisata Bukit Jaddhih,5,eksotiktp ksna butuh perjuangan hati,1,positive,5
Wisata Bukit Jaddhih,4,keajaiban dunia,1,positive,-1
Wisata Bukit Jaddhih,5,wisata indah menjafi banggaan indonesia,1,positive,3
Wisata Bukit Jaddhih,5,bagus tempatnya foto foto tiket masuk,1,positive,-1
Wisata Bukit Jaddhih,5,bagus view nya kesan tersendiri,1,positive,-1
Wisata Bukit Jaddhih,5,tambang batu kapur tujuan wisata biaya masuknya rp mobil jalannya buruk pemandangannya menakjubkan pemandu pergi rendah dikenakan biaya rp sepadan perjalanannya cuacanya bagus hujan licin aku toiletnya aku genangan air berwarna mengerjakannya kemiringannya curam mobil,1,negative,2
Wisata Bukit Jaddhih,1,b saja,0,negative,0
Wisata Bukit Jaddhih,5,nya bagus foto latar batu kapur,1,positive,-1
Wisata Bukit Jaddhih,4,harga rp salah,1,positive,0
Wisata Bukit Jaddhih,5,indah pemandangan,1,positive,12
Wisata Bukit Jaddhih,5,tempatnya keren jalan terakhirnya jelek,1,positive,6
Wisata Bukit Jaddhih,1,penuh pungli masuk bayar kali gila,0,negative,5
Wisata Bukit Jaddhih,2,wisata terurus,0,negative,3
Wisata Bukit Jaddhih,5,tempatnya bagus pemandangannya bagus anjay,1,positive,6
Wisata Bukit Jaddhih,4,sepi kolam renangnya buka,1,positive,6
Wisata Bukit Jaddhih,4,akses jalan bergelombang tempatnya unik terbelakang pemandu lokal berbagi sejarah perkembangan layak dikunjungi,1,positive,2
Wisata Bukit Jaddhih,5,alami jalannya lumayan mobil bisa masukpemandunya ramah,1,positive,6
Wisata Bukit Jaddhih,4,perbukitan kapur beroperasional dibentuk sengaja ruang ruang wisata sayangnya fasilitas tersedia signage sulit memahami wilayah,1,positive,2
Wisata Bukit Jaddhih,4,bagus sihh view nya sekali bayar bayar,1,positive,-1
Wisata Bukit Jaddhih,4,baik place untuk sightseeing dan taking pictures indeed an instragamable places ragu rutenya bagus jalan nya batu nyasar jalan ditutup disana dibantu kakak maksum local guide ambil foto angle hasil foto bagus sebuah titik adalah if kamu want ke get a baik picture it wont hurt ke get bantu from sebuah local guide jadi your trip sini akan be sangat much worth,1,positive,2
Wisata Bukit Jaddhih,1,rekom kesini penambangan batu kapur wisata pungli jagan menyesal,0,negative,2
Wisata Bukit Jaddhih,5,tambang batu kapur,1,positive,7
Wisata Bukit Jaddhih,2,oke,0,positive,17
Wisata Bukit Jaddhih,5,seruuuuu,1,positive,10
Wisata Bukit Jaddhih,3,wisata sederhana dikelola sederhana,0,negative,3
Wisata Bukit Jaddhih,1,ulasan kali berkunjung periode viral era corona membaca ulasan mengharapkan jeddih indah mengunjunginya urungkan niat coba cari destinasi wisata jeddih seindah jeddih diawal viral ditahun jeddih hancur terawat pungli jeddih berbeda kenal batuan kapur indah area perbukitannya ditumbuhi rumput pepohonan hijau lenyap tersisa sedikitpun indah ditempat kehancuran pungli semoga madura menawarkan destinasi wisata memorable,0,negative,2
Wisata Bukit Jaddhih,3,mengunjungi tergoda foto instagram bukit jaddhih yang bagus foto tersebut menipu bukit jaddhih seindah foto yang instagram,0,negative,2
Wisata Bukit Jaddhih,3,sayang should punya been tahun ke build this place sekarang abandoned tourists attraction alternatively uji nyali sampai eerienya,0,negative,2
Wisata Bukit Jaddhih,1,tempatnya jelek sekai terawat punglinya hehe karcis masuk karena bayar x yang rb masuk area parkir perorang rbini yang tidak karcisnya mending jangan kesini lagi deh jalannya jelek area potonya juga sudah berkurang fyi kesini masih bagus titik foto danau masih airnya bagus perahunya sekarang tidak masuk goa ya takut ayo dirawat lagi ntr tambahi bintangnya,0,negative,2
Wisata Bukit Jaddhih,5,ya alhamdulilah bagus sekali pemandangannya tuk hilling teman seperjuangan alumni,1,positive,-1
Wisata Bukit Jaddhih,3,good view dan guide dengan good price good orang semoga kedepannya continually improvement harga murah ruangan indoor ber ac penjual pembeli kepanasan amin,0,positive,2
Wisata Bukit Jaddhih,4,bagus sih ya gitu habis bayar pintu masuk meter loket wkwk akses toilet saja yang kondisinya bukit,1,positive,2
Wisata Bukit Jaddhih,5,supir amanah rewelbisa diajak negosiasi,1,positive,-1
Wisata Bukit Jaddhih,3,kebanyakan pungli transport kesana sulit transportasi yang kesana karena orang bilang disana daerah rawan sewa kendaraan angkutan brangkat pulang dengan tarif yang mahal sayang pemandangan bagus instagramable tapi lingkungan tidak mendukung perbaikan jalan juga,0,negative,2
Wisata Bukit Jaddhih,5,tukang fotonya ya disana,1,positive,0
Wisata Bukit Jaddhih,5,titik foto yang abrakadarba awesome luas titik fotonya banding,1,positive,0
Wisata Bukit Jaddhih,4,kesini nonton konten kreator tt rute kearah pilih rute medan jalan disana benarbenar susah cocok pakai mobil x bukit kapur hawanya panas terik sekali warung pondok pesantren haus lapar kesana penjualnya ramah sebisa bawa perbekalan kesana jam kerja sepi sekali leluasa mencari titik foto hatihati pagar penghalang jatuh kebawah ceroboh berkunjung kesana musim kemarau siapsiap topi kacamata panas sekali terik,1,positive,2
Wisata Bukit Jaddhih,5,sepi sekali danau buatannya kering,1,positive,9
Wisata Bukit Jaddhih,5,tempatnya bagus tour gate nya ramah sopan penjual makanan ramah harga dengan luaran,1,positive,-1
Wisata Bukit Jaddhih,5,salah bukit kapur cantik dialihkan wisata berlokasi bangkalan pulau madura,1,positive,3
Wisata Bukit Jaddhih,5,nya bagus instagramable papan petunjuk arah nya parkir mobil parkir masuk lokasi orang anak usia bayar air danau kering seperti youtube,1,positive,2
Wisata Bukit Jaddhih,1,jalan masuk lokasi susahnya mnt ampun,0,negative,6
Wisata Bukit Jaddhih,5,pas kerja sepi sy pas siang jam an cuaca pasmusimpanas panas berdebu masyaallah indah sekali nya senang perjalana jam surabaya hanagn lupa mampir batik tukis bebek sinjay,1,positive,2
Wisata Bukit Jaddhih,2,akses lokasi jalan bergelombang penuhi debu kapur lokasinya bagus,0,negative,-1
Wisata Bukit Jaddhih,5,eks lokasi tmbang alam yang mnakjubkan syangnya sdh tidak terkelola tidak fasilitas apapun dsini wisatawan entrance kcar ddlm lagi masuk k jangan kwtir ddlm masih bisa jjan ada wrung lokal yang masih aktif,1,negative,2
Wisata Bukit Jaddhih,5,lagi musim kemarau pas lokasi ndak kebagian air kolam but overall pemandangan nya ok banhet guide nya ngarahin ngambilin foto serombongan tidak mengecewakan recomended sekali pokoknya,1,positive,2
Wisata Bukit Jaddhih,4,seru asyik menegangkan titik foto keren bukit aku bekas potongan kapur sayang jalanan lokasi wisata terawat penjual makanan snack minuman ramah jualannya makanan minuman khas madura pagi sore pastikan membawa tripod kresek sampah,1,positive,2
Wisata Bukit Jaddhih,1,aku k th yang di sdah perubahan sayang di sarankan mobilpick atas bawa mobil di klomparkir penuh kosong semoga pengelola profesional,0,positive,2
Wisata Bukit Jaddhih,1,pungli nya ampun sidoarjo tidak masuk bawa saudara bandung,0,negative,5
Wisata Bukit Jaddhih,1,masuk bayar nya dobel dobel sepi tidak ada apaapa,0,negative,2
Wisata Bukit Jaddhih,4,tempatnya lumayan bagus,1,positive,-1
Wisata Bukit Jaddhih,3,viewnya bagus berkunjungagak kecewa bukitnya sengaja dibiarkan terawat sy manajemen pengelolaan menarik wisatawan,0,negative,-1
Wisata Bukit Jaddhih,3,wisata bukit kapur pemandangan mantap titik foto effort jalan naiknaik jalan lokasi mulus minim direktori but worth sebuah view danaunya pas kemarau kering jalannya asyik fotofoto bikin bingung ratus meter bukit menarik biaya restribusi rpk tiket bukitnya pintu masuk dikenai biaya mobil orang kena k tiketnya saran pengelola dikoordinasikan pemerintah penarikan retribusinya karcis terkesan pungli,0,positive,2
Wisata Bukit Jaddhih,5,pemandangan bagus berfoto juga bagus ditingkatkan pelayanannya fasilitasnya pengunjung nyaman,1,positive,6
Wisata Bukit Jaddhih,5,cocok anakanak meng edukasi,1,positive,-1
Wisata Bukit Jaddhih,1,kapok tidak kesini kang karcis berlapis lapis plat daerah madura saran lebih jngn ksni,0,negative,-1
Wisata Bukit Jaddhih,3,sayang yang dket goa tidak airnya pas kesana terawat sperti yang smpet viral,0,negative,9
Wisata Bukit Jaddhih,3,kalau dikelola maksimal pemda menjadikan penghasilan rakyat madura sayang sampahnya dimanamana terawat lokasi berdekatan tambang kapur aktif detik rating juli tretanbangkalan,0,negative,-1
Wisata Bukit Jaddhih,1,pungli,0,negative,0
Wisata Bukit Jaddhih,4,terawat,1,negative,-1
Wisata Bukit Jaddhih,1,miris lokasi bagus banyak pemalakan liar pungli begal akses jalan rusak berdebu terawat pungli sulit ditertibkan polisinya takut penguasa disana tidak maju destinasi wisata kalau sprti hancur,0,negative,-1
Wisata Bukit Jaddhih,1,rawan banyak pungli nyaman,0,negative,-1
Wisata Bukit Jaddhih,5,wisata bagus area wisata luas kerenlah tempatnya,1,positive,-1
Wisata Bukit Jaddhih,5,bagus,1,positive,4
Wisata Bukit Jaddhih,1,pungli bre,0,negative,0
Wisata Bukit Jaddhih,5,tambang batu kapur bendabenda kapur ekskavator komatsu sumitomo heavy industries diparkir penggalian populer instagrammable sepi populer jalannya reyot terawat biaya rupiah orang dipungut masuk dikelola publik tujuan wisata harganya musim kemarau danau postingan orang kering warna gunung putih bersih bentuk permukaan batuan buatan dihasilkan operasi penambangan menarik merasakan sensasi ruang dunia seolaholah dipindahkan permukaan kawah dunia kepunahan umat manusia didekati penduduk lokal pemandu membawa puncak sepeda motor menolak berjalanjalan layak area sepi sulit memanggil taksi disarankan memesan perjalanan pulang mobil pribadi mobil sewaan,1,positive,2
Wisata Bukit Jaddhih,1,mencoba review tempatnya terawat layak tmpt wisata dimana pembayaran kali memasuki jalan yang salah punglinya direkomendasikan kesini,0,negative,-1
Wisata Bukit Jaddhih,3,lumayan bagus hanya mgkn serius pengelolaannya sayang,0,negative,0
Wisata Bukit Jaddhih,5,sepenuhnya wisatamasih aktif digerus gunung kapurnyaviewnya bagusbayar k masuk bayar k titik goa poteada pemandu bayarnya sesuka hatiuntuk akses kesana rusaksaran pakai mobil suv pakai avanza saja x gasrukdan bus mediumshdtidak atassemoga kedepannya difokuskan wisata,1,positive,2
Wisata Bukit Jaddhih,3,mengunjungi bukit jaddih jaddih hills akhir pekan review akses jalan objek wisata baiknya kendaraan sehat melahap medan semi offroad direkomendasikan mengunjunginya mobil sedan ceper penunjuk arah daerah wisata area pertambangan area wisata berpotensi dikelola serius terkait pro titik foto cons akses jalan keterangan arah,0,negative,2
Wisata Bukit Jaddhih,5,mantap,1,positive,8
Wisata Bukit Jaddhih,1,pungutan tiket,0,negative,0
Wisata Bukit Jaddhih,5,keren sekali indah,1,positive,0
Wisata Bukit Jaddhih,4,wisata bangkalan madura viral disayangkan sepi minum pengunjung masuk lokasi kolam renang masuk gang wisata bukit jaddih iuran sukarela masuk tambahan retribusi parkir mobil,1,positive,2
Wisata Bukit Jaddhih,1,bagusbagus fototapi sayang pungli warga kecewa tiket masuk rbdapat karcis memarkir mobildidatangi orangmeminta uang parkir rb karcis karcis tarif parkir berbeda mobilada yang ditarik rbada yang rb menarik uang parkir random menerima uang langsung kabur saja sepeda motornya preman,0,negative,2
Wisata Bukit Jaddhih,1,sudah tidak terawat hancur pungli,0,negative,-1
Wisata Bukit Jaddhih,1,kapok kesini masuk kampung bayar k tiket total kampung yang dilewati foto bukit kena bayar kapok wisata pulau tidak maju sdm rendah,0,negative,2
Wisata Bukit Jaddhih,5,tenang minum es degan sembari menikmati hembusan angin sejuk sayangnya terawat arena bermain menikmati keindahan bukit,1,positive,-1
Wisata Bukit Jaddhih,5,wisata alami bagus,1,positive,-1
Wisata Bukit Jaddhih,4,area penambangan batu bata putih menakjubkan tebing batu kapur menawarkan peluang fotografi struktur batu terowongan menarik indah fotofoto dihasilkan indah latar tebing kapur langit,1,positive,2
Wisata Bukit Jaddhih,5,ex tambang batu kapur sulap destinasi wisata,1,positive,7
Wisata Bukit Jaddhih,5,keren tempatnya sekilas ditunjukin titik foto sma kakak penjaga loket difotoin sesuai angle kereen hasilnya wkwk,1,positive,2
Wisata Bukit Jaddhih,5,titik foto bagus,1,positive,0
Wisata Bukit Jaddhih,5,wisata murah meriah mwngecewakan dengan bantuan fotoan hasilnya bagus kakak nya ramah,1,positive,-1
Wisata Bukit Jaddhih,3,wisata tambang batu kapur kondisi sdh tidak trawat seperti beberapa warung yang masih eksis jualan masuk hny ditarik biaya masuk ajagak karcisnya jd trkesan seperti pungli,0,negative,2
Wisata Bukit Jaddhih,5,amazing sih gini mending pakai fotografer bantu fotoin rb puas kasih rb,1,positive,-1
Wisata Bukit Jaddhih,4,pwanaaasshhhhh bagus fotonya intensitas mataharinya maksimal kalau kesini menit saja explore titik foto tiket masuknya idr guide juru foto bantu turis explore bukit desember penambangan kapur dilanjutkan mata air yang genangan air yang terbentuk danau sumber mata air disekitar area penambang kapur kegiatan penambangan dihentikan wisata keindahan danau tersebut,1,positive,2
Wisata Bukit Jaddhih,4,fotonya bagus,1,positive,0
Wisata Bukit Jaddhih,5,bagus indah,1,positive,0
Wisata Bukit Jaddhih,3,bukit jaddih th februari th bagus buruk lokasi danau kering batuan dirusak sampah bekas kolam danau kering rusak herannya masuk lokasi aku bukit jaddih ditarik retribusi karcis tidak tau masuk kantong masuk pengelola lapak pedagang berubah rapi sekedar masukan pedagang mencantumkan harga resmi wisatawan ragu membeli dagangannya jalan lokasi perbaikan pemerintah hujan licin rawan tergelincir panas berdebu,0,negative,2
Wisata Bukit Jaddhih,5,bagus fotofoto kesini siangsiang lupa sedia payung,1,positive,9
Wisata Bukit Jaddhih,3,lumayan bagus diawal sayang tempatnya terawat,0,negative,6
Wisata Bukit Jaddhih,5,eksotis,1,positive,-1
Wisata Bukit Jaddhih,3,terawat tempatnya perpaduan bukit kapur langitnya menyenangkan mata,0,negative,-1
Wisata Bukit Jaddhih,5,bukit kapur putih bekas pertambangan area pertambangan bukit kapur areanya gersang panas berdebu cuaca kering matahari terik siapkan kacamata hitam masker ply kemarin beruntung sehabis hujan gerimis suasana dingin berdebu tiket masuk murah rb kadang pemandu berusaha mengikuti menawarkan jasa berbayar kolam area foto kering musim kemarau,1,positive,2
Wisata Bukit Jaddhih,5,bukit jadih tambang galian brown canyonnya demak batu kapur lingkungannya putih bukit kapur terletak daerah jakan parseh socah kabupaten bangkalan jawa timur aktivitas penambangan kapur berjalan bersamaan bukit salah destinasi wisata fotogenik diminati wisatawan jam sore gelap warna putih kapurnya memantulkan cahaya terang titik foto unik pahatan dinding kapur membentuk kotak guagua hasil arosbaya berwarna putih terang titik foto warna menawan dapatkan pas perangkatnya musim hujan danau berwarna biru jalan berkapur ulet licin wib,1,positive,2
Wisata Bukit Jaddhih,4,pemandangan bagus,1,positive,-1
Wisata Bukit Jaddhih,5,sepi,1,positive,13
Wisata Bukit Jaddhih,3,tidak sesuai foto tidak kerawat,0,negative,0
Wisata Bukit Jaddhih,3,wisata penambangan bukit kapurnya aktif jd sptnya beresiko berdebu pas kesana kemarin blm hujan kolam airnya juga kering kalau penambangan sdh tidak aktif dikembangkan potensinya akses jalan juga memadai,0,negative,2
Wisata Bukit Jaddhih,4,bagus kesana cuaca panas,1,positive,-1
Wisata Bukit Jaddhih,3,tiketnya parkirnya lumayan,0,negative,-1
Wisata Bukit Jaddhih,4,sentuhan,1,positive,0
Wisata Bukit Jaddhih,5,hidden gems a must visit kalau madura kesini kampung batik gitu tidak berlikuliku recommended tour guidephotographer namanya saiful anam tiketnya murah sekali orang rb dalem toilet bersih tukang jualan buah merch khas madura tolong dibeli kalau borong murah sekali,1,positive,2
Wisata Bukit Jaddhih,2,kesini penasaran saja tiket masuk mobil rb masuk kawasannya bayar lagi kepala jalan bebatuan karena area pertambangan aktif danaunya airnya musim hujan jd jangan berharap lihat danau hijau musim kemarau,0,negative,2
Wisata Bukit Jaddhih,2,dukungan pemerintah,0,positive,0
Wisata Bukit Jaddhih,5,tempatnya bagus pemandangannya bagus,1,positive,6
Wisata Bukit Jaddhih,5,bagus tapi memang panas sekali ya,1,positive,-1
Wisata Bukit Jaddhih,5,eksotisitu,1,positive,-1
Wisata Bukit Jaddhih,5,baik place dapat guide sangat sayangnya kesana pas musim panas danaunya kering saran dari guidenya view terbaik bukit jaddih maret jam sore,1,positive,2
Wisata Bukit Jaddhih,4,wisata k bagus,1,positive,-1
Wisata Bukit Jaddhih,5,bukit kapur aktif ditambang lokasinya luas jalan kesana offroad rusak dilewatin truk persiapkna mobil ground clearance nya foto promosi danau nya berkunjung musim kemarau kering berdebu nyaman lokasi sblm jam selebih panas titik fotonya portal warga yang uang dikasih saja,1,positive,2
Wisata Bukit Jaddhih,4,indah panas,1,positive,-1
Wisata Bukit Jaddhih,3,lampu jembatan terang istimewa,0,negative,-1
Wisata Bukit Jaddhih,5,siang kakak bus lokasi,1,positive,3
Wisata Bukit Jaddhih,4,penambangan kapur wajar jalan lokasi rusak lebih rekom sepeda motor masuk sudah orang yang nawarin jd pemandu lumayan skill untuk bantuin ambil gbr estetik buatin video sinematik mematok tarif bayarannya dibayar seikhlasanya waktu kemarin kasih rb karena foto video yang hasilkan memang bagus memandu untuk cari titik bagus kalau untuk masuknya dikenakan tiket rp orang dikenakan biaya parkir lagi didalamnya,1,positive,2
Wisata Bukit Jaddhih,4,kerr,1,positive,0
Wisata Bukit Jaddhih,2,jalannya rusak panasss berbeda foto airnya,0,negative,-1
Wisata Bukit Jaddhih,4,bagus tempatnya foto foto ada jasa foto kakak kakak biaya nya seikhlasnya hasil fotony juga bagus tapi sayang masuk banyak sekali yang tiket masuk sampai x,1,positive,2
Wisata Bukit Jaddhih,4,sungguh indah pemandangannya,1,positive,12
Wisata Bukit Jaddhih,5,bagus sekali tertata rapi sayank musim kemarau danaunya kering pemandunya yang profesional sekali namanya cak ross lupa kalau kesana hubungi rekomen,1,positive,2
Wisata Bukit Jaddhih,5,aku batu kota,1,positive,0
Wisata Bukit Jaddhih,3,dateng pas akhir pekan survey bareng truk truk tambang jalannya rusak dibantu warga lokal nyari jalan yang mendingan sampai lokasi airnya surut karena memang tidak hujan gersang sekali bawa masker debu dimana,0,negative,2
Wisata Bukit Jaddhih,1,masuk lokasi kebanyakan tiket,0,negative,0
Wisata Bukit Jaddhih,5,sayang pas kesini air kolamnya tidak,1,positive,9
Wisata Bukit Jaddhih,5,tempatnya bagus sayang pas kesana pas musim kemarau jalanan berdebu galian tambang kapur,1,positive,9
Wisata Bukit Jaddhih,3,jalan masuk m bergelombang air didanau kering musim kemarau,0,negative,9
Wisata Bukit Jaddhih,1,kasih bintang kalau tidak pungli kasih bintang,0,negative,0
Wisata Bukit Jaddhih,1,pengalaman yang tidak mengenakan yang memang bnyak pungliyg pas kamar mandi didekat warung dikasih tau sama pemilik jalur utama banyak begal disuruh jln nyaeh trnyt sy diarahkan kandang begalnya orang manggil sy bayar padahal sudah kunci motor diambil ditunjukin clurit yang disembunyiin dalam baju kalau tidak ngasi hp dibacokkalung ditarikku kasih saja hpnya sama uang rbabis ngebut sekali sampai kluar suramadu brni berhnti beli minum sampai takutnya ampun harus hati ya kalau kesini,0,negative,2
Wisata Bukit Jaddhih,4,pas lagi kemarau danaunya kering,1,positive,9
Wisata Bukit Jaddhih,5,bagus,1,positive,4
Wisata Bukit Jaddhih,5,salah wisata madura yang wajib sekali dikunjungi disuguhi dengan pemandangan batu kapur yang cantikkk sekali warna putih gini danaunya juga loh cakep sekali kalau foto medan untuk kesini jelek bebatuan jalannya yang liburan madura coba kesini deh teman,1,positive,2
Wisata Bukit Jaddhih,5,wisata gunung kapur yang indahkalau musim kemarau panas sekali,1,positive,-1
Wisata Bukit Jaddhih,1,walah walah sedia saja uang gan,0,negative,-1
Wisata Bukit Jaddhih,1,memuaskanpungli kalisampek di mintaki uang,0,negative,5
Wisata Bukit Jaddhih,1,bagus tiket uang resmi uang masuk rbu gratis pungli orang rbu lagi jlannya rusakdebusepi airnya keruhitu pengalaman sayatrimkasih,0,negative,2
Wisata Bukit Jaddhih,1,tidak sesuai gambar karcisnya dobeldobel pelayananya tidak sesuai jalanya berdebu,0,negative,-1
Wisata Bukit Jaddhih,1,karcis nya x mahal potongan seperti preman smua sepi engunjung,0,negative,-1
Wisata Bukit Jaddhih,4,tempatnya bagus wisata keluarga masker berdebu,1,positive,6
Wisata Bukit Jaddhih,5,indah tempatnya destinasi wisata mentah madura area milik pribadi masuk membeli tiket persiapkan debu mengunjungi,1,positive,2
Wisata Bukit Jaddhih,1,mengharapkan perjalanan bergelombang dasarnya lokasi penambangan aktif objek wisata pemandangannya menakjubkan penduduk terpesona agresif memonopoli foto bingung,0,negative,2
Wisata Bukit Jaddhih,2,hatihati membayar tiket masuk pria mengusulkan mengajakmu berkeliling berfoto membawamu ribu rupiah membayarnya membiarkan pergi pergi menakutkan kecuali pemandangannya bagus sekali jalur kesana bergelombang berpasir hatihati salam belgia,0,negative,2
Wisata Bukit Jaddhih,4,biaya masuk mobil rb semoga lanjut papan petunjuk jalan wisata kalau pakai maps diputerin jalan kesana karena mobil sudah berusaha menghindar tetap gasruk hasil cat mobil bemper ngelupas,1,positive,2
Wisata Bukit Jaddhih,5,tebing buatan yang menakjubkanrecomend sekali dikunjungiakses mudah menit jembatan suramadu,1,positive,7
Wisata Bukit Jaddhih,4,salah alternatif wisata pulau madura bukit jaddih bekas galian tambang batu kapur beroperasi dibagian sdh berubah fungsi wisata akses kesini lumayan sulit jalannya kehatian hujan turun licin suasana panas minim pepohonan disarankan kacamata hitam silau terik matahari dihamparan bukit kapur berwarna putih,1,positive,2
Wisata Bukit Jaddhih,5,tempatnya luas cocok fotofoto lumayan turun jalannya disarankan kesini sepatu karena musim hujan ditakutkan licin,1,positive,2
Wisata Bukit Jaddhih,4,bagus kesana kalau musim hujan,1,positive,9
Wisata Bukit Jaddhih,4,ditambang bahan bangunan,1,positive,7
Wisata Bukit Jaddhih,4,yang indah guide yang ramah membantu,1,positive,-1
Wisata Bukit Jaddhih,2,jalanan tkp berdebu rusaktaman wisata terawat cuaca panas terik,0,negative,-1
Wisata Bukit Jaddhih,4,tempatnya bagus perjalanan mencapai bergelombang ruas jalan jalan aspal mencapai kawasan mengenakan biaya rp mobil rporang masuk kawasan penambangan batu bata tebing kapur perahu aku menjadikannya bagus area fotografi penduduk pergi sesi foto pria mengambil foto memberinya tanda penghargaan,1,positive,2
Wisata Bukit Jaddhih,5,nunggu,1,positive,0
Wisata Bukit Jaddhih,4,unik,1,positive,-1
Wisata Bukit Jaddhih,4,asli bagus sekali tidak tau suka saja alam sekali seperti gini sayangnya akses jalannya ampun jelek sekali aspal pas masuknya berdebu sekali bayar tiket x masuk mobil bayar k tiket pengunjung k orang kamar mandi tapi yang airnya tidak lampu perahu kemarin tidak jd tidak tau tarifnya,1,positive,2
Wisata Bukit Jaddhih,2,tidak pengelolaan jd kotor perawatan,0,negative,-1
Wisata Bukit Jaddhih,5,masuk uang yang jalan tambang rb masuk parkir rb orang view bagus sekali tambang batu kapur aktif,1,positive,2
Wisata Bukit Jaddhih,5,viewnya bagus bekas area tambang titik foto,1,positive,-1
Wisata Bukit Jaddhih,4,uhuy mantap,1,positive,8
Wisata Bukit Jaddhih,3,menarik,0,positive,-1
Wisata Bukit Jaddhih,5,bagus,1,positive,4
Wisata Bukit Jaddhih,5,menakjubkan,1,positive,-1
Wisata Bukit Jaddhih,3,gersang bukit kapurbentuknya bgs juga sih bks diambilin terus batunya,0,positive,9
Wisata Bukit Jaddhih,5,menarik,1,positive,-1
Wisata Bukit Jaddhih,5,suasana pemandangannya bagus jalan lokasi,1,positive,6
Wisata Bukit Jaddhih,3,disarankan kerja musim panas fotofoto indah musim hujan danau hijau indah dikelilingi dinding karst biuuut musim panas genangan air keruh menyedihkan guagua menakjubkan ayolah perjalanan menantang hatihati jalan menjauhi jalan bergelombang pastikan kendaraan melakukannya,0,positive,2
Wisata Bukit Jaddhih,5,tempatnya bagus sayang bayarnya mahal,1,positive,6
Wisata Bukit Jaddhih,5,bagus,1,positive,4
Wisata Bukit Jaddhih,1,kesini lihat rekomendasi wisata menarik madura lokasi sulit lalui akses jalan sempit pemandangan bagus menarik kekurangannya kesana oknum pungli terkesan memaksa ambil uang keamanan pintu masuk bayar oknum masyarakat memaksa pengunjung nyaman polisi berjaga mohon pengelola kepolisian tindak lanjuti,0,negative,2
Wisata Bukit Jaddhih,5,jalan tronah tlokoh kokop bangkalan,1,positive,-1
Wisata Bukit Jaddhih,5,titik foto yang keren bagus disarankan pagisore karena kalau siang panasnya ampun,1,positive,2
Wisata Bukit Jaddhih,4,menyukainya,1,positive,-1
Wisata Bukit Jaddhih,5,kemarin bukit jaddhih jalan jembatan suramadu lihat foto ulasan maps bukit jaddihih diluar eksepetasi bukit jaddhih indah titik foto cerita ig whatsapp penuh foto keindahan bukit jaddhih disana kemarin dibantu fotonya kakak hasan dimana kakak hasan orang asli disana jago sekali fotonya fotographer terkenal hehehe jam sore spy teduh tunggu sunset nya muncul keren habisss pokoknya bangkalan lupa singgah bukit jaddhih ya teman biaya masuk lokasi rb biaya masuk tambahan rborang parkir orang jualan makanan minuman khas madura seprti gantungan kunci dsb yukss buruan yaaa teman merapat,1,positive,2
Wisata Bukit Jaddhih,1,sdm nya penduduk toilet tidak ada airnya,0,negative,-1
Wisata Bukit Jaddhih,5,bagusss,1,positive,0
Wisata Bukit Jaddhih,3,wisata bagus berfoto keluarga teman pacar itupun kalau pacar hehe cuma pengelolaan nya pusat berfoto saja parkir liar bayar tiket masuk bayar parkir lagi tidak bayar buatlah pengunjung nyaman wisata bukit jaddih yang salah ya warga saja yang bikin nyaman terus pastinya jadi sepi karena yang sperti berpikir positif coba jngn lahan parkir melulu coba di bukit itu buka warung minuman makanan gitu tapi ya jngn mahal jga yang sesuai ajalah orang kalau k haus lapar jadi tidak tidak yang beli sekedar saran saja sih di trima alhamdulilah tidak di terima yowes yang pnting di pikir dulu sepi karena nyaman jga terima kasih,0,negative,2
Wisata Bukit Jaddhih,5,lokasi penambangan aktifobjek wisata protokol keselamatan diterapkan rupiah sepeda motor masuk berbahaya berhatihati menyenangkan menyukai petualangan,1,positive,2
Wisata Bukit Jaddhih,3,terawat,0,negative,-1
Wisata Bukit Jaddhih,5,instagramable,1,positive,-1
Wisata Bukit Jaddhih,4,minggu kemarin ngantar anakanak wisata wisata diadakan tpq al firdaus anak belajar tahfidz lokasi foto wisata bukit jadih bangkalan madura kali tempatnya kesannya panas berdebu kemarin adem sejuk debu tau bata putih yang diangkut pakai truk ngambilnya yang dari danau tapi diambil bata putih terbentuk cekungan air berasal air hujan air resapan kedalaman danau perahu cm akses jalan bagus lubang wajar sih aktifitas tambang mobil dengan ground clearance rendah harus hati hati parkir mobil rb tiket masuk orang,1,positive,2
Wisata Bukit Jaddhih,5,lanskap yang bgs harga tiket masuk k untuk mobil orang k,1,positive,2
Wisata Bukit Jaddhih,5,bagus,1,positive,4
Wisata Bukit Jaddhih,5,wisata lokal yang indah pemanfaatan tambang batu kapur wisata goa buatan lihat sunset puncak tebing,1,positive,7
Wisata Bukit Jaddhih,4,bagus foto,1,positive,0
Wisata Bukit Jaddhih,5,nyampe disuguhkan hamparan bukit kapur yang indah,1,positive,-1
Wisata Bukit Jaddhih,5,kesini h raya idul fitri jalan rusak senang saja suasananya unik ramai suara petasan knalpot anak motor khas jaddih bangkalan madura,1,positive,1
Wisata Bukit Jaddhih,4,kreatif titik foto instagramable,1,positive,0
Wisata Bukit Jaddhih,5,luas pemandu nya kalau masuk,1,positive,-1
Wisata Bukit Jaddhih,4,kali kesini pakai google map jembatan suramadu arahnya perempatan kiri jalannya sih mobil papasan mepet jalannya berlubang parkir masuk motor pemandangan bekas tambang cuacanya terikk sekali teduh foto yang danaunya pantulan sinar matahari bagus oh ya wisata goa pote masuk orang tidak karcisnya beli deket goa gatungan kunci serba ribu tulisannya suramadu gantungan clurit baju madura,1,positive,2
Wisata Bukit Jaddhih,4,bagus foto rekomendasi kesini pagi sore tutup jam,1,positive,-1
Wisata Bukit Jaddhih,1,akses jalan bagus sampai sudah diikutin orang warga lokal bikin risih saja karena ngikutin terkesan maksa memang niatnya dijadikan destinasi wisata perhatian pemerintah,0,negative,2
Wisata Bukit Jaddhih,4,dalane asyik,1,positive,-1
Wisata Bukit Jaddhih,4,bagus jalan hanya kitq tidak penarik karcis yang mobil dicgat orang bawa karcis suruh bayar,1,positive,2
Wisata Bukit Jaddhih,4,keren sayang terawat,1,positive,0
Wisata Bukit Jaddhih,4,alhamdulilah pulang bali mampir,1,positive,1
Wisata Bukit Jaddhih,5,sayang tempatnya ndak terawat,1,negative,-1
Wisata Bukit Jaddhih,5,bagus cuaca mendukung jam matahari diatas suhu panas terik menaikkan pesona alamnya,1,positive,-1
Wisata Bukit Jaddhih,5,pas untuk titik foto,1,positive,0
Wisata Bukit Jaddhih,1,kotor fasilitas maling ketahuan,0,negative,5
Wisata Bukit Jaddhih,5,buru foto bagus titik nya,1,positive,0
Wisata Bukit Jaddhih,4,surabaya,1,positive,3
Wisata Bukit Jaddhih,5,sepi perawatan covid wisata murah fan menarik,1,positive,-1
Wisata Bukit Jaddhih,5,tempatnya enak ingin lagi,1,positive,11
Wisata Bukit Jaddhih,5,kesini video klip puasa mendung hujan sebentar yang menyertai diantar spotspot terbaik jarang dipakai orang titik foto video kepuncak tertinggi memang scenenya bagus jalurnya terletak pertengahan belok kanan jalannya berpasir saja melewati lembah lokasi berumput berbatu terjal saja kesitu hatihati dibawah langsung jurang aku kesana kendaraan jalan kesal mendaki,1,positive,2
Wisata Bukit Jaddhih,1,objek wisata yang terawat sdh sebagus dulu dan sepi pengunjung akhir pekan pungli disana tolong berantas oknum nakal yang mencari keuntungan disana,0,negative,-1
Wisata Bukit Jaddhih,2,pungli,0,negative,0
Wisata Bukit Jaddhih,1,pungli pelayanan ramah kesannya memalak terawat,0,negative,-1
Wisata Bukit Jaddhih,1,pungli,0,negative,0
Wisata Bukit Jaddhih,5,tenpat bagus,1,positive,0
Wisata Bukit Jaddhih,1,pungli kebanyakan bayar pas masuk wisatanya malas kapok tidak mending pantai saja,0,negative,2
Wisata Bukit Jaddhih,3,retribusi,0,negative,0
Wisata Bukit Jaddhih,5,pengalaman wisata alam menyenangkan kondisi lumayan sepi berkunjung jumat penunjuk arah yang semoga kedepannya pengelolaan,1,positive,2
Wisata Bukit Jaddhih,1,bagus indah,0,positive,0
Wisata Bukit Jaddhih,1,tidak toilet,0,negative,-1
Wisata Bukit Jaddhih,5,bagus fotox,1,positive,0
Wisata Bukit Jaddhih,4,bagus,1,positive,4
Wisata Bukit Jaddhih,5,monggo honda brio manual whatsapp,1,positive,0
Wisata Bukit Jaddhih,3,pungliiiiiii lumayan sii pungli tempatnya ya sudah bareng itu truk ambil batu jalannya rusak debu panas foto lumayan bagus ayo ayo jalannya diperbaiki khusus halan wisatawan punglinya tolong diminimalisir yaa,0,negative,2
Wisata Bukit Jaddhih,3,bukit kapur bekas tambang eksotik,0,positive,7
Wisata Bukit Jaddhih,5,eksotis bagus,1,positive,0
Wisata Bukit Jaddhih,4,bekas pertambangan yang disulap obyek wisata,1,positive,7
Wisata Bukit Jaddhih,4,bgus sihh cm sepi,1,positive,-1
Wisata Bukit Jaddhih,5,tempatnya panas bagus foto,1,positive,-1
Wisata Bukit Jaddhih,5,tempatnya bagus medannya susah habis hujan licin,1,positive,-1
Wisata Bukit Jaddhih,5,bekas tambang kapur banhkalan madura aesthetic untuk lokasi foto video tiket masuk murah rb orang tour guide anak muda juga jago ambil foto video yang suka tidak bawa gimbal bayar seiklasnya kasih rb sdh foto video bagus jembatan suramadu bisa diakses kurleb jam,1,positive,2
Wisata Bukit Jaddhih,4,syangnya terawat padhal bagus,1,positive,-1
Wisata Bukit Jaddhih,4,bagus menenangkan bertapa,1,positive,0
Wisata Bukit Jaddhih,5,goa pote bangkalan masih sebelahnya dengan bukit jaddih goa putih karena bekas galian gn kapur jd putih karena faktor cuaca juga jd lumuten foto kastil yang ditinggal masuk kedalam goa yang kotak masih juga yang berwarna putih sambung pintu aku yang lorong labirin tidak saja sich nyewa perahu lebih tepatnya rakit ya dann yang jd tour guide nya ruamah sekali sayangnya lupa namanya suka dengan foto juga jd beliau juga yang ngarahkan gayanya gmana sekali dorong rakitnya keposisi manapun sesuai minta anak juga ramah sekali juga lagi hujan gerimis bapaknya juga fine saja pas kesana sepi dulunya ramai ya pas warnanya masih putih masuk orang akses masuk masih lokasi dengan bukit jaddihpungli portal seiklasnya tiket mobil peristiwa wauw ya pas ngikutin tour guide nya bw rakit ngarahin pose foto matur tengkyu ya,1,positive,2
Wisata Bukit Jaddhih,5,kalau pagi bagus bangeet kakak,1,positive,0
Wisata Bukit Jaddhih,5,keren,1,positive,0
Wisata Bukit Jaddhih,4,tambang kapur yang diubah obyek wisata pakai sunscreen alat pelindung siang panas,1,positive,7
Wisata Bukit Jaddhih,3,bukit jaddih memiliki kemiripan garuda wisnu kencana gwk apple ke apple sentuhan eye catching instagramable wisatawan berkunjung dibenahi spotspot wisata terurus terbentuk alami salahnya pahatanpahatan buatan gwk toiletnya layak penjual makanan souvenir terkesan kumuh musholla pemukiman akses lokasi titik rusak jalannya perbaikan serius semoga bukit jaddih menyamai cappadocia turkiye,0,negative,2
Wisata Bukit Jaddhih,3,lokasi wisata dikelola masyarakat menimbulkan kesan acak lokasi parkir memadai harga tiket relatif murah rborang,0,negative,2
Wisata Bukit Jaddhih,5,bagus culture date kali ya hehe hanya kalau siang panas sekali sampai memicing mata,1,positive,-1
Wisata Bukit Jaddhih,5,kelola profesional,1,positive,0
Wisata Bukit Jaddhih,5,dateng berasa gini doang pas area bukit disamperin orang terus diarahkan titik foto pas lokasi memang asyik titik indah saran kebersihan diperhatikan indah area danau ditanami bunga menarik pengunjung anak terhibur disana perahu kolam renangnya,1,positive,2
Wisata Bukit Jaddhih,5,viewnya bagus tata,1,positive,-1
Wisata Bukit Jaddhih,5,bagus,1,positive,4
Wisata Bukit Jaddhih,4,bagus panas,1,positive,0
Wisata Bukit Jaddhih,3,pas tidak keliatan putih musim hujanjalan masuknya ancurbayar x,0,negative,9
Wisata Bukit Jaddhih,5,bagus berwisata,1,positive,0
Wisata Bukit Jaddhih,4,proses tambang diurus sayang potensi wisata,1,positive,7
Wisata Bukit Jaddhih,5,pemkab yaa anggaran jalan masuk apbd destinasi kebanggaan bangkalan masyarakat menjaga oknum pungli pungli yang bertanggung keamanan ramai destinasi pengunjung nyaman,1,positive,-1
Wisata Bukit Jaddhih,4,wisata ramah dikantong akses nya nyaman semoga perhatian prioritas dari pemda akses tmp wisata kedepannya tertata,1,positive,-1
Wisata Bukit Jaddhih,5,diperbaiki sarananyaagar berkunjung,1,positive,-1
Wisata Bukit Jaddhih,3,suasana bagus sistem karcis enak olah pungli,0,negative,5
Wisata Bukit Jaddhih,4,lumayan,1,positive,-1
Wisata Bukit Jaddhih,2,akses wisata jelek tarikan di ngeprank wisatawan harga masuk masih ok si,0,negative,-1
Wisata Bukit Jaddhih,5,salah wisata yang recomend bangkalan madura,1,positive,3
Wisata Bukit Jaddhih,4,menarikjln yang rusak,1,positive,-1
Wisata Bukit Jaddhih,4,bukit jeddih bukit kapur penambangannya aktif sisi beroperasi dijadikan wisata view ditawarkan menarik fasilitas warung makan toilet tau keadaannya akses lokasi dibilang jelek tiketnya x bayar masuk daerah bukit masuk daerah danau pote notabene wisata utamanya bayar kali hanya masuk daerah bukit jeddihnya ya tidak danau pote tiketnya aku lampirin ya,1,positive,2
Wisata Bukit Jaddhih,5,bagus,1,positive,4
Wisata Bukit Jaddhih,4,pas loket diterik bayaran titik semoga,1,positive,2
Wisata Bukit Jaddhih,2,sepiiiiii tidak ada nyaaa seru,0,positive,-1
Wisata Bukit Jaddhih,2,bukit jaddih rabu kerja mobil orang surabaya bangkalan tempuhnya zaman suramadu tidak ikutin rute disarankan google maps rute terdekat kerasa sekali jalan lumayan sempit papasan mobil jalan utama bukit jaddih perhatian pemerintah jalan rusak kurangnya petunjuk jalanjalan bikin lumayan pusing kalau semobil isinya kakak yang sulidhh baca maps nyebelinnn pungli dimanamana masuk gang sedekah seikhlasnya oke pas masuk kena karcis rp rb permobil tidak dikasih tau dimana parkirnya sepi sekali beberapa warga lokal pokoknya disuruh saja kang parkirnya pas mobil sudah nanjak diteriakin masmas gaboleh nanjak gimana sih turun diikutin selalu masmas tersebut ditawarin diajak naiklihatlihat gamau karena tau kalau uang hhh diikutin selalu tidak nyaman sekali kecewa pemirsaa,0,negative,2
Wisata Bukit Jaddhih,5,jalan bukit nya parah sihh foto prewedding cocok masuk tiket orang,1,positive,-1
Wisata Bukit Jaddhih,4,kesini kali rombongan teman keluarga tempatnya luas sekali panas ya,1,positive,-1
Wisata Bukit Jaddhih,1,pungli,0,negative,0
Wisata Bukit Jaddhih,5,peta alamat lengkap,1,positive,-1
Wisata Bukit Jaddhih,4,foto yang bagus,1,positive,0
Wisata Bukit Jaddhih,4,fasilitas jalannya perbaiki,1,positive,-1
Wisata Bukit Jaddhih,4,bagus sayang didukung fasilitas jalan yang memadai pengelolaan yang,1,positive,5
Wisata Bukit Jaddhih,3,perhatian dari pemerintah setempatakses jln lokasi masih bergelombangmeskipun panas tapi asyik berfoto ria,0,negative,-1
Wisata Bukit Jaddhih,4,bukit jaddih destinasi menarik dikunjungi madura bukit jaddih destinasi tambang kapur memiliki pemandangan instagramable salah destinasi menarik pemandangan instagramable terlewat berkunjung pulau madura mengekspor pulau madura,1,positive,2
Wisata Bukit Jaddhih,5,pola kerukannya nambangnya penuh dengan perhitungan,1,positive,-1
Wisata Bukit Jaddhih,5,jual beras berkualitas murah homade,1,positive,3
Wisata Bukit Jaddhih,5,bagus,1,positive,4
Wisata Bukit Jaddhih,3,ampun punglinya,0,negative,0
Wisata Bukit Jaddhih,5,bukit bagus indah tidak rugi rekreasi,1,positive,7
Wisata Bukit Jaddhih,3,oct tidak seputih,0,negative,0
Wisata Bukit Jaddhih,4,kali mengunjungi lumayan bagus titik fotonya akses jalannya diperbaiki,1,positive,6
Wisata Bukit Jaddhih,4,keamanan jalan rawan sepi,1,positive,-1
Wisata Bukit Jaddhih,3,titik foto latar bukit kapur bekas galian tambang toilet gelap tidak lampu akses lumayan kendaraan elf warungwarung yang menyediakan makanan minuman yang pas pagi sore siang sangat sangat hot pakai topi tersedia guide yang membantu titik mengambil foto video,0,negative,2
Wisata Bukit Jaddhih,3,lumayan panasnya,0,positive,-1
Wisata Bukit Jaddhih,5,kapadokia indonesia,1,positive,0
Wisata Bukit Jaddhih,3,pungli lokasi pas masuk ditarik rbmotor masuk danau ditarik rborg,0,negative,2
Wisata Bukit Jaddhih,5,menarik unik kalau pas siangsiang cuacanya panas,1,positive,9
Wisata Bukit Jaddhih,5,wisata pahatan bukit kapur cakep fotofoto,1,positive,7
Wisata Bukit Jaddhih,1,pungli,0,negative,0
Wisata Bukit Jaddhih,1,tertata petunjuk masuk tiket mahal fasilitas berfungsi truck pasir,0,negative,5
Wisata Bukit Jaddhih,5,kereeeen atmosfernya serasa pegunungan china,1,positive,-1
Wisata Bukit Jaddhih,5,titik menarik berfoto keluarga teman,1,positive,0
Wisata Bukit Jaddhih,5,akses jalannya mohon diperbaiki dongmakasih,1,positive,-1
Wisata Bukit Jaddhih,5,goa pote saja bukit jaddihnya jarang kesana bagus,1,positive,-1
Wisata Bukit Jaddhih,5,planet,1,positive,0
Wisata Bukit Jaddhih,5,menarik diciptakan masyarakat madura menarik wisatawan menjelajahi pulaunya berkeliling aku tahap pengembangan fasilitas toiletnya bagus bersih,1,positive,2
Wisata Bukit Jaddhih,5,sdh sepi tapi kalau sore asyik,1,positive,-1
Wisata Bukit Jaddhih,5,guide yang bantuin foto ngarahin gaya bayar seikhlasnya oke sekali sih,1,positive,-1
Wisata Bukit Jaddhih,1,petunjuk arah objek wisata orang yang kali situ bingung mengandalkan gps,0,negative,-1
Wisata Bukit Jaddhih,5,kali madura ya bukit jaddih bagus swafoto,1,positive,-1
Wisata Bukit Jaddhih,5,bagus terkelola pemandu gelap,1,positive,0
Wisata Bukit Jaddhih,1,nya bagus enak ngadem kolam renangnya,0,positive,6
Wisata Bukit Jaddhih,4,nyaman,1,positive,-1
Wisata Bukit Jaddhih,5,bagus,1,positive,4
Wisata Bukit Jaddhih,4,sungguh pemandangan menakjubkan aku keren,1,positive,12
Wisata Bukit Jaddhih,4,jalan masuk dibilang parah sekali karcis masuk bayar x k k orang tapi view nya indah alami ckup refreshing bisingnya kota semoga dikelola dengan mathursuwun,1,positive,2
Wisata Bukit Jaddhih,3,sentuhan,0,positive,0
Wisata Bukit Jaddhih,4,tempatnya bagus,1,positive,11
Wisata Bukit Jaddhih,5,pemandangan landscap bagus dikembangkan kawasan pariwisata yang potensial madura sayang akses jalan masuk memadai,1,positive,5
Wisata Bukit Jaddhih,1,wisatanya sdh ditutup sdh rusak berat akibat kegiatan penambangan batu putih kapur masif jalan aksesnya sdh rusak akibat repetisi beban roda truk pengangkut batu,0,negative,-1
Wisata Bukit Jaddhih,5,panas kalau siang kalau pagi sore saranin sih,1,positive,9
Wisata Bukit Jaddhih,3,tidak seindah sekedar foto latar bukit kapur,0,negative,-1
Wisata Bukit Jaddhih,5,bagus epik nya jalanan berkerikil aspal tidak mulus kendalanyasemoga pemerintah memperbaiki jalanan wisata bukit jaddih depannya,1,positive,-1
Wisata Bukit Jaddhih,3,akses jalan masuk diperbaiki,0,negative,-1
Wisata Bukit Jaddhih,5,biaya masuk dikenakan kali pos pemeriksaan didirikan masyarakat kawasan wisata pedesaan tambang batu kapur ditambang jalanannya kasar menarik lakilaki menyapa memandu spotspot foto memotretnya menyenangkan tip maksud memberinya tip setelahnya,1,positive,2
Wisata Bukit Jaddhih,4,instagrammable minusnya jalur lokasi pungutan unofficial potensi berkembang,1,positive,5
Wisata Bukit Jaddhih,5,lokasi tambang batu kapur yang bagus titik foto bersih rame tiket masuk murah,1,positive,-1
Wisata Bukit Jaddhih,4,alam sekali truk ambil batu kapur nya luas,1,positive,-1
Wisata Bukit Jaddhih,4,unik,1,positive,-1
Wisata Bukit Jaddhih,5,pemandangannya bagus kebersihan sampah dimanamana ditambah fasilitas sampah,1,positive,-1
Wisata Bukit Jaddhih,5,kesana sepi bangeett yaa seperti pungli gitu yaa si bayar masuk sudah loket tiketnya yasudah gapapa bayar saja dripada nanti viewnya si bagus yaa panasnya lumayan menurutku ya tidak panas temenku sudah bawa payung wkwk yaa batas toleransi cuaca panasnya orang beda yaa ya kalau memang gamau panas kusaranin bawa payung pandemi gini benar sepi sekali ya tidak explore jga sepi sekali kebanyakan orang tambang gitu,1,positive,2
Wisata Bukit Jaddhih,5,pemandangannya bagus alami goanya dingin dingin gimana gitu,1,positive,-1
Wisata Bukit Jaddhih,3,tidak seru,0,negative,-1
Wisata Bukit Jaddhih,4,murah enak nyoba bebek songkem empuk naknan pokoknya,1,positive,3
Wisata Bukit Jaddhih,3,lumayan,0,positive,-1
Wisata Bukit Jaddhih,4,takjud diciptakan bukit jaddih destinasi wisata kabupaten bangkalan madura pemandangannya beda wisata suka berswafoto menarik putihnya dinding bukit berasal batu kapur danau bekas galian kapur hobi berfoto suka patahanpatahan menarik sudutnya berkunjung sarankan mengunjungi sabtu minggu aktivitas tambang kapur diwilayah mati libur,1,positive,2
Wisata Bukit Jaddhih,4,perjalanan menyenangkan kanan kiri persawahan yang sejuk jalan lumayan halus sepi sempit bukit kapur cuacanya panas maklum pulau madura terkenal panasnya terobati pemandangan bukit yang indah hamparan perbukitan kapur putih nampak warna hijau rumput pepohonan atasnya sungguh indah menggelitik kaki mendaki atasnya bukit disuguhkan hamparan pemandangan memesonaaaa kesal sudah neruskan cerita mending kesana,1,positive,2
Wisata Bukit Jaddhih,5,tempatnya bagus unik bagus foto,1,positive,-1
Wisata Bukit Jaddhih,5,pemandangan nya keren pulau madura,1,positive,-1
Wisata Bukit Jaddhih,2,jalannya jelek sekali bayarnya masuk mobil bayar mahal mobil rb elfrb bis tanggungrb bus besarrb lokasi pengunjung,0,negative,2
Wisata Bukit Jaddhih,3,tiket masuk roda rp tiket pertandingan orangnya rb direnovasi penampilan diperbaharui,0,negative,-1
Wisata Bukit Jaddhih,3,ditingkatkan manajemen pengelolaan nya,0,negative,-1
Wisata Bukit Jaddhih,4,wisata unik,1,positive,3
Wisata Bukit Jaddhih,3,perawatan,0,negative,0
Wisata Bukit Jaddhih,5,salah wisata bukit kapur terbaik jawa timur cocok berfoto selfie keluarga teman mantap,1,positive,7
Wisata Bukit Jaddhih,5,bagus,1,positive,4
Wisata Bukit Jaddhih,4,bagus gersang,1,positive,0
Wisata Bukit Jaddhih,5,bagus foto,1,positive,0
Wisata Bukit Jaddhih,5,unik pemandangan indah,1,positive,12
Wisata Bukit Jaddhih,4,bilang pungli iya masuk parkir mobil jalan cegat arahkan masuk aku masuk bayar orang bilang mahal tidak dalem tanya guide orang ngikutin guide fotoin bayar ndak menghindar mendingan foto cari aman juni tanah licin hujan jalan bergelombang area lumut sampah,1,negative,2
Wisata Bukit Jaddhih,5,hebat,1,positive,0
Wisata Bukit Jaddhih,5,pemandangan yang indah,1,positive,12
Wisata Bukit Jaddhih,5,lokasi tambang kapur pulau madura jembatan suramadu tapi bagus foto sih,1,positive,-1
Wisata Bukit Jaddhih,1,biaya masuknya benar tidak berkali kali,0,negative,-1
Wisata Bukit Jaddhih,4,intrutur jlnnya dibgusin,1,positive,-1
Wisata Bukit Jaddhih,1,semoga dengan banyaknya yang berkomentar menjadikan wisata madura lebih penduduk lokalnya bertambah ramah tamah i suka madura,0,positive,-1
Wisata Bukit Jaddhih,1,sesuai ekspetasi wisatanya,0,negative,-1
Wisata Bukit Jaddhih,5,mantab,1,positive,8
Wisata Bukit Jaddhih,5,pengalaman kelola pemda lokasi jlan nya,1,positive,-1
Wisata Bukit Jaddhih,3,lumayan tidak bad si ditempat yang terllau worth it pungutan resmi,0,positive,-1
Wisata Bukit Jaddhih,5,harga tiket orang,1,positive,0
Wisata Bukit Jaddhih,1,pungli,0,negative,0
Wisata Bukit Jaddhih,4,masuk wisatanya semrawut,1,positive,-1
Wisata Bukit Jaddhih,4,eksotisbuat wisata anti mainstream kebersihan ditingkatkan tidak rekom mobil jenis sedan kesini medannya bergelombang,1,positive,2
Wisata Bukit Jaddhih,3,suasana alam yang menakjubkan tapi sayang terawat lengkap fasilitasnya,0,negative,-1
Wisata Bukit Jaddhih,4,oke tempatnya igable sekali hanya jalanan kesini rada jelek lumayan kluaran suramadu worth it tapi,1,positive,-1
Wisata Bukit Jaddhih,2,jalannya buruk pemerintah menangani pungutan liar masyarakat,0,negative,5
Wisata Bukit Jaddhih,4,keren memanjakan mata saran jam kunjung pagi sore ya gaiss lupa warga lokal walapun pakai maps jalurnya hati kendaraan proyek warga lokalnya ramah beruntung ketemu mukit sejarah tambang jeddih nikmat,1,positive,2
Wisata Bukit Jaddhih,5,bagusharusnya di kelola serius lagiterutama jalan lokasiaset daerah pemerintah turun tangan,1,positive,5
Wisata Bukit Jaddhih,5,oke buru foto sulit jalannya mobil,1,positive,0
Wisata Bukit Jaddhih,2,perbaiki akses jalannya ditarikin uang jalan rusak gitu,0,negative,-1
Wisata Bukit Jaddhih,5,masuk kawasan jaddih berasa motoran kalimantan,1,positive,-1
Wisata Bukit Jaddhih,5,pemandangan unik,1,positive,-1
Wisata Bukit Jaddhih,5,recomended,1,positive,8
Wisata Bukit Jaddhih,5,pemandangan terbaik langit biru cerah panas akses bukit dijaga,1,positive,-1
Wisata Bukit Jaddhih,3,bertahanlah oke,0,negative,17
Wisata Bukit Jaddhih,5,menitan suramadu akses jln sempit perkampungan pemandangan bagus untuk yang hobby foto sayang blm dikelola dengan akses jln masuk lokasi bebatuan kapur pungli tmpt parkiran pokoknya madura mantablah terkesan,1,negative,2
Wisata Bukit Jaddhih,4,yang eksostis direncanak wisata kondisi jalan lokasi perhatian pemda,1,positive,5
Wisata Bukit Jaddhih,3,bagus berfoto petunjuk medan perjalanan terjal pelayanan pengelola bagus,0,positive,-1
Wisata Bukit Jaddhih,3,titik untuk foto lumayan bagus saran yang kesana yang bagus pagi sore karena kalau siang cuaca panas,0,positive,2
Wisata Bukit Jaddhih,1,hati hati pungli maunya senang kecewa,0,negative,-1
Wisata Bukit Jaddhih,5,perbaiki jalan nya,1,positive,0
Wisata Bukit Jaddhih,1,tidak urus,0,negative,-1
Wisata Bukit Jaddhih,1,pungli jalannya tidak memadai,0,negative,-1
Wisata Bukit Jaddhih,5,indahhhh,1,positive,0
Wisata Bukit Jaddhih,1,tiket masuk kendaraan roda roda tiket masuk kolam renang kendaraan roda airnya tidak bersih roda tiket masuk bukitnya roda bukil ya tiketkarcis hanya tambang batu kapur tok oya berkunjung kemarau sediakan masker sunblock panas berdebu berkunjung musim hujan kepinggir becek kendaraan kejerembab tidak komen begal dsini soalx red area orang bangkalan saja was was,0,negative,2
Wisata Bukit Jaddhih,4,wisata tambang batu kapur kelola fasilitas seadanya masuk gerbang dipungut rp dipaksa bayar rp karcis foto bagus danau buatan goa goa,1,positive,2
Wisata Bukit Jaddhih,5,baiknya pergi sore pagi siang panas bangat berdebu lumayan pemandangannya mantap,1,positive,-1
Wisata Bukit Jaddhih,4,bagus,1,positive,4
Wisata Bukit Jaddhih,5,kerennn pemandangan nya indah semoga kedepan nya pengelolaan wisatanya lagi,1,positive,-1
Wisata Bukit Jaddhih,5,masuk mobil ribu masuk orang ribu orang,1,positive,2
Wisata Bukit Jaddhih,4,baik pict hanya warung kebersihan nya,1,positive,-1
Wisata Bukit Jaddhih,5,kereeeen bingitsharus pergi madura,1,positive,10
Wisata Bukit Jaddhih,5,cocok foto estetik,1,positive,0
Wisata Bukit Jaddhih,5,lumayan,1,positive,-1
Wisata Bukit Jaddhih,5,bagus tempatnya unik,1,positive,0
Wisata Bukit Jaddhih,5,pagi cuacanya segar,1,positive,-1
Wisata Bukit Jaddhih,5,bagus tempatnyacuma jalan sempit sekali,1,positive,6
Wisata Bukit Jaddhih,4,jalan menuru lokasi tidak luas masuk desa kesana cuaca mendung tidak panas,1,positive,2
Wisata Bukit Jaddhih,5,baik place n kalau pintar cari titik foto kece,1,positive,0
Wisata Bukit Jaddhih,5,kalau kesana mending pakai jasa guide jd ngarahin titik yang bagus untuk foto biar potonya keren,1,positive,2
Wisata Bukit Jaddhih,5,bagus pemandangannya sayang jalannya layak,1,positive,6
Wisata Bukit Jaddhih,5,indah,1,positive,0
Wisata Bukit Jaddhih,5,alhamdulillaah bukit jaddih bangkalan pulau madura tempatnya potensial wisata pengembangan wisatanya ditingkatkan,1,positive,3
Wisata Bukit Jaddhih,3,tempatnya saja untuk viewnya pakai jasa guide saja untuk fotofoto bagus viewnya keren tempatnya,0,negative,2
Wisata Bukit Jaddhih,2,wisata ideal sisa foto saja yang cakep tidak pengelolaan yang tukang karcis kalau dilewatin ngejar bak guide tapi tidak asyik lupakan tapi kecewa tersakiti rekomendasi wisata warga saja gurau sdh dikelola sama pemerintahan daerah suiiip laahh,0,negative,2
Wisata Bukit Jaddhih,2,direkomendasikan mengendarai sepeda motor medan batuan kapur berlumut menyebabkan sepeda motor tergelincir sedia sunscreen masker suhu udara panas berdebu akibat proses penambangan batuan kapur,0,negative,2
Wisata Bukit Jaddhih,5,kunjungan kesekian kalinya keluarga tambang suasana bukit kapur putih tertata bekas tambang goa poteh yang artistik hasil potongan penambang menghasilkan lubang goa yang menarik,1,positive,2
Wisata Bukit Jaddhih,5,bagus indah tapi hawa nya panas siang harus topi payung,1,positive,-1
Wisata Bukit Jaddhih,5,kereeen pintar pintar cari titik foto saja keren jalan kesana bagus lewati kali bayar ya wajar semoga kembangkan pelihara,1,positive,2
Wisata Bukit Jaddhih,5,jalan bukit jaddhih goyang pas bistapi terbayar tempatnya bagus,1,positive,-1
Wisata Bukit Jaddhih,4,hidden gems penambangan batu kapur aktif lokasi dijangkau mobil titik dibentuk wisata potensi,1,positive,2
Wisata Bukit Jaddhih,3,omicron sepi bagus nya negri ticketing nya yang tertibkan resmi,0,positive,-1
Wisata Bukit Jaddhih,2,terawat,0,negative,-1
Wisata Bukit Jaddhih,3,bagus,0,positive,4
Wisata Bukit Jaddhih,3,tukang karcis ramah wisatanya terawat kotor tandus airnya juga keruh sekali rekomen sekali dech,0,negative,2
Wisata Bukit Jaddhih,5,tambang kapur daerah bangkalan suramadu aktif wisata goa penambang membentuk pola jalur goa tambang cocok offroad lokasinya,1,positive,2
Wisata Bukit Jaddhih,5,menurutku sih tempatnya bagus ya hanya cuacanya saja yang panas kalau tiket masuk parkir kayaknya beda ingin kesini sekali jaraknya lumayan sih jalan raya,1,positive,2
Wisata Bukit Jaddhih,2,beli tiket usir kubu pengelola,0,negative,5
Wisata Bukit Jaddhih,5,bagus,1,positive,4
Wisata Bukit Jaddhih,5,pemandangannya,1,positive,12
Wisata Bukit Jaddhih,5,kesiniwisata bekas areal penambanganmurah meriah keren sih lumayanlahada pemandunya foto,1,positive,-1
Wisata Bukit Jaddhih,3,bagus tapi sayang tertata,0,positive,0
Wisata Bukit Jaddhih,5,wisata pas suka panas panas an,1,positive,-1
Wisata Bukit Jaddhih,3,pemandangan nya bagus akses saja,0,negative,-1
Wisata Bukit Jaddhih,2,potensi wisata pengelolaan pungutan liar retribusi tidak resmitdk bukti tiket petugas,0,negative,5
Wisata Bukit Jaddhih,5,menegangkan mantap kagum dengan alam penasaran saja,1,positive,-1
Wisata Bukit Jaddhih,2,lokasi wisata yang terkoordinir pemerintah daerah masuk lokasi pungutan pungutan liar yang mengurangi kunjungan wisata,0,negative,5
Wisata Bukit Jaddhih,5,bagus unt foto,1,positive,0
Wisata Bukit Jaddhih,2,barusan siang kesana penasaran nyampe dibikin emosi punglinya masuk bayar karcis rb nyampe dilokasi goa putih narik rb karcis,0,negative,2
Wisata Bukit Jaddhih,1,recomended untuk dikunjungi penuh pungutan liar jalan lokasinya,0,positive,-1
Wisata Bukit Jaddhih,2,parkir mahal tiket masuk anak batita hitung akses jalan sempit papasan dam truk,0,negative,5
Wisata Bukit Jaddhih,3,disayangkan potensi wisata madura ikon wisata bangkalan pungli keamanan lokasi wisatawan berpikir x berkunjung kesini warga bangkalan kecewa berkunjung kesini dimana pos tiket masuk pos karcis membayar sukarela menguras kantong mobil dengan penumpang menghabiskan biaya rb,0,negative,2
Wisata Bukit Jaddhih,4,aaaaaaaaaaaaaaaaaaaaaaaaaaaaaaaaaaaaa,1,positive,10
Wisata Bukit Jaddhih,5,dari suramadu masuk bayar mobil rb orang rb bukit bisa pk ojek,1,positive,2
Wisata Bukit Jaddhih,4,bagus foto sayangnya jalan tkp bagus fasum ditingkatnya shg pengunjung nyaman semoga kedepan tertata,1,positive,-1
Wisata Bukit Jaddhih,5,wisata bekas tambang kapur menarik eksotis anak butuh pengawasan optimal berhati parkir luas,1,positive,7
Wisata Bukit Jaddhih,3,kotorpanassekedar memenuhi hasrat penasaran saja,0,negative,-1
Wisata Bukit Jaddhih,4,pas dateng senin berdua teman sampai bukit jam an teman wisatawan berkunjung berasa wisata seram berkeliling rombongan wisatawan siswa sekolah an gitu dannn lega sekali temennya bukit jaddih berkeliling hati senang tidak berlanjut wisata seram nya kalau dateng kesini hati dijalannya ya jalanan nya bebatuan gitu hati hati berkendaranya biaya retribusi jalan masuknya pas masuk lokasi motor k terus ditempat wisata tambahan orang k parkir gratis warung jualan jajanan gitu lupa foto jual cilok,1,positive,2
Wisata Bukit Jaddhih,4,pamandangannya bukit bekas hasil tambang kapur cakep sekali instagramablecm sayang aksesnya kesana melewati jalanan rusak akses kluar masuk truk tambang mobil dikenakan karcis ribu akses masuk lokasidan bayar akses portal dari kampung lokasi wisata tau kasih kasih ribunama wisata tertulisnya disana gowa pute aku putih,1,positive,2
Wisata Bukit Jaddhih,2,wisata bagus hati hati saja pungli nya teman,0,negative,5
Wisata Bukit Jaddhih,5,wisata alam eksotik eks pertambangan kapur,1,positive,7
Wisata Bukit Jaddhih,4,titik foto instgramable sekali dijadiin titik foto x bayar yang masuk kawasan perkendaraan beda yang masuk danauyg pas hujan bayarnya diitung perorangan kesana sore tidak panas,1,positive,2
Wisata Bukit Jaddhih,4,kesini an panas tapi wisata unik,1,positive,-1
Wisata Bukit Jaddhih,5,sayang lokasi sepi dampak corona,1,positive,-1
Wisata Bukit Jaddhih,1,pos pembayaran yang ogah yang warung yang resmi parkir bayar orang mobil semoga bukit jaddih dikelola bagus terawat terbebas pungli ogah ibu ogah,0,negative,2
Wisata Bukit Jaddhih,5,pemandangannya bagus,1,positive,12
Wisata Bukit Jaddhih,3,masuk parkir langsung bayar ribu,0,negative,-1
Wisata Bukit Jaddhih,1,airnya hijau lumut biru banyak sekali punglinya tujuan harus bayar pungli kali danau kotor banyak sampah,0,negative,2
Wisata Bukit Jaddhih,5,menarik,1,positive,-1
Wisata Bukit Jaddhih,5,bagus air kolam yang kering perahunya operasi kuda joget jugasayangnya lumut didinding jago tidak putihnya,1,positive,9
Wisata Bukit Jaddhih,5,bagus mengambil gambar,1,positive,0
Wisata Bukit Jaddhih,3,wisata eks penambangan batu kapur masuk lokasi wisata pengunjung dikenakan bea masuk rp mobil jalan raya lokasi kawasan pemukiman rp mobil jalan pemukiman jalan tambang rp mobil kalau rada soale gardu tiket masuk kalau menikmati titik obyek wisata titik parkir rada mager ingin pindah titik,0,negative,2
Wisata Bukit Jaddhih,1,mengecewakan pungutan liar belok jalan aspal lokasi sudah kena rb masuk lokasi kena rb masu area kena rb pindah mobil kena rb pindah mobil foto foto kena rb kapoooook kesana pungutan liar tok,0,negative,2
Wisata Bukit Jaddhih,5,tidak secantik,1,positive,-1
Wisata Bukit Jaddhih,1,kapok kesanabaru belok jalan aspal lokasi tarikan rb masuk lokasi tarikan rb masuk parkir foto foto tarikan rb pindah titik yang tarikan rb bosan disana tarikan resmi pulang pindah titik yang tarikan daaaaah tidak kesana,0,negative,2
Wisata Bukit Jaddhih,3,kotor dirawat rapi wisata,0,negative,-1
Wisata Bukit Jaddhih,5,penuh kenangan ku kali berkumpul berwisata dengan kerja yang sdn cangkringmalang yang istimewa kealamiannya terjaga indah,1,positive,-1
Wisata Bukit Jaddhih,5,sukaaa sekali panoramanya terima kasih bpak yang fotoin,1,positive,0
Wisata Bukit Jaddhih,3,lumayan murah masuk tiket mobil kapal kakak kapal nya ramah pintar jd fotografer,0,positive,-1
Wisata Bukit Jaddhih,5,fasilitas obyek wisata toilet buktinya bagus keren,1,positive,-1
Wisata Bukit Jaddhih,5,pemandangan indah,1,positive,12
Wisata Bukit Jaddhih,3,potensial obyek wisata yang megah minim pengelolaan jalan lokasi sempit rusak,0,negative,5
Wisata Bukit Jaddhih,5,wisata bagus view bagus hanya masyarakat jd tukang palak pengunjung tidak nyaman saja serba bayar,1,positive,2
Wisata Bukit Jaddhih,1,pembayaran postolong diperbaikin pengelolahannyatks,0,negative,5
Wisata Bukit Jaddhih,5,mmh penambangan seakan berubah ubah foto cocok pas panas terik santai cocoknya pas teduh pagi sorean hati pungli yaa masuk nya gratis parkir berbayar semoga lekas dikelola pemkab disana jajanan beli disana ya bantu pedagang toilet serem sekali hehee mushola yang nemu kesana kemari mobil tidak kesal prahu cm rb orang,1,positive,2
Wisata Bukit Jaddhih,4,pemandangannya instgramable bagus foto foto jalan akses mulus biaya parkir rb bayar biaya masuk orang tempatnya dikelola profesional dikelola penduduk tempatny terawat tapi kalau dikelola hidden gemsnya madura,1,positive,2
Wisata Bukit Jaddhih,5,suramadu direkomendasikan pagi sore panas disayangkan akses jalan wisata bergelombang,1,positive,-1
Wisata Bukit Jaddhih,4,panas sekali terawat ya memang penambangan ya,1,negative,-1
Wisata Bukit Jaddhih,5,tempatnya sepi penjual makanan cocok syut video foto prewedding,1,positive,-1
Wisata Bukit Jaddhih,4,panorama yang mengagumkan ciptaan illahi yang eksplorasi dengan multi konsep ekonomi pertambangan nilai artistik wisata,1,positive,3
Wisata Bukit Jaddhih,1,komen negatif tentang pemerasan disana,0,negative,-1
Wisata Bukit Jaddhih,4,keren,1,positive,0
Wisata Bukit Jaddhih,1,pintu masuk harus bayar logic lihat kapur putih saja anggaran rb,0,negative,2
Wisata Bukit Jaddhih,3,lokasi bagus berteduhnya minim warungwarung masuk tidak ada karcisnya,0,negative,-1
Wisata Bukit Jaddhih,5,menyenangkan cuaca panas menikmati,1,positive,-1
Wisata Bukit Jaddhih,5,sungguh elok,1,positive,0
Wisata Bukit Jaddhih,4,pergilah,1,positive,-1
Wisata Bukit Jaddhih,5,alamny alami kontribusi masuknya mahal,1,negative,-1
Wisata Bukit Jaddhih,4,minusnya terawat saja,1,negative,0
Wisata Bukit Jaddhih,4,pungutan,1,negative,0
Wisata Bukit Jaddhih,5,mantap,1,positive,8
Wisata Bukit Jaddhih,5,bukit jaddih tujuan bersepeda bagus pemandangannya bagus rintangan menggoda disarankan memakai sepeda bmx mtb disarankan sepeda lipat jalanan bersepeda pagi biar kepanasan,1,positive,2
Wisata Bukit Jaddhih,3,tempatnya luas titik foto bagus efek berantai pandemi covid berpengaruh bukit jaddih tempatnya terawat kios penjual makanan yang tutup akses jalan dirawat menyulitkan bus kapasitas masuk dahan pohon yang melintang dijalan lebar jalan luas tiket masuk rb warga rb bis rborang tiket masuk semoga pengelola bukit jaddih secepatnya berbenah menarik wisatawan berkunjung,0,positive,2
Wisata Bukit Jaddhih,5,kunjungan tanggal november info tiket pengendara sepeda motor dikenakan tarif rp sepeda motor tiket masuk beda tiket masuk rp orang tiket masuk tiket rp membayar akses jalan bukit jaddih lokasi wisata bekas tambang aktif truk bodoh akses jalan lumayan ketemu warga berhatihati pungli kejahatan semacamnya lokasi wisatanya lumayan bagus fotofoto bagus lokasi wisata pedagang makanan minuman lokasi turun tangga tergantung,1,negative,2
Wisata Bukit Jaddhih,4,pemandangan bukit kapur masuk goa experince yang patut dicoba tapi sayang akses kesini jalannya lumayan jelek,1,positive,2
Wisata Bukit Jaddhih,5,sulit dijangkau lokasinya jalan utama titik foto gunung kapur dikeruk berlubang membentuk goa eksotis tukang foto membantu berselfie,1,positive,2
Wisata Bukit Jaddhih,4,bagus sayang tarikan tarikannya berfariasi,1,positive,-1
Wisata Bukit Jaddhih,3,masuk biaya persebeda motor biaya parkir bangunan nya warna nya menghitam area perhatikan perbaikan wisatanya,0,negative,2
Wisata Bukit Jaddhih,1,tidak kesini nyesel sekali dengan punglixa,0,negative,-1
Wisata Bukit Jaddhih,5,refresing cocok berlibur keluarga madura diakses mobil motor membayar b titik foto turis lokal kesini,1,positive,2
Wisata Bukit Jaddhih,2,terawat pengamanan biar pengunjung nyaman aman,0,negative,5
Wisata Bukit Jaddhih,5,bagus tempatnya anginnya sepoisepoi panas disiang,1,positive,-1
Wisata Bukit Jaddhih,1,bojeh sayang,0,positive,-1
Wisata Bukit Jaddhih,1,kalau kesini bawa toilet yaa siapkan uang yang,0,negative,-1
Wisata Bukit Jaddhih,3,bagus cm pas hujan deres tiket terbilang mahal plat kota,0,positive,2
Wisata Bukit Jaddhih,3,kondisi terawat pandemi masim kemarau danau kolam kering pengunjung ramai,0,negative,-1
Wisata Bukit Jaddhih,2,hati saja kalau kesana ya,0,positive,-1
Wisata Bukit Jaddhih,5,mantab,1,positive,8
Wisata Bukit Jaddhih,4,pemandangan bagus,1,positive,-1
Wisata Bukit Jaddhih,4,tempatnya amazingdisarankan pagi haridi sudut titik fotoakses jalan masuk offroadbanyak aku,1,positive,2
Wisata Bukit Jaddhih,3,bagus sih sayang obyek terawat akses jalannya perbaikan,0,positive,6
Wisata Bukit Jaddhih,3,alami sdh bagus ditata spy juga sarana spy ditambah tx,0,negative,-1
Wisata Bukit Jaddhih,5,pemandangan bagus bersih pertambangan kapur yang diola wisata akses jalannya mudah harga tiketnya murah cocok sih kalau sesi foto prewed titik foto yang memiliki view bagus tersedia parkir yang luas,1,positive,2
Wisata Bukit Jaddhih,4,salah wisata terbaik kawasan madura jawa timur terbaik dikunjungi berkunjung kabupaten bangkalan pulau madura kawasan menikmati pemandangan indah formasi geologi batu kapur tebing aku danau karst biru proses penambangan blok batu kapur bahan konstruksi pembuatan beton dsb berjalan melewati puncak perbukitan pemandangan indah pulau madura kota surabaya dekatnya jembatan suramadu terkenal mengunjungi anggota keluarga berhatihati petugas parkir terdekat penipuan biaya parkir biaya parkir pokoknya recomended dikunjungi berkunjung provinsi jawa timur,1,positive,2
Wisata Bukit Jaddhih,1,berdebu,0,negative,-1
Wisata Bukit Jaddhih,4,terawat sebagus foto,1,negative,-1
Wisata Bukit Jaddhih,5,mengesankan pemandangannya bagus,1,positive,12
Wisata Bukit Jaddhih,5,keren bukit kapur ujun barat pulau madura,1,positive,3
Wisata Bukit Jaddhih,4,wisata ditinggalkan retribusi resmi,1,positive,-1
Wisata Bukit Jaddhih,5,kali kesini tempatnya panas bukit kapur kolam air menambah eksotis lokasinya,1,positive,-1
Wisata Bukit Jaddhih,2,hmm,0,negative,10
Wisata Bukit Jaddhih,5,rumayan bagus,1,positive,0
Wisata Bukit Jaddhih,5,satu of sebuah beautiful places ke ambil pictures dan relax bekas tambang batu bata yang disulap wisata,1,positive,2
Wisata Bukit Jaddhih,4,tempatnya luas cocok mengabadikan peristiwa karcisnya lumayan mehong,1,positive,-1
Wisata Bukit Jaddhih,5,panas,1,positive,0
Wisata Bukit Jaddhih,5,keren foto,1,positive,0
Wisata Bukit Jaddhih,5,nya bsgus tapi panas,1,positive,-1
Wisata Bukit Jaddhih,5,wisata alam indah,1,positive,-1
Wisata Bukit Jaddhih,4,unik,1,positive,-1
Wisata Bukit Jaddhih,5,view natural galian tambang,1,positive,7
Wisata Bukit Jaddhih,5,wisata unik menguras kantong,1,positive,3
Wisata Bukit Jaddhih,4,lumayan panas tukang palaknya,1,positive,-1
Wisata Bukit Jaddhih,2,jaddih riwayatmu bukit indah kawasan menurutku layak wisata ntahlah ramadhan an bagus asri minim pungli kesana karena pemberitahuan kenangan fb memprihatinkan kawasan rusak pungli minim rumput hijau diatas bukitnya,0,negative,2
Wisata Bukit Jaddhih,5,buatan manusiasisa sisa pertambangan yang aktiftetapi panoramanya exotis,1,positive,-1
Wisata Bukit Jaddhih,4,bagus,1,positive,4
Wisata Bukit Jaddhih,3,indah mempesona fanas,0,positive,0
Wisata Bukit Jaddhih,5,instagramable panas sih area bukit kapur ya aktivitas tambang lumayan backsound khas akses mudah ditambah plang penunjuk jalan diakses luring papan petunjuk yang informatif si dalem area wisatanya kadang suka nyasar orang tambang jalan buntu puncak buntu heheh,1,positive,2
Wisata Bukit Jaddhih,3,syang tempatnya terawat pandemi,0,negative,-1
Wisata Bukit Jaddhih,5,yang oke madura sayangnya orang gajelasnya kena biaya parkirmasuk ketemu yang dimintain palak namanya haha tidak kaget orang,1,positive,2
Wisata Bukit Jaddhih,3,bersantai keluarga teman aktivitas seharihari,0,positive,3
Wisata Bukit Jaddhih,5,mumpung acara bangkalan silam sempatkan mampir wisata bukit jaddhih penampakannya overall tempatnya bagus,1,positive,2
Wisata Bukit Jaddhih,4,pastinya panas sekali kalau sudah masuk titik foto bagus situ pengunjung dikelola fasilitas warungwarung terbengkalai,1,positive,2
Wisata Bukit Jaddhih,4,saja nyobain kesini tidak bukit jaddih pandemi kesini pintu masuk retribusi seikhlasnya habis masuk kolam renang bagus rame berfungsi air kolamnya tidak tau nyobain arah danau goa pote disitu mobil masuk bayar rb situ mobil diparkir jalan pas jalan kakak tur guide bantu motoin ngikutin yasudah diakhir kasih seikhlasnya overall ya lumayan wisata semestinya ditingkatkan sinergi belah memenuhi prokes,1,positive,2
Wisata Bukit Jaddhih,5,tebing breksi bagus,1,positive,-1
Wisata Bukit Jaddhih,4,indah sulit,1,positive,0
Wisata Bukit Jaddhih,3,kalau kali kesini maps teliti akurat tempatnya masuk perkampungan gitu akses jalan pintu masuk madura lokasi bagus masuk buktinya rusak tanah kapur,0,negative,2
Wisata Bukit Jaddhih,5,titik foto yang keren banged walau puanas,1,positive,0
Wisata Bukit Jaddhih,4,masuk gang kali bayar seikhlasnya gitu warga masuk areanya bayar rb mobil pas areanya luas milih area dimiliki bedabeda orang kemarin masuk area genangan air gambar ditarik karcis rb orang panas daerah disiapkan payung tidak gitu pagipagi sekali mendung anginnya semilir pas danaunya fasilitas sewa perahu biayanya rb orang murah sekali dibantu ngefotokan kakak jaga perahunya sekali orangnya ramah disediakan toilet sayangnya bersih warung jual mie minuman jual sovenir fasilitas kolam renang tau htmnya masuk,1,positive,2
Wisata Bukit Jaddhih,5,alam terbentuk tetes keringat penduduk keindahannya nampak kepedulian penguasa desa komitmen menjadikan desa wisata ramah pengunjung insyaaallah makmur penduduk,1,positive,-1
Wisata Bukit Jaddhih,4,bagus sih hanya sayang airnya sekarang warnanya ijo wkwk beda foto yang digugel masih biru sampah semoga kedepannya memperhatikan kebersihan pengelola pengunjung,1,positive,2
Wisata Bukit Jaddhih,4,kesana sepi pengunjung cumak ndak e bagus keren tidak panas sih menurutku pungli sih tidak merasakan sih cumak kena saja medan nya lumayan oke wahana perahu orang dayung dayung sih milih dayung nya foto pokok nya tidak nyesel deh kesana,1,positive,2
Wisata Bukit Jaddhih,4,view bagus atap peneduh pengunjung kepanasan siang dibangun pagar tangga keselamatan,1,positive,-1
Wisata Bukit Jaddhih,5,pemandangan exotik asri n indahcuman dikelola instansi swasta berpengalaman semrawut jalur masuk nya retribusi nya,1,positive,-1
Wisata Bukit Jaddhih,4,bagus,1,positive,4
Wisata Bukit Jaddhih,5,lumayan mempesona kli siang kurng bagus saran kesini pagi sekali sore sklian,1,positive,9
Wisata Bukit Jaddhih,5,pengalaman,1,positive,-1
Wisata Bukit Jaddhih,4,exotic background pemandangan,1,positive,-1
Wisata Bukit Jaddhih,5,asri,1,positive,0
Wisata Bukit Jaddhih,3,lumayan,0,positive,-1
Wisata Bukit Jaddhih,4,bagussebagai destinasi wisata,1,positive,-1
Wisata Bukit Jaddhih,1,pungli masuk motor selasa masuk portal bayar rborang masuk dikasih tiket warna pink masuk parkiran ditagih rb orang,0,negative,2
Wisata Bukit Jaddhih,3,bagus spit foto cuaca terik parkiran mobil butuh jalan,0,positive,-1
Wisata Bukit Jaddhih,5,unik,1,positive,-1
Wisata Bukit Jaddhih,4,view nya bagus tempatnya dingin sejuk,1,positive,6
Wisata Bukit Jaddhih,4,panas panase hawa nek dunya sing ngrassakne banyak hehehehheehe panase ati rasakne dewe,1,positive,-1
Wisata Bukit Jaddhih,3,area pertambangan batu kapur,0,positive,7
Wisata Bukit Jaddhih,2,memuaskanecewa,0,positive,-1
Wisata Bukit Jaddhih,5,keren sekali tempatnyainstagramable yang diperbaikiyaitu akses jalan lokasi beberapa titik pungli toitel nya penerangan yang selebihnyakerenbagus dan okey,1,positive,-1
Wisata Bukit Jaddhih,4,danaunya biru lagi,1,positive,-1
Wisata Bukit Jaddhih,5,bagus pemandangannya,1,positive,-1
Wisata Bukit Jaddhih,5,keren,1,positive,0
Wisata Bukit Jaddhih,4,bekas galian tambang batu kapur,1,positive,7
Wisata Bukit Jaddhih,5,bukit jeddih punyaku village,1,positive,-1
Wisata Bukit Jaddhih,5,sebenar nya bagus wisata keluarga wisatawan kota hanya sentuhan tata kelola pengelolaan jd terkesan terurus seperti wisata bukit jeddih studi banding stigi yang kawasan gresik saporah,1,positive,-1
Wisata Bukit Jaddhih,4,jalanan k susah beruntung siang pengunjung serasa vip kakak nya sekali nunjukin foto semi tur guide jd fotografer,1,positive,2
Wisata Bukit Jaddhih,4,tiket masuk rb kepala,1,positive,0
Wisata Bukit Jaddhih,4,serasa bukit manaaa gitu hehe rt madura,1,positive,-1
Wisata Bukit Jaddhih,1,ngeri pungliheran stigma negatif tentang area pulau hilangterlalu banya orang yang aji mumpung sungkan duitngga malu punglikek nolong arahin ujungnya ya duitpadahal dikelola profesional bagus,0,negative,-1
Wisata Bukit Jaddhih,3,tidak alami buatan manusia,0,negative,0
Wisata Bukit Jaddhih,3,terawat dengan baiksepi pandemi di akses jalan bukit jaddih memprihatinkan,0,negative,-1
Wisata Bukit Jaddhih,4,indah perpaduan alam intruksi manusia pelayanannya,1,positive,3
Wisata Bukit Jaddhih,5,bagus tempatnyapelayanan nya memuaskan,1,positive,11
Wisata Bukit Jaddhih,2,sptnya sdh tidak semenarik dibuka ditambah banyaknya yang pungutan yang tidak resmi minim sarpras penunjang kurangnya petunjuk jalan wisata ditambah pandemi menjadikannya sepi pengunjung kasihan orang yang benar disitu dengan sungguh seperti penarik perahu penjual sptnya faktor utama pungli ketidak jelasan pengelolaan semoga kedepannya diperbaiki pekerja yang menggantungkan hidupnya sektor pariwisata tersebut bertahan tumbuh berkembang,0,negative,-1
Wisata Bukit Jaddhih,3,panasss okey mantap,0,positive,-1
Wisata Bukit Jaddhih,5,situs eksotis,1,positive,-1
Wisata Bukit Jaddhih,5,titik foto keren untung pas suasana tidak panas jd dapat hasil foto yang bagus cm akses masuk jaddih jalannya tidak,1,positive,2
Wisata Bukit Jaddhih,4,asyik sepi ya corona ya saja pengunjung,1,positive,-1
Wisata Bukit Jaddhih,4,bersih menarik sayangnya kebanyakan pungutan masuk masuk lokasi dikenakan rb kendaraanlalu masuk parkir tarik pungutan rb orang ber total biaya masuk nya rb,1,positive,2
Wisata Bukit Jaddhih,3,kesini isengsilahkan kalau kesini kaget kalau kena biaya karcis berlapis,0,negative,-1
Wisata Bukit Jaddhih,5,siang panas,1,positive,-1
Wisata Bukit Jaddhih,4,bagus suka ases jl diperbaiki,1,positive,0
Wisata Bukit Jaddhih,5,bagus,1,positive,4
Wisata Bukit Jaddhih,4,keren aksesnya yang susah dengan truk material,1,positive,-1
Wisata Bukit Jaddhih,5,bagus,1,positive,4
Wisata Bukit Jaddhih,5,cocok foto foto,1,positive,0
Wisata Bukit Jaddhih,5,kelola dengan khawatir punah karena banyaknya penambang batu yang cepat habis bebatuan wisata,1,positive,2
Wisata Bukit Jaddhih,5,bagus,1,positive,4
Wisata Bukit Jaddhih,4,lokasi nya bagus,1,positive,-1
Wisata Bukit Jaddhih,5,keren tempatnya teroganisir sekali bayarnya bayar k masuk bayar k terus parkir bayar k siapin uang ya teman,1,positive,2
Wisata Bukit Jaddhih,5,indah,1,positive,0
Wisata Bukit Jaddhih,1,akibat keserakahan manusia bukit jaddih hilang,0,negative,-1
Wisata Bukit Jaddhih,5,swafoto bagus,1,positive,0
Wisata Bukit Jaddhih,3,ramaikini sepi karena pendemibuat pengelola jaring panassaya tanggal maret kasihan warungnyakurang promosi medsos pengelolanya,0,negative,2
Wisata Bukit Jaddhih,5,menyesap,1,positive,-1
Wisata Bukit Jaddhih,1,pemandangannya bagus,0,positive,12
Wisata Bukit Jaddhih,4,siips indah pokoknya seperti tebing breksi jogja,1,positive,-1
Wisata Bukit Jaddhih,5,sore kereeen,1,positive,10
Wisata Bukit Jaddhih,5,kawasan wisata alamiah,1,positive,3
Wisata Bukit Jaddhih,5,keren sekali,1,positive,0
Wisata Bukit Jaddhih,5,pasuruan surabaya,1,positive,3
Wisata Bukit Jaddhih,4,instagramablebagus tapi akses nya bagusjalan nya jelekbanyak pungutan pembangunan jalan tapi jalannya masuknya jelektp terobati dengan view yang bagus,1,positive,-1
Wisata Bukit Jaddhih,5,lumayan bagus sepi sekali kesini cocok liburan rame rame bareng panas sekali kebantu angin lumayan kencang x tarif pintu pintu bersih penuh kapur ujung ujung warung khawatir haus lapar orang jualan pas kumpul titik foto selfi perahu hias bayar orang ajak keliling menulusuri danau goa putih nya luas lumayan bersih orang nya ramah sopan selamat datang sekali pendatang recommended sekali wisata salah madura bangkalan jatim terima kasih sukses,1,positive,2
Wisata Bukit Jaddhih,4,kesini pas siamg ya alamat tidak foto,1,positive,-1
Wisata Bukit Jaddhih,3,jalannya lho bergelombang,0,negative,0
Wisata Bukit Jaddhih,1,tertata,0,negative,0
Wisata Bukit Jaddhih,5,bagus,1,positive,4
Wisata Bukit Jaddhih,5,cantik rakit yang pengemudinya mengarahkan gaya foto,1,positive,0
Wisata Bukit Jaddhih,3,panas,0,positive,0
Wisata Bukit Jaddhih,5,tempatnya bagus masuk mobil perorangan bagus foto,1,positive,6
Wisata Bukit Jaddhih,4,tambang batu kapur salah hotspot lokal surabaya pria aneh fotografer keluarga kenangan indah,1,positive,2
Wisata Bukit Jaddhih,4,rekreasi kluarga yang menawarkan pemandangan dari bukit pindah bayar beda wilayah kolam renang raksasa di nya enak berenang panas atap di nya fasilitas lengkap toilet kamar mandi ruang ganti baju warung,1,positive,2
Wisata Bukit Jaddhih,5,tanbatan pangkalan bomas,1,positive,-1
Wisata Bukit Jaddhih,5,mantap,1,positive,8
Wisata Bukit Jaddhih,5,wisata dengan view yang bagus,1,positive,3
Wisata Bukit Jaddhih,3,bayar parkir,0,negative,0
Wisata Bukit Jaddhih,4,jalannya lokasi kalau dari arah suramadu seperti jalan kampung,1,positive,-1
Wisata Bukit Jaddhih,5,recomended dikunjungi warga madura surabaya raya bagus lokasinya,1,positive,-1
Wisata Bukit Jaddhih,1,punglisiapin uang recehan kesana,0,negative,5
Wisata Bukit Jaddhih,5,bagus tempatnya,1,positive,0
Wisata Bukit Jaddhih,5,bagus yang angle kameranya mendukung tebing breksinya madura,1,positive,-1
Wisata Bukit Jaddhih,5,bukit unik hasil karya penambang batu,1,positive,7
Wisata Bukit Jaddhih,1,tidak sesuai gambar yang blogger atau google saja kotor airnya sekali kebanyakan bayar,0,negative,2
Wisata Bukit Jaddhih,4,tempatnya asyik perawatan akses jalannya yang tidak enak,1,positive,6
Wisata Bukit Jaddhih,1,pungli uang saja wisatanya danaunya tidak luas tidak sesuai ekspektasi kesana mending langsung masuk danaunya saja bayar x pintu masuk danau masuk bukitnya saranin kesana nyesel kalau kesana tambang kapur beraktifitas excavator truk lalang tidak pemandu arah dsb tidak cocok wisata yang saranin cancel saja,0,negative,2
Wisata Bukit Jaddhih,3,dikembangkan,0,negative,0
Wisata Bukit Jaddhih,5,bagus,1,positive,4
Wisata Bukit Jaddhih,5,melelahkan sih bukit kapru map nya sesuai titik lokasi wisata nya google data map benerin pengunjung kesasar sesuai titik jalan wisata nya,1,positive,2
Wisata Bukit Jaddhih,1,ndk sesuai dengan fotoair nya kumuh,0,negative,0
Wisata Bukit Jaddhih,5,bagus pemandangannya,1,positive,-1
Wisata Bukit Jaddhih,5,eksotis,1,positive,-1
Wisata Bukit Jaddhih,5,cocok liburan singkat,1,positive,-1
Wisata Bukit Jaddhih,2,pungli warlok,0,negative,0
Wisata Bukit Jaddhih,5,waooowww kereeeeen,1,positive,10
Wisata Bukit Jaddhih,5,josss buka,1,positive,-1
Wisata Bukit Jaddhih,5,menyeberang jembatan suramadu jangan lupa ketempat inipulangnya singgah dibebek sinjaidan belanja batik madura athaya,1,positive,-1
Wisata Bukit Jaddhih,1,kecewa,0,negative,-1
Wisata Bukit Jaddhih,5,tambang destinasi wisata titik instagrammable diukir batu taman dibentuk lesung arena bagus foto,1,positive,2
Wisata Bukit Jaddhih,4,salah wisata alam madura wajib dikunjungin tempatnya keren sayangnya pungli semoga kedepannya pungli aman saran kesini langit cerah hujan licin,1,positive,2
Wisata Bukit Jaddhih,1,tempatnya bagus jalannya lokasi rusak parah truk pekerja yang bawa kapur tidak recommended deh wisata kesana tidak sesuai ekspetasi,0,negative,2
Wisata Bukit Jaddhih,5,oke,1,positive,17
Wisata Bukit Jaddhih,5,actually b saja kalau serius dirawat keren sekali sih kali lumut dibersihin biar putih bersih terus airnya dijaga sampah biar jernih,1,positive,2
Wisata Bukit Jaddhih,5,rute bagus gowes surabaya,1,positive,3
Wisata Bukit Jaddhih,5,wisata yang tambang batu kapur,1,positive,7
Wisata Bukit Jaddhih,4,jembatan suramadu krg menit sampaidi pergi kesini waktu danau kering musim hujanmasuk wisata dipalak x pungutan liar sy membayar punglinya masuk wisatanya rb worth it dengan yang tertarik untuk kesana,1,positive,2
Wisata Bukit Jaddhih,3,lumayansayang kebersihannya kenyamanan,0,negative,-1
Wisata Bukit Jaddhih,5,edisi bagus,1,positive,0
Wisata Bukit Jaddhih,3,bayak tarikan uang masuk nyaman wisata,0,negative,5
Wisata Bukit Jaddhih,5,buru bagusn tidak rapat n protokol kesehatan bebas jaga sendirisendiri,1,positive,-1
Wisata Bukit Jaddhih,5,memprihatinkantdk,1,negative,0
Wisata Bukit Jaddhih,3,premannya takut,0,negative,0
Wisata Bukit Jaddhih,1,direkomendasikan,0,negative,8
Wisata Bukit Jaddhih,4,lumayan sih kalau musim kemarau airnya hijau,1,positive,9
Wisata Bukit Jaddhih,3,jalan bukit jaddhih masih jelek penanda jalan site,0,negative,-1
Wisata Bukit Jaddhih,5,mestinya wisata pakai jeep suramadu bukit jaddih kebayang asyiknya sih sawah jalan makadam muter bukit,1,positive,-1
Wisata Bukit Jaddhih,3,akses buruk penunjuk arah masuk keuar membingungkan,0,negative,5
Wisata Bukit Jaddhih,4,bagus,1,positive,4
Wisata Bukit Jaddhih,5,indah,1,positive,0
Wisata Bukit Jaddhih,5,famous place di bangkalan madura,1,positive,3
Wisata Bukit Jaddhih,2,bagus lapis pungutan karcis yang karcis yang resmi seperti pungli semoga kedepannya pintu pembayaran,0,positive,-1
Wisata Bukit Jaddhih,4,pemandangan bagus,1,positive,-1
Wisata Bukit Jaddhih,5,akses kesananya ampuuuunnn rusaaak,1,positive,10
Wisata Bukit Jaddhih,3,terawat sistem tiket masuk buruk,0,negative,5
Wisata Bukit Jaddhih,5,keren,1,positive,0
Wisata Bukit Jaddhih,5,pergilah,1,positive,-1
Wisata Bukit Jaddhih,5,bagus,1,positive,4
Wisata Bukit Jaddhih,3,airnya berwarna biru,0,negative,-1
Wisata Bukit Jaddhih,4,bekas penambangan batu kapur yang eksotis lumayan bagus cuci mata titik yang bagus foto akses jalan lokasi bagus,1,positive,2
Wisata Bukit Jaddhih,2,nilainya bekas tambang batu kapur danau buatan penambangan batu kapur aktif bersantai tambang aktif sesuai selera airnya mengering batu kapurnya menghitam,0,negative,2
Wisata Bukit Jaddhih,4,rekreasi dimadura lumayan surabaya kalau kesini pagian nya panas sekali kalau sudah siangan pemandangan nya lumayan bukit kapur keruk dibentuk masuknya tidak bayar bayar parkir mobil,1,positive,2
Wisata Bukit Jaddhih,5,jalur gowes terdekat surabaya,1,positive,3
Wisata Bukit Jaddhih,1,memuaskan pungutan,0,negative,-1
Wisata Bukit Jaddhih,5,view nya indah,1,positive,12
Wisata Bukit Jaddhih,1,tarikan soob alias pungli siapin uang yang jalan masuk desa tarikan pos jalan masuk tambang tarikan pos masuk aprkiran tarikan sudah seindah sebersih fotofoto google pas parkir cegat suruh ngikutin ujungujungnya pungli wkwkwkwk,0,negative,2
Wisata Bukit Jaddhih,3,pemandangan bukit kapurnya cantik instagrammable recomended suka fotofoto sayangnya pungutan liar,0,positive,-1
Wisata Bukit Jaddhih,1,tanggal kesini lokasi galian kapur masuk bayar seikhlas nya dikasih ribu cemberut mukanya masuk bayar ribu parkir mobil ribu tidak yang jual makanan kalau haus laper harus bawa dari rumah tidak musholah toilet tidak,0,negative,2
Wisata Bukit Jaddhih,2,seindah postingan viewers,0,negative,-1
Wisata Bukit Jaddhih,5,wisata terindah hidup,1,positive,3
Wisata Bukit Jaddhih,3,pemandangan bukit kapurnya indah sayang dikelola maksimal jalan desa dilebarkan,0,positive,-1
Wisata Bukit Jaddhih,4,keren n seru tapi sayang pengelolaan terkait,1,positive,0
Wisata Bukit Jaddhih,5,bagus membayarnya,1,positive,0
Wisata Bukit Jaddhih,5,kesini pagi biar tidak terik panas nya,1,positive,9
Wisata Bukit Jaddhih,1,recomended punglinya sampah terawat mohon maaf jujur kasihan yang kecewa,0,negative,-1
Wisata Bukit Jaddhih,4,tempatnya bagus keren kearah wisata pemandangan ya,1,positive,6
Wisata Bukit Jaddhih,5,bukit batu kapur luas keren disulap wisata daerah salut,1,positive,7
Wisata Bukit Jaddhih,5,bekas pertambangan kapur eksotis cocok hobby fotografi disarankan pagi sore siang panasnya ampun,1,positive,2
Wisata Bukit Jaddhih,5,kereen,1,positive,10
Wisata Bukit Jaddhih,5,woowww,1,positive,-1
Wisata Bukit Jaddhih,3,keren,0,positive,0
Wisata Bukit Jaddhih,5,pergi keluarga bibi mobil biaya rp mobil musim panas pergi sarankan membawa topi kacamata hitam payung melindungi sinar matahari aktivitas coba keluarga tante berbincang salah karyawan bercerita aktivitas penambangan khawatir makanannya warung makan,1,positive,2
Wisata Bukit Jaddhih,3,lumayankeamanan ditingkatkan,0,negative,-1
Wisata Bukit Jaddhih,3,pungutan,0,negative,0
Wisata Bukit Jaddhih,1,toilet akses jalan yang dari layak,0,negative,5
Wisata Bukit Jaddhih,1,pergi berbahaya,0,negative,-1
Wisata Bukit Jaddhih,3,musim kemarau air keruh pos pembayaran,0,negative,9
Wisata Bukit Jaddhih,5,salah yang bagus yang kunjungi kali berkunjung madura,1,positive,3
Wisata Bukit Jaddhih,5,bukit bagus,1,positive,-1
Wisata Bukit Jaddhih,5,si ok sayang sekali pungutan jln wisata,1,positive,-1
Wisata Bukit Jaddhih,4,masuk kesini bayarnya portal portal kampung portal masuk wisata portal masuk telaga untuk lumayan instragameble disana orang juala mknan minuman ringan tidak yang jualan tapi,1,positive,2
Wisata Bukit Jaddhih,4,pas hujan air bagus,1,positive,9
Wisata Bukit Jaddhih,4,sarana prasarana pendukung memadai,1,positive,-1
Wisata Bukit Jaddhih,4,lokasi penambangan batu kapur indah tunggu musim hujan berkunjung mudah dijangkau surabaya mobil,1,positive,7
Wisata Bukit Jaddhih,4,explore keburu hujan,1,positive,3
Wisata Bukit Jaddhih,4,wisata bukit jaddih soca madura jawa timur,1,positive,3
Wisata Bukit Jaddhih,5,wisata yang eksotis pemandangan bagus cocok foto foto saran kalau kesini pagi sore udaranya segar,1,positive,2
Wisata Bukit Jaddhih,4,bagus nyaman toilet bersihterimakasih,1,positive,15
Wisata Bukit Jaddhih,4,bagussayangnya sebagus foto punglinya parah kemana pemda,1,positive,-1
Wisata Bukit Jaddhih,4,keren semoga maju penataannya keamanan kenyamanan pengunjung,1,positive,-1
Wisata Bukit Jaddhih,1,terbengkalai kelola warga byr rb iuran warga byr masuk area byr rb perkepala masuk area yang perahu,0,negative,-1
Wisata Bukit Jaddhih,1,pungli,0,negative,0
Wisata Bukit Jaddhih,4,alami bagus aktivitas pengeboran aktif masyarakat mengambil uang ilegal jalan,1,positive,2
Wisata Bukit Jaddhih,5,viewnya bagus musti bawa kacamata hitam biar tidak silau karena pantulan tebing,1,positive,-1
Wisata Bukit Jaddhih,3,saja sih gunung kapur titik bagus tergantung pengambilan fotonya,0,negative,9
Wisata Bukit Jaddhih,4,pemandangan menakjubkan hatihati keselamatan,1,positive,12
Wisata Bukit Jaddhih,3,pemandangan indah menakjubkantp tergarap maksimal,0,positive,12
Wisata Bukit Jaddhih,4,berdebu,1,negative,-1
Wisata Bukit Jaddhih,4,lupa pakai masker,1,positive,-1
Wisata Bukit Jaddhih,5,gunung pulau,1,positive,-1
Wisata Bukit Jaddhih,5,bagus mengambil gambar kacamata hitam terang panas,1,positive,-1
Wisata Bukit Jaddhih,4,bukit jeddih wisata yang mrnyenang kn yang menyukai trveling terbuka,1,positive,2
Wisata Bukit Jaddhih,3,pemandangan indah,0,positive,12
Wisata Bukit Jaddhih,5,pemandangan bagus,1,positive,-1
Wisata Bukit Jaddhih,5,keindahan tercipta saksikan mensyukuri,1,positive,0
Wisata Bukit Jaddhih,3,saran kesini menjelang sore saja matahari redup tanahnya batu kapur warnanya putih silau sekali mata sumpah wajib pakai kacamata hitam biar mantap fotonya sayangnya menejemen wisata bagus htm nya mobil k sudah parkir dalem ikutin guide ala gitu yang jatuhnya pungli orang k tidak sekali sih menurutku sudah dapat tiket masuk sepi pengunjung kalau ingin puncak tebing pakai mobil tukang pungli uang titik foto sayang yah sarankan turun saja foto gitu parkir mobilnya sampai tidak ikutin orang tidak deh puasin fotonya,0,negative,2
Wisata Bukit Jaddhih,5,bangga putra madura,1,positive,3
Wisata Bukit Jaddhih,5,tempatnya keren fasilitas untuk turis tidak jd k tambang kapur,1,positive,6
Wisata Bukit Jaddhih,5,bekas penambangan batu putih view bagus foto artistik kolam renang danau,1,positive,-1
Wisata Bukit Jaddhih,5,bukit kapur wisata menjadikan bangkalan terkenal selayaknya suasana bukit kapur berdebu terik panas matahari wajib menyempatkan mengunjungi wisata wisata bukit jaddih memiliki pemandangan indah sudut cocok wisata buru foto saran sunblock pakaian warna hitam bawa payung topi bawa kacamata hitam parkir motor rp harga tiket masuk rp orang khawatir lapar haus bukit jaddih tersedia warung menjual rujak mie snack minuman harga murah semoga jalan bukit jaddih diperlebar diperbaiki hehehe pengunjung nyaman,1,positive,2
Wisata Bukit Jaddhih,3,sayangnya teratur,0,negative,-1
Wisata Bukit Jaddhih,5,indah,1,positive,0
Wisata Bukit Jaddhih,5,baik place instagramable bingits ulala,1,positive,0
Wisata Bukit Jaddhih,4,bagus naiknya curam,1,positive,0
Wisata Bukit Jaddhih,5,panas pol,1,positive,0
Wisata Bukit Jaddhih,5,bukit jadih lokasi penambangan batu kapur desa jadih kecamatan socah kabupaten bangkalan pulau madura bekas penambangan digali bertahuntahun berbentuk kolam raksasa danau airnya penuh musim hujan kering pas kemarau bekas penambangan terpakai dibentuk titik wisata indah kawasan nama danau biru jadih bukit jadih goa pote,1,positive,2
Wisata Bukit Jaddhih,2,bintang wisata pemandangan alam gunung kapur pengelolaan pemerintah daerah berkesan terjaga terawat liarserta danau yang dl indah untuk wisata air kering nunggu musim penghujan untuk airnyaseharusnya pemda harus mengupayakan untuk danau buatan untuk indah aktivitas penambangan warga,0,negative,2
Wisata Bukit Jaddhih,5,suka dengan kolam renangnya,1,positive,6
Wisata Bukit Jaddhih,2,view bagus kawasan terkelola palak nya,0,positive,-1
Wisata Bukit Jaddhih,5,bagus sekali tujuan wisata alternatif keluarga,1,positive,-1
Wisata Bukit Jaddhih,5,bukit kapurr,1,positive,-1
Wisata Bukit Jaddhih,4,alhamdulilah kali kesana tidak kena pungli bayar ribu saja pas masuk ibuibu jaga warung sarankan berangkat pagi biar tidak kepanasan berangkat siang panas debu kapur aktivitas penambangan suasana sepi berkunjung pas kerja oiya lupa dibeli dagangan ibuibu warung itungitung bantu perekonomian warga lokal,1,positive,2
Wisata Bukit Jaddhih,3,musim kemarau kesini pas kalau musim penghujan bagus,0,positive,9
Wisata Bukit Jaddhih,5,indah serasa bukit negri,1,positive,-1
Wisata Bukit Jaddhih,4,terbaik mengunjunginya musim hujan berkeliling perahu pemandangannya indah,1,positive,-1
Wisata Bukit Jaddhih,1,pungli tolong ditertibkan orang orang barbar,0,negative,5
Wisata Bukit Jaddhih,5,pengembangan bagus,1,positive,0
Wisata Bukit Jaddhih,3,keren,0,positive,0
Wisata Bukit Jaddhih,4,hhhhmmmm pungli nyaman pungli panas berdebu sarankan membawa kacamata biar tidak kelilipan sunblock biar kulit tidak gosong berkunjung bukit jadih semoga kedepannya dikelola destinasi wisata nyaman,1,positive,2
Wisata Bukit Jaddhih,5,keren pas panasan kerennya tapi sayang bayarnya banyak sekali,1,positive,-1
Wisata Bukit Jaddhih,4,panaaaad poooouuul disarankan pagi masuk lokasi parkir k titik foto,1,positive,2
Wisata Bukit Jaddhih,4,bukit kapur yang exploitasi daripada mall kena covid lebih kesini cr outdoor yang berkerumun,1,positive,2
Wisata Bukit Jaddhih,5,bagus menyimpan fto kenangan,1,positive,0
Wisata Bukit Jaddhih,5,bagus pemandangan nya fasilitas nya,1,positive,6
Wisata Bukit Jaddhih,4,wisata bekas penambangan batugamping vegetasi lokasi aesthetic disekitarnya penambangan debu,1,positive,2
Wisata Bukit Jaddhih,5,tempatnya bagus,1,positive,11
Wisata Bukit Jaddhih,1,masuk lokasi bayak preman sudah masukin kas desa tidak pp pintu masuk tarik uang rb tidak jelasdi parkiran orang suruh bayar rbmasuk kawah tarik uang lagi perorang rbaq tidak suka sangt kecewa,0,negative,2
Wisata Bukit Jaddhih,5,agustus kesana danaunya surut padahal kalau pas airnya penuh bagus,1,positive,9
Wisata Bukit Jaddhih,3,cuacanya panas sarankan kesini pagipagi panas hatihati pungli perjalanan titik dimana pungli nama kas desa sumbangan desa distop kali kali tiket masuk apa ke expect bukitbukit kapur danau ditengah gitu airnya surut pedagang menjual snacksnack ditempat aktivitas pertambangannya kadang truck pastikan parkir menghalangi jalan ya aktivitas pertambangan berjalan semestinya overall okay sih fotofoto gitu,0,negative,2
Wisata Bukit Jaddhih,3,tempatnya bagus sekali pemandangannya salah orang yang menekan sekali membayar perorangan biayanya orang ribu,0,negative,2
Wisata Bukit Jaddhih,5,wisata wisata pantai pandawa bali,1,positive,3
Wisata Bukit Jaddhih,1,uang masuk pungutan liar,0,negative,-1
Wisata Bukit Jaddhih,5,bagus tempatnya tapi ditagih tiket masuk cm orang rb tapi kalau kali saja wahana nya cm yang goa pote sekarang airnya kering tidak seperti dulu warna biru bening puncak gunung kapur dulu sempet kecelakaan kalau bawa mobil parkir dibawa jalan kaki kalau motor,1,positive,2
Wisata Bukit Jaddhih,1,pemandangannya bagus tempatnya instagramable sayang pungli warga lokal disuruh bayar kas kampung ribu dalem bayar tiket masuk orang parkir ditarik benci warga memaksa parkir tempatnya curiga ditarik tarif parkir tidak masuk akal nominalnya darah nanti ajak baku hantam itu warga tidak turun mobil tidak ngulang wisata seperti gitu wisata bagus bersahabat,0,negative,2
Wisata Bukit Jaddhih,2,kolam air nya kering,0,negative,-1
Wisata Bukit Jaddhih,5,mantap,1,positive,8
Wisata Bukit Jaddhih,5,mantap,1,positive,8
Wisata Bukit Jaddhih,3,wisata bekas galian batu kapur beraktifitas bagus dikembangkan untuk wisata daerah kekurangannya banyaknya pungutan lokasi alasan jalan kampungdesa beberapa meter masuk lokasi dipungut rb orang yang warung masuk lokasi bayar rborang merugikan wisatawan yang berkunjung memperburuk citranama daerah wisatanya,0,negative,2
Wisata Bukit Jaddhih,4,exotice dunia,1,positive,-1
Wisata Bukit Jaddhih,5,keren sekali unik ukiran batu kapur yang dibentuk rupa rb video tonton dichannel youtube dianawek dian,1,positive,7
Wisata Bukit Jaddhih,4,bagus,1,positive,4
Wisata Bukit Jaddhih,2,biaya bayar,0,negative,0
Wisata Bukit Jaddhih,5,masuk kampung bayar kas kampung masuk penarikan akses jalan masuk masuk kawasannya bayar tiket masuk,1,negative,2
Wisata Bukit Jaddhih,5,bagusapalagi kalau air hujan,1,positive,9
Wisata Bukit Jaddhih,5,batu indah,1,positive,-1
Wisata Bukit Jaddhih,5,sudah x kesini titik foto tempatnya unik akses jalannya gaenak sekali,1,positive,-1
Wisata Bukit Jaddhih,1,pungli,0,negative,0
Wisata Bukit Jaddhih,5,bagus,1,positive,4
Wisata Bukit Jaddhih,1,dikit dikit parkirtrus berdebu tidak air,0,negative,-1
Wisata Bukit Jaddhih,5,panas debu entah suka saja kece bgttt,1,positive,-1
Wisata Bukit Jaddhih,4,aman kabar beredar begal,1,positive,5
Wisata Bukit Jaddhih,4,ulasan menyukai warna air indonesia bingung orang hatihati penipuan bagus pemotretan,1,negative,2
Wisata Bukit Jaddhih,4,sisi pemandangannya bagus sekali sayang saja fasilitasnya lengkap oh iya kalau kesana lupa pakai kacamata hitam haha pas panas susah lihat silau sekali sering putih jd silau mata,1,positive,2
Wisata Bukit Jaddhih,1,pungli area aman,0,negative,0
Wisata Bukit Jaddhih,1,pungli,0,negative,0
Wisata Bukit Jaddhih,4,bagus negri dongeng,1,positive,0
Wisata Bukit Jaddhih,3,kesana jalur suramadu mudah diakses google map jalan jarang petunjuk jalan bukit jaddih letaknya masuk kedalam kampung heran pas masuk ganga dicegat mengisi kas desa ngasihnya bebas masuk kampung akses jalannya beraspal kemarau jalannya berdebu kesana pas musim penghujan jalannya becek masuk lokasi bayar rb orang lokasi penambangan bata putih lokasi wisata aktifitas penambangan berjalan wisata berkembang pengelolaan memperbaiki akses jalan menanami pepohonan wisata duduk bersantai dsb,0,negative,2
Wisata Bukit Jaddhih,4,panas,1,positive,0
Wisata Bukit Jaddhih,3,jalan masuk lokasi terjal bebatuanhati hati mobilmotor,0,negative,5
Wisata Bukit Jaddhih,4,pemandangannya indah,1,positive,12
Wisata Bukit Jaddhih,4,bagus sih tmpt nya tapi tidak tmpt berteduh panas sekali,1,positive,-1
Wisata Bukit Jaddhih,5,wisata alami menantang indah pembuatan clip video,1,positive,7
Wisata Bukit Jaddhih,3,post juli tempatnya sih bagus adem sunyi tenang gitu titik fotonya kece bayarnya dimana masuk ditarik rb turun danau pote orang rb ditarik parah sih paraah sekali tolong pemerintah daerahnya diatur biar rame wisatanya kebanyakan pungli kapok kesitu sudah tidak masuk akal,0,negative,2
Wisata Bukit Jaddhih,5,bagus,1,positive,4
Wisata Bukit Jaddhih,4,bagus indah sayang dikelola obyek wisata,1,positive,7
Wisata Bukit Jaddhih,5,panas asyik,1,positive,0
Wisata Bukit Jaddhih,5,mantap paling,1,positive,8
Wisata Bukit Jaddhih,5,lumayanlah foto pas kesana airnya tidak tidak prahu deh,1,positive,2
Wisata Bukit Jaddhih,4,baik view keren lagi kalau di bikin seperti gwk bali,1,positive,-1
Wisata Bukit Jaddhih,4,harga masuk murah,1,positive,0
Wisata Bukit Jaddhih,5,bagus,1,positive,4
Wisata Bukit Jaddhih,5,bukit kebanggaan bangkalan,1,positive,3
Wisata Bukit Jaddhih,5,manusia mencari uang ulet seperti,1,positive,5
Wisata Bukit Jaddhih,2,orang dirampok disana tingkatannya uang ya tidak suka saja bodoh digituin orang madura mah gitu ambil keuntungan perasaan bagus foto,0,negative,2
Wisata Bukit Jaddhih,3,kalau skala smp ya nilai lumayan perbaikan jalan jalan wisatanya toilet kekurangannya smg dikedepannya bagus,0,positive,-1
Wisata Bukit Jaddhih,5,bagus,1,positive,4
Wisata Bukit Jaddhih,5,kapurnya pemandandangan indah,1,positive,-1
Wisata Bukit Jaddhih,1,unik menarik wisata alam batu kapur,0,positive,7
Wisata Bukit Jaddhih,1,wisata punglicapek bnyak punglibnyak mnding cari tmpat,0,negative,-1
Wisata Bukit Jaddhih,3,wisata nya ok bintang hati perjalan nya rawan jambret begal,0,positive,5
Wisata Bukit Jaddhih,4,jun tarif st rp k tarif nd rpk portal masuk pakai karcis tarif rd k orang portal danau pote,1,positive,2
Wisata Bukit Jaddhih,4,tempatnya keren foto panas pungli,1,positive,-1
Wisata Bukit Jaddhih,5,luas,1,positive,0
Wisata Bukit Jaddhih,1,pungli,0,negative,0
Wisata Bukit Jaddhih,5,bukit jaddih bentukan akibat penambangan kapur putih bertahuntahun membentuk keelokan tebing raksasa bentuk eksotis artistik bukit jaddih disuguhi pemandangan menarik bongkahanbongkahan guratan kapur putih berukuran raksasa sebelah utara bukit menjumpai kolam renang nama goa potte terbentuk alami,1,positive,2
Wisata Bukit Jaddhih,5,keren sih cumann,1,positive,0
Wisata Bukit Jaddhih,3,sebagus gambarnya pemandangannya bagus sikap buruk masyarakat,0,negative,-1
Wisata Bukit Jaddhih,3,masuk dari kampung pungli masuk area tarik bayar karcis k mobil pas parkir bayar,0,negative,2
Wisata Bukit Jaddhih,5,bagus foto kesana akhir pekan rame sekali parkirnya saja susah okelah terbayar sama pemandangannya,1,positive,2
Wisata Bukit Jaddhih,2,bangkrut tidak wahana nya,0,negative,0
Wisata Bukit Jaddhih,5,keindahannya diragukan kombinasi alami campur tangan manusia unsur acak teraturnya orang ramai keamanan,1,positive,2
Wisata Bukit Jaddhih,5,ok tapi panas ya,1,positive,-1
Wisata Bukit Jaddhih,4,penambangan batu kapur karya seni dinikmati objek wisata,1,positive,7
Wisata Bukit Jaddhih,5,sinjay,1,positive,0
Wisata Bukit Jaddhih,1,rekomended premannya,0,negative,0
Wisata Bukit Jaddhih,3,siang panas,0,positive,3
Wisata Bukit Jaddhih,5,view foto keren wilayah cocok yang lagi buru prewedding outdoor,1,positive,-1
Wisata Bukit Jaddhih,5,oke,1,positive,17
Wisata Bukit Jaddhih,4,bukit kapur bagus dikunjungi,1,positive,-1
Wisata Bukit Jaddhih,5,titik foto bagus,1,positive,0
Wisata Bukit Jaddhih,5,eksplor,1,positive,-1
Wisata Bukit Jaddhih,5,penasaran dengan keindahannya masih mencari info bukit jeddih rencana bawa rombongan admin bus tapi bus tidak bisa masuk karena pengelola tpq yang th anak ajak refresing percaya diri acara akhirussanah mengharapkan dapat inf yang,1,positive,2
Wisata Bukit Jaddhih,3,preman panas nyaman berwisata,0,positive,-1
Wisata Bukit Jaddhih,5,view bagus,1,positive,12
Wisata Bukit Jaddhih,5,bagus menyaksikan matahari terbenam,1,positive,12
Wisata Bukit Jaddhih,3,lumayan bagus kesana siang,0,positive,-1
Wisata Bukit Jaddhih,5,recomend sayang pungli ditindak tegass,1,positive,5
Wisata Bukit Jaddhih,4,tidak dikelola khusus karena memang area pertambangan aktiv ya aktivitas bagus titik foto air kolamnya tidak musim hujan saja tidak airnya kemarau terkesan gitu saja pas didalem bayarnya x ya sesuai kepentingan warga jd suka masuk gang sudah dicegat kotak amal tulisannya sih rp masuk area bayar rp masuk area kolam keringnya nyebelin bayar rp anak juga harus bayar braaayyy heran saja aku masuk area ngintip gitu karena suruh bayar didalem,1,negative,2
Wisata Bukit Jaddhih,4,nuansa khas,1,positive,-1
Wisata Bukit Jaddhih,5,x berkunjung bagus danao air dikit bagus danau kering air nya ya bagus teman sebetul nya negeri tidak kalah kamu negeri mengunjungi ayo coba berkunjung negara bagus coba teman ber kunjung madura tempatnya bagus,1,positive,2
Wisata Bukit Jaddhih,2,hati hati permintaan punglisebab masuk lokasi bayar kali pembayaran tiket karcis,0,negative,5
Wisata Bukit Jaddhih,4,panas,1,positive,0
Wisata Bukit Jaddhih,4,hebat,1,positive,0
Wisata Bukit Jaddhih,5,bukit jaddhih keren,1,positive,-1
Wisata Bukit Jaddhih,3,tempatnya lumayan bayarnya masuk bayar warga,0,negative,-1
Wisata Bukit Jaddhih,4,bagus,1,positive,4
Wisata Bukit Jaddhih,5,bagus tidak airnya pas kesana,1,positive,9
Wisata Bukit Jaddhih,4,wisata yang bagus bukit kapur,1,positive,-1
Wisata Bukit Jaddhih,4,faktor keamanan ditingkatkan,1,positive,-1
Wisata Bukit Jaddhih,4,unik patut dikunjungi madura,1,positive,3
Wisata Bukit Jaddhih,5,omkmmmmkmchte mkmkmmkmkmmkmmkmkmkmkmmmmmmmmmmmmm,1,positive,10
Wisata Bukit Jaddhih,3,panassss,0,negative,-1
Wisata Bukit Jaddhih,5,desa menyimpan kenangan manis keluarga,1,positive,3
Wisata Bukit Jaddhih,5,pemandangan indah bagus dikunjungi pekan,1,positive,-1
Wisata Bukit Jaddhih,2,pemerintah menertibkan pungli,0,negative,5
Wisata Bukit Jaddhih,3,potensinya bagus sayang pengelolaanya seadanya,0,negative,6
Wisata Bukit Jaddhih,3,premannya malak foto diluar mending langsung masuk saja goa puteh,0,negative,2
Wisata Bukit Jaddhih,5,tempatnya bgus,1,positive,0
Wisata Bukit Jaddhih,5,bagus buru foto rekreasi keluarga,1,positive,-1
Wisata Bukit Jaddhih,3,bukit kapur yang dapat dinikmati telaganya berkunjung sdg surut karena musim kemarau yang mengganggu banyak pungli dimana area orang yang uang orang baru masuk sblm masuk wilayah bukit jeddih x melewati orang yang uang sebagai ganti tiket masuk wilayahnya,0,negative,2
Wisata Bukit Jaddhih,4,wisata bekas tambang batu kapur,1,positive,7
Wisata Bukit Jaddhih,5,keren,1,positive,0
Wisata Bukit Jaddhih,4,bagus wisata khusus bukit kapur disarankan kesana musim hujan danaunya airnya musim kemarau danau kering goa goa kapur ornamen bagus berfoto ria berangkat siang disarankan membawa payung jadi hotttttt sore sunsetnya siluetnya bagus daerahnya daerah lapar khawatir warung warung berjejer memenuhi kebutuhan perut senang trip dan explore,1,positive,2
Wisata Bukit Jaddhih,5,subhanalloh kebesaran allah natural amazing,1,positive,-1
Wisata Bukit Jaddhih,4,bagus titik foto fasilitas tahap pengembangan sayangnya pungli bawa orang asli madura hehe,1,positive,-1
Wisata Bukit Jaddhih,5,pemandangan indah dikelilingi pegunungan kapur menarik,1,positive,-1
Wisata Bukit Jaddhih,5,tempatnya bagus kesini mobil jalannya sempit sekali rusak disarankan pakai sedan mobil ground clearance rendah,1,positive,6
Wisata Bukit Jaddhih,5,bagus dtg pas musim hujan tidak menikmati,1,positive,9
Wisata Bukit Jaddhih,5,kesini pakai mobil ceper,1,positive,-1
Wisata Bukit Jaddhih,1,malas penduduk atau warga preman,0,negative,-1
Wisata Bukit Jaddhih,3,pemandangannya bagus,0,positive,12
Wisata Bukit Jaddhih,3,wisataa bagus penunjuk jalan fasilitas wisata mendukung,0,positive,-1
Wisata Bukit Jaddhih,1,pungli nya,0,negative,0
Wisata Bukit Jaddhih,1,pungutan liar ditertibkan pengunjung enggan berkunjung,0,negative,5
Wisata Bukit Jaddhih,1,mbayar nya,0,negative,0
Wisata Bukit Jaddhih,4,bagus sih sayang pungli keamanan terjaga,1,positive,-1
Wisata Bukit Jaddhih,1,menarik foto saja bagus jga pungli,0,negative,0
Wisata Bukit Jaddhih,4,indah fotografi,1,positive,0
Wisata Bukit Jaddhih,5,indah kenangan indah,1,positive,0
Wisata Bukit Jaddhih,5,panas den haag,1,positive,0
Wisata Bukit Jaddhih,5,saja,1,negative,0
Wisata Bukit Jaddhih,5,sungguh indonesianya,1,positive,-1
Wisata Bukit Jaddhih,5,pemotor hati dijalan kesini,1,positive,5
Wisata Bukit Jaddhih,3,indah pemandangannya,0,positive,12
Wisata Bukit Jaddhih,1,jelek tidaj seperti,0,negative,0
Wisata Bukit Jaddhih,1,sayang wisata bagus tidak dikelola dengan,0,negative,5
Wisata Bukit Jaddhih,3,bagus untuk selfa selfi,0,positive,0
Wisata Bukit Jaddhih,5,bagus,1,positive,4
Wisata Bukit Jaddhih,5,debu kapurnya diwaktu musim panasga tau kalau musim hujan gimana ua,1,positive,9
Wisata Bukit Jaddhih,2,tempatnya indah bagus sekali view nya untuk foto hanya dikelola saja pemerintah dikasih bimbingan warga pungli masuk kampungnya kena bayar terus masuk kearea tambangnya bayar pas sudah masuk foto bayar disuruh jelasin orang nya bilang beda bayarnya tidak ada kejalasan apapun dikoodinasikan lagi saja sih biar pengunjung kesini sekedar tau tempatnya bagus sekali,0,negative,2
Wisata Bukit Jaddhih,4,masih layak kunjungi feb akses jalan masuk masih bebatuan,1,positive,-1
Wisata Bukit Jaddhih,5,indah,1,positive,0
Wisata Bukit Jaddhih,3,terawat mgkn tidak perhatian pemda bangkalan,0,negative,5
Wisata Bukit Jaddhih,1,kesini berdua motor hp jambret daerah perkampungan bukit jaddih ramesudah teriak ngejar tolong orang respon ya pelajaran saja hati dimanapun trauma,0,positive,2
Wisata Bukit Jaddhih,5,bukit kapur buatan,1,positive,-1
Wisata Bukit Jaddhih,5,view bagus,1,positive,12
Wisata Bukit Jaddhih,3,saja gunung kapur siang puanas sekali danaunya kering,0,negative,-1
Wisata Bukit Jaddhih,2,sungguh disayangkantempat yang bagus tapi tidak dikelola dengan pungutan yang tidak fasilitas tidak masyarakat blm selamat datang dengan wisatawan,0,negative,-1
Wisata Bukit Jaddhih,5,kerenlah foto foto,1,positive,0
Wisata Bukit Jaddhih,5,tempatnya bagus saljunya sayangnya kesana danaunya surut penjaga tdak menikmati kecewa,1,positive,-1
Wisata Bukit Jaddhih,3,ditangani infrastrukturnya,0,negative,-1
Wisata Bukit Jaddhih,1,sayang jlmasuknya jelek sama pungutan liar,0,negative,-1
Wisata Bukit Jaddhih,1,kesini yang kalinya niatnya survey penelitian pas masuk jalan desa kas desa ditanyain pengelola masuk anak muda yang uang rb untungnya pengelola pas pulang niatnya jalan jalan pakai motor keatas pas yang manggil hasil putar karena pungli jalur pas sampai yang manggil pungli sayang sebagus sepi pengunjung diurus pungli,0,negative,2
Wisata Bukit Jaddhih,2,panas preman pungli yang tidak,0,negative,-1
Wisata Bukit Jaddhih,5,baik tapi puanas polll,1,positive,0
Wisata Bukit Jaddhih,5,tempatnya bagus panas sekali tidak lamalama hehhe,1,positive,-1
Wisata Bukit Jaddhih,3,tempatnya unik berdebu nyaman berlamalama bawa anak,0,negative,-1
Wisata Bukit Jaddhih,5,ramai panas cuacanya luas nyaman rekreasi keluarga orang jualan ramai pekan kebanyakan jawa timur,1,positive,-1
Wisata Bukit Jaddhih,4,panas membara indah menyala,1,positive,-1
Wisata Bukit Jaddhih,1,foto prewedd mahal informasi yang dikenakan biaya k disaat aktifitas penambangan mohon pengelolahan diatur kedepannya,0,negative,2
Wisata Bukit Jaddhih,5,panas,1,positive,0
Wisata Bukit Jaddhih,4,bukit jaddih lokasi penambangan kapur aktif polanya tambang manual alat berat lokasi ditambang sisa pahatan unik aku aku unik genangan air unik membentuk kolam cuaca bukit jaddih panas debu kapur putih lengket pakaian kendaraan pastikan membawa masker akses jalan pungutan jalan masuk lokasi kena kali pungutan jalan aspal lokasi berkisar rb rb pungutan mengganggu bukit jaddih kecamatan socah desa jaddih kabupaten bangkalan madura bukit kapur jaddih berjarak kilometer pusat kota kabupaten bangkalan berjarak km pusat kota surabaya,1,positive,2
Wisata Bukit Jaddhih,5,tempatnya menarik jarang wisata menyuguhkan pemandangan experience jaddih hill madura suka lorong lorong bekas penambangan bata putih langit langit nya sungguh artistik wajib bawa sunblock kalau musim kemarau,1,positive,-1
Wisata Bukit Jaddhih,3,tempatnya bagus eksotis alami masih blm dikelola dengan maksimal masih ala kadarnya ya karena masih operasional pengambilan kapur lainyg wisata masyarakat harus sd menerima tamu,0,negative,2
Wisata Bukit Jaddhih,5,wisata yang menarik,1,positive,3
Wisata Bukit Jaddhih,4,lumayan tahap pembentukan bagus foto,1,positive,0
Wisata Bukit Jaddhih,5,bagus tempatnya warna air kolam menambah kesan cantik aksen tebing putih keren,1,positive,-1
Wisata Bukit Jaddhih,1,peringkat bintang siasia akses jalan nyaman biaya masuk desa biaya masuk parkir biaya menonton uangnya menjengkelkan menyuruhmu membayar uang pergi uang kembalian pemandangan terpencil pengumpulan pemandu buangbuang bahan bakar pergi direkomendasikan,0,positive,2
Wisata Bukit Jaddhih,4,akses masuknya sempit tambang batu kapur aktif jalan berdebu tebal papan petunjuk lokasi resmi pemda lokasi bagus kolam renang sewa selfie ok sekali warung warung kopi snackbuah lumayan,1,negative,2
Wisata Bukit Jaddhih,5,tempatnya lumayan,1,positive,11
Wisata Bukit Jaddhih,3,salah wisata madura,0,positive,3
Wisata Bukit Jaddhih,3,mengecewakan gambar google kenyataannya bagus yah pemandangan bukit lumayan,0,negative,-1
Wisata Bukit Jaddhih,4,menyesap,1,positive,-1
Wisata Bukit Jaddhih,5,penasaran datanglah bukit kapur letaknya pusat kota bangkalan langaung membuktikan keindahan bukit kapur nama bukit jaddih tidak fotofoto mejeng medsosnya orangorang laen langsung berselfie bertouringlah teman mbolang anak berwisata bukit jaddih bukit bertempat lokasi sama goa pote bukit jaddih sulit tinggal mengikuti google map saja sudah sampai sudah alhamdulilah perjalanan lancar konon ceritanya bukit kapur bunker peninggalan belanda dijadikan penambangan kapur pengambilan kapur menghasilkan kubangan lekukan maha indah yang dijadikan obyek wisata tidak sepi wisatawan berkunjung bukit jaddih aku danau airnya berwarna kehijauan kendaraan roda arau bukit jaddih hatihati naiknya terjal bebatuan pasir panasnya lumayaaan hehe baiknya bukit jaddih pagi sore jual makanan minuman warungwarung menjual gorengan jajanan makanan mie minuman bagus tujuan wisata keluarga anakanak recommended foto prewedding,1,positive,2
Wisata Bukit Jaddhih,2,pungutan liar semoga pemkab bangkalan menertibkan tarif masuk yang sampai kali pungutan jalan kampung yang pas masuk malas yang berkunjung,0,negative,-1
Wisata Bukit Jaddhih,5,bawa payungsunscreenpake sepatu baju lengan,1,positive,-1
Wisata Bukit Jaddhih,5,menarik,1,positive,-1
Wisata Bukit Jaddhih,1,bukit jaddhih memprihatinkan kondisi lingkungan wisatanya terkondisikan batu gamping retakretak menghawatirkan wisatawan berkunjung harapan semoga perhatian,0,negative,-1
Wisata Bukit Jaddhih,5,bagus foto,1,positive,0
Wisata Bukit Jaddhih,5,musim kering airnya,1,negative,0
Wisata Bukit Jaddhih,5,tempatnya bagussayang pengelolanya lagi tiket masukny pas lagi masik sdh ditarik tiket katnya sdh eh ktmpt berikutny ditarkk lghatiklo berkunjung kesinimobil harus yang juga,1,positive,2
Wisata Bukit Jaddhih,5,nya indah bagus foto bareng keluarga,1,positive,-1
Wisata Bukit Jaddhih,4,bagus tempatnya yang dibenahi wahana wisatanya,1,positive,-1
Wisata Bukit Jaddhih,1,pungli,0,negative,0
Wisata Bukit Jaddhih,5,bagus untuk berfoto ria,1,positive,0
Wisata Bukit Jaddhih,3,tempatnya bagus sebenernya sayang saja rambu petunjuk arah orang pendatang bingung,0,negative,-1
Wisata Bukit Jaddhih,5,bagus,1,positive,4
Wisata Bukit Jaddhih,5,wisata lokal,1,positive,3
Wisata Bukit Jaddhih,3,potensi sayang dimanage dengan bea tarif tidak,0,positive,5
Wisata Bukit Jaddhih,1,tidak,0,negative,0
Wisata Bukit Jaddhih,4,eksotik sayang fasilitasnya,1,positive,-1
Wisata Bukit Jaddhih,1,kesana tapi pungli tidak deh,0,negative,-1
Wisata Bukit Jaddhih,4,akses perbaikan,1,positive,-1
Wisata Bukit Jaddhih,4,penambangan batu kapur hatihati pengunjung kendaraan roda pergi berkelompokmi,1,positive,7
Wisata Bukit Jaddhih,5,wisata alam bagus sayang dikelola terkait pemerintah dinas pariwisata daerah banyaknya pungli warga lokal terkordinasi kesannya tidak bayar embel dikasih karcis yang resmi bermodal diketik print fotokopian meresahkan kalau kali kesana bingung ditarik tarif kali dari ujung masuk sampai lokasi itupun beda titik yang jaraknya sebelahan masuk tiket lagi jd tertata pengelolaan yang wisata menjanjikan menarik terapi yang meresahkan banyaknya pungli warga lokal kalau sanak saudara teman kerabat family yang domisili madura bangkalan direkomendasikan guide dadakan enak bertemu warga lokal yang menarik retribusi tersebut,1,positive,2
Wisata Bukit Jaddhih,1,wew masuk jalan kampun pungli masuk pos tanya parkir ditarik pungli masuk portal pungli belum kalau pas naek ketempat yang ketemu pria berkuncir uang jalan rusak disarankan bawa mobil sedan representatif respon pengunjung ramah pokoknya tidak nyaman deh kayaknya dikelola pemda kalau dikelola perorangan kesannya tidak,0,negative,2
Wisata Bukit Jaddhih,1,banyak mafia parkir hati harus nekad bawa teman madura view oke,0,negative,5
Wisata Bukit Jaddhih,5,bagustp luas danau nya,1,positive,-1
Wisata Bukit Jaddhih,1,pungli pemda bangkalan menindak pelaku pungli la masuk kesana saja bayar kali,0,negative,5
Wisata Bukit Jaddhih,4,nikmati wisata alam bukit kapur yang terbentuk tangan kreatif manusia indah sore smp tmpt,1,positive,7
Wisata Bukit Jaddhih,3,kayaknya dimaksimalkan hindari bangunan yang bahannya natural besi seng bagus kalau unsur alam kayu batu tarikan uang,0,negative,-1
Wisata Bukit Jaddhih,5,bagus foto pre weedding foto kalender buansa pemandangan instagramable,1,positive,0
Wisata Bukit Jaddhih,5,eksotisbanget,1,positive,10
Wisata Bukit Jaddhih,5,bagus,1,positive,4
Wisata Bukit Jaddhih,5,oke,1,positive,17
Wisata Bukit Jaddhih,5,lumayan,1,positive,-1
Wisata Bukit Jaddhih,5,tempatnya bagus cocok liburan keluarga disarankan memakai pakaian tebal cuaca disana panas harga tiket masuk terjangkau dikenakan perkepala,1,positive,2
Wisata Bukit Jaddhih,5,pas berselfie ria pengelolaan profesional penataan parkir kamar mandi makan jajan akses masuk dibenahi,1,positive,-1
Wisata Bukit Jaddhih,2,calo parkirnya akses bagus papan petunjuk,0,negative,6
Wisata Bukit Jaddhih,3,kolam nya kosong tidak ada airnya,0,negative,9
Wisata Bukit Jaddhih,1,mahal kali masuk serba bayar hadeeeewww,0,negative,-1
Wisata Bukit Jaddhih,5,wisata lokal murah meriah tempatnya bagus titik foto selfi bukit kapur digali kapurnya sisa penggalian meninggalkan pemandangan unik bagus foto masuk wilayah bukit jaddhih bukit poteh ditarik rp orang,1,positive,2
Wisata Bukit Jaddhih,3,indah mengesankan sayangnya air danau buatan biaya masuk terduga penduduk ramah kecewa harganya murah rp x,0,negative,2
Wisata Bukit Jaddhih,2,dikelola pungutan oknum masyarakat,0,negative,-1
Wisata Bukit Jaddhih,5,kesini pagi sore tidak panas pemandangan bagus sih ditarik restribusi,1,positive,-1
Wisata Bukit Jaddhih,4,panas,1,positive,0
Wisata Bukit Jaddhih,4,wisata yang indah,1,positive,3
Wisata Bukit Jaddhih,4,bagus punglinya,1,positive,0
Wisata Bukit Jaddhih,5,keren,1,positive,0
Wisata Bukit Jaddhih,5,sayang kering,1,positive,-1
Wisata Bukit Jaddhih,4,kereen,1,positive,10
Wisata Bukit Jaddhih,5,bagus menarik,1,positive,0
Wisata Bukit Jaddhih,4,salah wisata bangkalan madura bukit yang terbentuk batu kapur musim hujan air danau yang berwarna hijau tq,1,positive,2
Wisata Bukit Jaddhih,5,bsgus,1,positive,0
Wisata Bukit Jaddhih,4,bawa payung deh kalau kesini panas,1,positive,9
Wisata Bukit Jaddhih,5,asyik hati hati hujan jalanan berbatu,1,positive,-1
Wisata Bukit Jaddhih,5,wisata salah madura bersua foto,1,positive,3
Wisata Bukit Jaddhih,5,wisata bukit jaddhih primadona madura kalah bagusnya pantai maduratempat wisata bukit kapur kotor kesinitapi terbayar pemandangan indah bukit wisata pakai foto prewedding fotografer suka buru foto pemandunya rama fasilitas okebanyak orang berjualan cemilan tidak takut lapar,1,positive,2
Wisata Bukit Jaddhih,3,alami fasilitas,0,negative,0
Wisata Bukit Jaddhih,5,lumayann terisolasiisecaraa nambang batu kapurr,1,positive,-1
Wisata Bukit Jaddhih,5,manteb sekali dech wonderfull,1,positive,0
Wisata Bukit Jaddhih,4,kerren sih temptnya sayang sy kesana airnya tidak semoga nanti kesana airnya danau,1,positive,-1
Wisata Bukit Jaddhih,3,tambang bukit kapur yang lumayan cantik sayangnya kebanyakan yang narik uang tidak yang resmi yang,0,negative,2
Wisata Bukit Jaddhih,1,tempatnya oke berwisata pungutan dijadikan x pintu masuk,0,positive,6
Wisata Bukit Jaddhih,3,titik foto bagus lw sore,0,positive,0
Wisata Bukit Jaddhih,4,tempatnya seru,1,positive,11
Wisata Bukit Jaddhih,5,wisata yang keren bagus,1,positive,3
Wisata Bukit Jaddhih,5,dbuat liburan,1,positive,0
Wisata Bukit Jaddhih,1,gile turun mobil saja sudah ditarikin uang pas tiketnya tidak adaudh gitu lapis punglinya masuk total x ditembakin pungli tidak rekomended,0,negative,2
Wisata Bukit Jaddhih,5,jalan sekali mobil saja lokasi kali bayar uang masuk tidak rb sih worth it sekali yang hobby foto titik yang keliatannya saja tapi pas difoto waaaaahh sayangnya pas kemarin kesini danaunya kering,1,positive,2
Wisata Bukit Jaddhih,5,wisata ini,1,positive,3
Wisata Bukit Jaddhih,5,bagussss,1,positive,0
Wisata Bukit Jaddhih,3,pemandangan bukit kapur selebihnya disana danau nya kering,0,negative,-1
Wisata Bukit Jaddhih,3,kurangnya papan petunjuk pengunjung kesasar,0,negative,5
Wisata Bukit Jaddhih,1,pengelolaan bukit jadih tolong ditertibkan iuran masuk kampung bayar pintu masuk bayar parkiran bayar terus masuk lokasi bayar petugas iuran preman,0,negative,2
Wisata Bukit Jaddhih,5,bagus,1,positive,4
Wisata Bukit Jaddhih,2,punglinya,0,negative,0
Wisata Bukit Jaddhih,5,pas kesana untung lagi tidak panastapi bukit kapur nya menyilaukan mata,1,positive,-1
Wisata Bukit Jaddhih,5,favorit pemotretan siang panas pagi,1,positive,-1
Wisata Bukit Jaddhih,5,bukit jeddih mantap,1,positive,-1
Wisata Bukit Jaddhih,1,punglinya parah,0,negative,0
Wisata Bukit Jaddhih,4,surabaya,1,positive,3
Wisata Bukit Jaddhih,5,indah bagus,1,positive,0
Wisata Bukit Jaddhih,1,preman kampung pindah posisi parkir langsung didatangi uang berani nolak panas jam pagi pas kesana danaunya kering tidak recommended mending bukit arosbaya,0,negative,2
Wisata Bukit Jaddhih,1,gersang penuh biaya masuk dipalak warga rb masuk bayar rb parkir bayar pindah bayar biaya tidak sesuai dengan pemandangan tidak rekomen,0,negative,2
Wisata Bukit Jaddhih,1,eksotik bagus selfi fasilitas pungli,0,negative,5
Wisata Bukit Jaddhih,5,tempatnya bagus foto saran saja kalau kesana siang panas sekali terus karcis kalau dijadikan saja biar tidak bolak bayar,1,positive,2
Wisata Bukit Jaddhih,4,lumayan wisata murah meriah tempatnya bagus pengelola kebersihan,1,positive,-1
Wisata Bukit Jaddhih,5,situs indah objek,1,positive,7
Wisata Bukit Jaddhih,3,pas destinasi yang dituju danau birunya kering jd foto batuan kapur deh banyak pungli blm kelola dengan baiksepanjang masuk madura kanan kiri banyak sekali makamhihii tambah cocok sama cuaca panasnya madura,0,negative,2
Wisata Bukit Jaddhih,5,bagus,1,positive,4
Wisata Bukit Jaddhih,5,musim hujanbiar danau view nya,1,positive,-1
Wisata Bukit Jaddhih,1,bayar k telaga kering buangbuang uang,0,negative,5
Wisata Bukit Jaddhih,4,indah,1,positive,0
Wisata Bukit Jaddhih,4,lumayan jalan nya semi mati road,1,positive,6
Wisata Bukit Jaddhih,2,jalan jelek fasilitas diperbaiki destinasi wisata,0,negative,5
Wisata Bukit Jaddhih,2,wisata aku buatan bagus sekedar melepas lelah melintasi jembatan suramadu biaya akomodasi dari biaya masuk parkir kendaraan tiket masuk wisata initerlalu pungli air surut,0,negative,2
Wisata Bukit Jaddhih,4,instagrammable panas kering medan kesana digolongkan mudah kemarau kesana goa pote airnya,1,positive,2
Wisata Bukit Jaddhih,2,sesuai gambar atau yang tidak ngerti lokasinya hati dengan warga pungli nya jadi shame,0,negative,2
Wisata Bukit Jaddhih,5,karena kolam jaddih kolam terbesar madura,1,positive,-1
Wisata Bukit Jaddhih,1,pungli,0,negative,0
Wisata Bukit Jaddhih,5,enak orang hobby foto bagus titik foto,1,positive,0
Wisata Bukit Jaddhih,5,liburan madura,1,positive,3
Wisata Bukit Jaddhih,1,parkir mahal,0,negative,0
Wisata Bukit Jaddhih,5,panas,1,positive,0
Wisata Bukit Jaddhih,4,layak berfoto berenang bawa uang uang masuk parkir tolak jalani salah objek wisata terbaik madura,1,positive,-1
Wisata Bukit Jaddhih,5,lumayan panas,1,positive,0
Wisata Bukit Jaddhih,3,lokasi bayar karcis,0,negative,0
Wisata Bukit Jaddhih,5,wisata bukit jaddih socah madura pemandangan bukit kapurnya indah untuk berwisata kesini menyediakan topi payung juga memakai sepatu karena berjalan kaki dengan jalan yang turun pemerintah memperhatikan akses jalan bukit jaddih menarik wisatawan untuk kesini akses jalannya rusak,1,positive,2
Wisata Bukit Jaddhih,1,temptnya lumayan sayangnya sarang gerombolan pungli sudut palak,0,negative,-1
Wisata Bukit Jaddhih,4,bagus fotografi pungli,1,positive,0
Wisata Bukit Jaddhih,4,kebanyakan pungli panas bagus semoga tertata,1,positive,0
Wisata Bukit Jaddhih,3,pemandangan bagus aksesnya jalan pengunjung nyaman melewati nya papan penunjuk,0,positive,-1
Wisata Bukit Jaddhih,4,potensial pariwisata alami indah kali omong perbaikan tolong jaga kebersihannya buatlah peraturan membuang sampah sembarangan mengelola area parkir membangun mengatur area parkir terpusat ketiga memperjelas marka jalan menyesatkan terima kasih,1,positive,-1
Wisata Bukit Jaddhih,4,pungutan bayar masuk tmpat nyaman tuk liburan,1,negative,-1
Wisata Bukit Jaddhih,3,sudah tidak airnya,0,negative,-1
Wisata Bukit Jaddhih,5,bagus,1,positive,4
Wisata Bukit Jaddhih,2,bukit penambangan kapur titik foto bagus foto instagram cocok ajak keluarga goa pote kolam pemandian dibekas penambangan kapur masuk lokasi pungli sesuai review mengecewakan bawa keluarga lokasi cocok suka narsis bawa keluarga ketempat,0,positive,2
Wisata Bukit Jaddhih,5,suguhan pemandangan alam,1,positive,12
Wisata Bukit Jaddhih,3,bagus tapi kendaraan mobil yang menargetpreman yang di kawasan srbaikknya patkir lokasi sepi jarang pengunjung dilengkapi fasilotas toilet kmar mandi prahu sayang pas kesana airnya suruttidak air kemarau pakai masker biar kena debu,0,positive,-1
Wisata Bukit Jaddhih,4,obyek batuan kapur gwk bali musim hujan jalan kesana blom bagus terbaik mengambil foto siang foto cerah maksimal diedit lupa bawa payung biar manjah,1,positive,2
Wisata Bukit Jaddhih,5,calo hatilah pemandangannya mantul,1,positive,-1
Wisata Bukit Jaddhih,3,pemandangan alam manusia penambangan batu gamping meberikan nilai warga,0,positive,7
Wisata Bukit Jaddhih,1,pungli ne koyok anjing dapuran watu kapur ae mosok entek ewu jancuk alasan keamana keamanan taek taa,0,negative,-1
Wisata Bukit Jaddhih,1,bagus pungli yang wisatawan nyaman pengunjung kecewa,0,negative,-1
Wisata Bukit Jaddhih,1,hati hati pungli,0,positive,16
Wisata Bukit Jaddhih,3,tempatnya terawat,0,negative,11
Wisata Bukit Jaddhih,1,tempatnya bagus tapi punglinya kebangetan ujungnya bayar mahal rb kapok sudah malas lagi kesitu,0,negative,2
Wisata Bukit Jaddhih,1,premannya,0,negative,0
Wisata Bukit Jaddhih,1,bukit jaddih layak destinasi wisata aksi pungli premanisme disekitar merajalela parah yang wisata jaddih mending pikir ulang kalau kesana setor uang yang tidak gunanya,0,negative,-1
Wisata Bukit Jaddhih,1,preman sekaliipungli dimanagk rekomeded blasssscoret dari daftar wisata,0,negative,-1
Wisata Bukit Jaddhih,5,luas bagus,1,positive,0
Wisata Bukit Jaddhih,5,bagus sekali,1,positive,0
Wisata Bukit Jaddhih,3,kalau danaunya tidak air,0,negative,9
Wisata Bukit Jaddhih,5,kerr,1,positive,0
Wisata Bukit Jaddhih,2,buruk air danau,0,negative,0
Wisata Bukit Jaddhih,3,penasaran kalinya apaapa istimewa,0,negative,-1
Wisata Bukit Jaddhih,2,bagus eksotik aku indahnya,0,positive,0
Wisata Bukit Jaddhih,4,panas sekali bagus sih tapi jd penambangan kapur yang aktif jd saingannya sama truk gitu,1,positive,9
Wisata Bukit Jaddhih,1,berhati ya pungutan karcis liar pemandangannya indah terganggu pungutan liar,0,negative,-1
Wisata Bukit Jaddhih,2,kiriman bayar,0,negative,0
Wisata Bukit Jaddhih,5,bagus,1,positive,4
Wisata Bukit Jaddhih,5,panas sekali cocok menghitamkan kulit,1,positive,-1
Wisata Bukit Jaddhih,4,bagus pemotretan membayar rp k tiket masuk terjangkau wajib membawa kacamata hitam cuaca cerah pemandangannya mempesona pantulan batu kapur,1,positive,2
Wisata Bukit Jaddhih,5,tempatny bagus unik dengan brown canyon umumny tapi lebih artistik nilai seni yang,1,positive,-1
Wisata Bukit Jaddhih,5,pemandangannya bagus tempatnya debunyajalanan permanen,1,positive,6
Wisata Bukit Jaddhih,4,wisata alam bekas tambang kapur yang memesona akses jalannya diperbaiki,1,positive,7
Wisata Bukit Jaddhih,5,bagus aksesnya menantang,1,positive,-1
Wisata Bukit Jaddhih,5,tempatnya bagus sih hanya sayang saja gitu dateng pas musim kemarau bukitnya tidak air dateng pas musim hujan saja biar airnya pas bagus htmnya sudah parkirnya bayar hanya x saja rbu mobil orang aman sekali orangnya ramah tambah tour guide kang foto,1,positive,2
Wisata Bukit Jaddhih,4,ditutup konstruksi tipa bawalah air panas,1,positive,-1
Wisata Bukit Jaddhih,5,wisata menarik unik,1,positive,3
Wisata Bukit Jaddhih,5,destinasi terindah termurah tidak bayar disarankan jam pagi sore maks merekomendasikan,1,positive,-1
Wisata Bukit Jaddhih,3,istimewadan tiket masuknya mahal bayar kalitidak sepadan,0,negative,-1
Wisata Bukit Jaddhih,5,tiketnya murah instagrammable sekali,1,positive,-1
Wisata Bukit Jaddhih,3,lumayan,0,positive,-1
Wisata Bukit Jaddhih,5,pemandanganya hot sekali,1,positive,12
Wisata Bukit Jaddhih,5,tambang kapur objek wisata pemandangannya indah truck masuk,1,positive,7
Wisata Bukit Jaddhih,5,kali kesini pas musim kemarau tempatnya kering tidak air saran semoga pengelola menambah sampah wisata sampah berserakan mengurangi keindahan bukit jaddih semoga ditambah berteduh panas penataan warung makan menarik,1,positive,2
Wisata Bukit Jaddhih,1,musim kemarau menarik panas n berdebu n air kosong,0,negative,9
Wisata Bukit Jaddhih,4,usahakan februari danaunya kering,1,positive,9
Wisata Bukit Jaddhih,5,memang daerah panastp dengan disuguhi kol renangademnya bqn betah,1,positive,-1
Wisata Bukit Jaddhih,3,wisata disuruh bayar padahal wahananya,0,negative,-1
Wisata Bukit Jaddhih,5,panas sekali lokasinya tidak suramadu,1,positive,6
Wisata Bukit Jaddhih,4,danaunya kering seindah gambar instagramable,1,positive,-1
Wisata Bukit Jaddhih,5,hasil foto bagus semangat ayo lakukan perbaikan perbaikan,1,positive,0
Wisata Bukit Jaddhih,4,tempatnya panas musim hujankalau kesana dihimbau bawa masker topi pakai sunblock,1,positive,-1
Wisata Bukit Jaddhih,1,campur tangan pemerintah tidak wahana wisata,0,negative,5
Wisata Bukit Jaddhih,3,perawatan,0,negative,0
Wisata Bukit Jaddhih,1,mengerikanharus hati bermotor begaltempat sepi,0,negative,5
Wisata Bukit Jaddhih,5,wisata alam yang baguscuma sayang kesana airnya lagi kering,1,positive,9
Wisata Bukit Jaddhih,2,pungli berkarcis menarik uang madura mah bebas,0,negative,5
Wisata Bukit Jaddhih,5,bukit jaddhih bagus cuaca nya panas dingin udaranya tiket masuknya murmer,1,positive,2
Wisata Bukit Jaddhih,2,memutuskan menerimanya,0,negative,0
Wisata Bukit Jaddhih,3,tempatnya panas kalok siang terbayarkan view yang indah,0,positive,-1
Wisata Bukit Jaddhih,1,masih kurangnya perawatan petunjuk arah yang bagus titik foto,0,negative,5
Wisata Bukit Jaddhih,5,tempatnya alamimeskipun alat berat,1,positive,-1
Wisata Bukit Jaddhih,2,air mengering,0,negative,0
Wisata Bukit Jaddhih,4,kemarau panas,1,positive,0
Wisata Bukit Jaddhih,3,pemandangannya oke menariknya kolam renang bukit dikelola penduduk membayar uang k mobil kppl memasuki kali menemukan tiket ilegal menghabiskan k memasuki area potensi pemerintah peluang,0,negative,2
Wisata Bukit Jaddhih,5,keren,1,positive,0
Wisata Bukit Jaddhih,5,lupa bawa kacamata masker payung ya gesss debu panas view nya bangus renov gitu,1,positive,9
Wisata Bukit Jaddhih,5,tuhan maha kuasa ciptakan segalagala nya yang buruk indah bukit jaddih,1,positive,1
Wisata Bukit Jaddhih,4,jalan bukit lumayan sempit musim panas rekomend panas debu dalem goa lumayan dingin harga tiket masuk danau goapote rp perorang pemandangan nya unik instagramable danaunya kering mantap bagus,1,positive,2
Wisata Bukit Jaddhih,3,panasbawa payung masker ya,0,positive,9
Wisata Bukit Jaddhih,5,bagus,1,positive,4
Wisata Bukit Jaddhih,3,tempatnya bagus panas sekali,0,positive,-1
Wisata Bukit Jaddhih,4,unik panas gersang,1,positive,-1
Wisata Bukit Jaddhih,2,sisi hijau debu panas tiket masuk dikelola marak pungli,0,negative,5
Wisata Bukit Jaddhih,5,bukit jaddih kali kesini berubah utama bentuk garukan tambang suka kasih rating bagus sekali foto bikib nyaman musola kalay sebelum kesini solat ya masjid terdekat nyaman keisni pakai sepatu kaos kaki kalay sandal berdebu alergi debu usulin bawa masker terbaik view nya sunset fotonya baguskena siluet latarnya bukit jadih putih masuknya lupa toll suramadu sudah tidak bayar danau nya kesana kering penghujan bagus overall bagus seperti foto salju tips baju terang segar bold agr foto mengesankan,1,positive,2
Wisata Bukit Jaddhih,3,panas berdebu,0,negative,-1
Wisata Bukit Jaddhih,3,bagus,0,positive,4
Wisata Bukit Jaddhih,4,bagus sih recomended musim panas debu beterbsngan kendaraan kotor lahi hati preman palak uang,1,positive,2
Wisata Bukit Jaddhih,5,excellent akibat penambangan kapur,1,positive,7
Wisata Bukit Jaddhih,4,panas,1,positive,0
Wisata Bukit Jaddhih,1,kacau tanjakan orang narik retribusi,0,negative,5
Wisata Bukit Jaddhih,5,wisata alam utamanya menonjolkan tebing putih kapur pahatan yang unik tebingnya tebing breksi yogya taman sari yogya,1,positive,-1
Wisata Bukit Jaddhih,4,eksotis natural,1,positive,-1
Wisata Bukit Jaddhih,4,bagus manusia terbuat bangunan karst,1,positive,-1
Wisata Bukit Jaddhih,1,retribusi fasilitas parkir keamanan wc pengelolaan,0,negative,5
Wisata Bukit Jaddhih,4,perbaikan manajemen,1,positive,0
Wisata Bukit Jaddhih,5,bagus n bagus,1,positive,0
Wisata Bukit Jaddhih,5,tempatnya bagus panas,1,positive,11
Wisata Bukit Jaddhih,5,bagus sayang pas kesana kondisi kemarau air danaunya mengering kosong,1,positive,9
Wisata Bukit Jaddhih,4,tempatnya lumayan bagus sayang sarana jln blm dikelola dng,1,positive,6
Wisata Bukit Jaddhih,3,aksesnya berdebu,0,negative,-1
Wisata Bukit Jaddhih,5,sekedar nostalgia foto pas jaddih tenar sekarang kesini lihat sekarang sudah seperti iceland,1,positive,2
Wisata Bukit Jaddhih,2,punglinya,0,negative,0
Wisata Bukit Jaddhih,4,rekreasi yang menarik bagus alami,1,positive,-1
Wisata Bukit Jaddhih,5,pemandangan terbaik berpetualang keluarga anak,1,positive,3
Wisata Bukit Jaddhih,5,bagus jalan mencapai perbaikan pemandangannya bagus musim hujan menghindari debu tebal danau hilang makanannya enak harga wajar,1,positive,2
Wisata Bukit Jaddhih,5,bukit buatan yang keren abiisss cocok hangout bareng teman view nya indah,1,positive,-1
Wisata Bukit Jaddhih,5,wisata bukit madura universitas trunojoyo madura,1,positive,3
Wisata Bukit Jaddhih,2,potensi wisata bangkalan terbengkalai,0,negative,3
Wisata Bukit Jaddhih,3,sungguh bagus berfoto sarana prasarana diperbaiki ditambah contohnya plang jalan masuk seadanya jalan masuknya,0,positive,6
Wisata Bukit Jaddhih,4,peristiwa bagus musim hujan rumput menghijau cuaca panas,1,positive,-1
Wisata Bukit Jaddhih,5,bagus murah meriah,1,positive,0
Wisata Bukit Jaddhih,5,wisatanya bagus eksotisbagus untuk wawasan perbukitan keras,1,positive,-1
Wisata Bukit Jaddhih,5,keren,1,positive,0
Wisata Bukit Jaddhih,5,bagus lokasi nya panas nya istimewa,1,positive,6
Wisata Bukit Jaddhih,5,cocok dikunjungi sore pagi terik matahari menyengat suasana bukit jadih sejuk main kesana cuaca terik panas turun gerimis sebentar menyejukkan suasana kedepannya dikembangkan objek wisatanya aku kapur ditambah bulantahun kedepan pembangunan selesai sayangnya kesana danau ditenggahtenggah menggering akibat musim kemarau mengabadikan peristiwa foto tersebar sosmed bukit jadih bulantahun main kesana,1,positive,2
Wisata Bukit Jaddhih,5,madura keren bagus,1,positive,0
Wisata Bukit Jaddhih,4,panas,1,positive,0
Wisata Bukit Jaddhih,3,juni bukit jaddih penambangan kapur dijadikan lokasi wisata surabaya patokannya suramadu spbu pertamaperan belok kiri ikuti jalan akses bukit jaddih jalan sempit rusak berdebu pemerintah memperbaiki aksesnya menarik wisatawan lokasi berdebu bekas penambangan kapur persiapan membawa masker parkiran luas pemandangannya ditata apik kolam tebing perahu aneka souvenir makan dsb membawa anak dijaga ekstra aman,0,negative,2
Wisata Bukit Jaddhih,3,pas kesana musim kemarauairnya keringtidak sekalipanaasss,0,positive,9
Wisata Bukit Jaddhih,2,panaaaas berdebu,0,negative,10
Wisata Bukit Jaddhih,4,bagus disarankan musim kemarau berkepanjangan keindahan danaunya gakeliatan karena tidak ada airnya,1,positive,9
Wisata Bukit Jaddhih,5,unik instagramable harus panas lupa bawa topi kacamata air putih teman,1,positive,9
Wisata Bukit Jaddhih,5,wisata yang menyenangkan batu kapur yang sulap tangan trampil,1,positive,7
Wisata Bukit Jaddhih,2,parkirnya ditarik kali,0,negative,-1
Wisata Bukit Jaddhih,3,pas musim hujan air danau nya bgs lagi yang kdua pas musim kering tetap bagus debu saja jd kalau pas musim panas pakai masker,0,negative,9
Wisata Bukit Jaddhih,5,memukau,1,positive,0
Wisata Bukit Jaddhih,4,air nya kering penjaganya ramah,1,positive,-1
Wisata Bukit Jaddhih,4,wisata istimewa recomended debu,1,positive,3
Wisata Bukit Jaddhih,5,bagus,1,positive,4
Wisata Bukit Jaddhih,4,bingung masuknya tidk petunjuk pintu masuk,1,negative,5
Wisata Bukit Jaddhih,5,pemandangan bagus udara sejuk,1,positive,12
Wisata Bukit Jaddhih,5,wisata jembatan suromadu,1,positive,-1
Wisata Bukit Jaddhih,5,pungutan saran diatur biar turis asing kena scam nama,1,negative,5
Wisata Bukit Jaddhih,1,preman pungutan liar,0,negative,-1
Wisata Bukit Jaddhih,4,nya bagus kamu foto musim kemarau kolam goa pote nya kering,1,positive,9
Wisata Bukit Jaddhih,1,debunya sekali pakai masker kalau kesini musim hujan bukit,0,negative,9
Wisata Bukit Jaddhih,4,bagus cm panasnya,1,positive,0
Wisata Bukit Jaddhih,5,bagus,1,positive,4
Wisata Bukit Jaddhih,2,debu mengganggu pandanganku,0,negative,0
Wisata Bukit Jaddhih,4,lumayan,1,positive,-1
Wisata Bukit Jaddhih,3,panas berdebusebelum kesana baiknya siapkan masker kacamata topi payungmohon retribusi biaya masuk jangan,0,negative,-1
Wisata Bukit Jaddhih,2,salah objek wisata terburuk kunjungi,0,negative,3
Wisata Bukit Jaddhih,5,wisata bukit kapur jeddi madura indonesia,1,positive,3
Wisata Bukit Jaddhih,4,bagus hanya hawa disana panas sarankan jam,1,positive,-1
Wisata Bukit Jaddhih,2,tarikan retribusi,0,negative,0
Wisata Bukit Jaddhih,2,nya rambu rambu petunjuk preman yang jalan,0,negative,-1
Wisata Bukit Jaddhih,4,pas kesini air kering tidak mantap,1,positive,9
Wisata Bukit Jaddhih,4,top sekali keren,1,positive,0
Wisata Bukit Jaddhih,5,mantab,1,positive,8
Wisata Bukit Jaddhih,4,pemandangan bagus panas musim panas,1,positive,-1
Wisata Bukit Jaddhih,5,lokasi bagus pengelolaan kacau,1,positive,-1
Wisata Bukit Jaddhih,3,bagus penataan,0,positive,0
Wisata Bukit Jaddhih,5,ok sih tapi baiknya bawa kacamata anti uv biar tidak silau iya,1,positive,-1
Wisata Bukit Jaddhih,1,gersang panas debu kapurnya,0,negative,-1
Wisata Bukit Jaddhih,1,pintu masuk bayar masuk danau bayar danau nya kering debunya kasihan anak tidak kesana,0,negative,2
Wisata Bukit Jaddhih,4,tolong untuk pemda memperhatikan kenyamanan pengunjung preman disana sayang sekali sebagus oknum yang primitif,1,negative,-1
Wisata Bukit Jaddhih,5,mengesankantencuuu madura bukit kapur jaddih salah surga dunia,1,positive,-1
Wisata Bukit Jaddhih,3,tempatnya lumayan panas cepat teratasi mampir kolam renang yang area bukit jadihmurah tiketnyapemandangan lumayan bagus penataan lagihati truk pengangkut batu kapur kesanamasih yang lewatdebu juga beterbangansiapkan topipayung pakai masker tidak kepanasan nenghirup debusilahkan yang berwisata tidak jembatan suramadu,0,negative,2
Wisata Bukit Jaddhih,5,lokasinya indah sayang tanda lokasi,1,positive,-1
Wisata Bukit Jaddhih,5,cuaca panas view gunung kapur yang indah dijadikan titik foto terbayarkan sayangnya pas kesana kmrin danaunya mengering gabisa perahu its oke still senang,1,positive,2
Wisata Bukit Jaddhih,4,bagus musim hujan danaunya,1,positive,9
Wisata Bukit Jaddhih,4,panas nya daerah bukit kapur,1,positive,-1
Wisata Bukit Jaddhih,5,unik saja,1,positive,-1
Wisata Bukit Jaddhih,5,tempatnya mantul,1,positive,11
Wisata Bukit Jaddhih,5,candi kuno bekas tambang batu kapur bagus liburan keluarga tempatnya tenang panas siang berdebu pertimbangkan akses heran kali menemukan orang membeli tiket masuk,1,positive,2
Wisata Bukit Jaddhih,5,bagus,1,positive,4
Wisata Bukit Jaddhih,3,wiata alam unik terbentuk bukit kapur,0,positive,7
Wisata Bukit Jaddhih,3,dasarnya bagus perbaikan pengembangan,0,positive,0
Wisata Bukit Jaddhih,4,nya panas siang usahakan memakai kacamata sunblock kesana,1,positive,-1
Wisata Bukit Jaddhih,5,sediakan payungtopi spya tidak panasbagus yang suka foto efek cahayanya sempurrnaaa,1,positive,-1
Wisata Bukit Jaddhih,3,musim kemarau mikir dulubuat panas debunya yang tidak kuat,0,negative,9
Wisata Bukit Jaddhih,4,indah pemandangan nya yang suka selfie,1,positive,-1
Wisata Bukit Jaddhih,5,menyenangkan,1,positive,-1
Wisata Bukit Jaddhih,5,destinasi wisata yang recomended,1,positive,3
Wisata Bukit Jaddhih,5,mantap,1,positive,8
Wisata Bukit Jaddhih,4,panaaaaas sekali,1,positive,10
Wisata Bukit Jaddhih,5,sport foto bagus,1,positive,0
Wisata Bukit Jaddhih,1,mengecewakan pungutan liar ati,0,negative,-1
Wisata Bukit Jaddhih,4,tempatnya kalau sepi tapi kalau idealnya diatas jam matahari barat panas tiket masuk mobil rb motor rb goa pote ditambah orang rb,1,positive,2
Wisata Bukit Jaddhih,5,sdh lebih bagus dari,1,positive,0
Wisata Bukit Jaddhih,5,biru lqgi warna danaunya,1,positive,-1
Wisata Bukit Jaddhih,5,bukit salju indonesia,1,positive,7
Wisata Bukit Jaddhih,4,wisata bangkalan yang terkenal,1,positive,3
Wisata Bukit Jaddhih,3,tiket masuknya pintu saja tidak terkesan pungli liar tarikan karcis orang tidak kesana,0,negative,-1
Wisata Bukit Jaddhih,5,indah ramai terawat fasilitas,1,positive,0
Wisata Bukit Jaddhih,3,daerah tambang batu kapur dimanfaatkan obyek wisata pengelolaan pemerintah minim akses jalannya sulit pungutan resmi proses pertambangan berjalan hatihati lupa masker its a limestone quarry itu juga function sebagai tourism site theres tidak much ke lihat but it adalah a good enough untuk foto titik no properly road access yet dan sebuah ticketing adalah quite expensive,0,negative,2
Wisata Bukit Jaddhih,3,bagus sayang warga mendukung sadar wisata,0,positive,5
Wisata Bukit Jaddhih,4,cakeeeppp walau berdebu tapi fotogenic sekali yah recommended,1,positive,0
Wisata Bukit Jaddhih,5,bukit jaddih maduraserasa kembaran tebing breksi prambanan,1,positive,3
Wisata Bukit Jaddhih,5,mencapai lokasinya sulit lokasi terkesima keindahannya seolaholah madura dinding kapur putih danau indah perahu danau lupa mengambil foto spotnya bagus,1,positive,2
Wisata Bukit Jaddhih,5,bagus kamu titik selfie,1,positive,0
Wisata Bukit Jaddhih,2,medannya extrim,0,positive,0
Wisata Bukit Jaddhih,3,selesai pembangunan nya,0,negative,0
Wisata Bukit Jaddhih,3,pungli,0,negative,0
Wisata Bukit Jaddhih,3,dateng pas musim hujan karena kalau musim kemarau berdebu,0,negative,9
Wisata Bukit Jaddhih,5,pergilah,1,positive,-1
Wisata Bukit Jaddhih,5,siang panasnya polldi sarankan sore pagi,1,positive,-1
Wisata Bukit Jaddhih,5,wajib dikunjungi pulau madura terbaik foto instagramable belanjakan rb dapatkan foto terbaik,1,positive,2
Wisata Bukit Jaddhih,4,kali tempatnya kota surabaya berhatihati map google titik lokasinya salah kemarin orang desa kampung bicaranya tempatnya memiliki tanda papan nama wisatanya jalan raya masuknya pertigaan jalan pasir pas samping makam islam jaddih masuknya orang bayar sukarela tiket masuknya bayar kendaraan perorangan ketiga bayar parkir kendaraan pungutan liar pungli berhatihatilah tempatnya menarik udara panas berdebu,1,positive,2
Wisata Bukit Jaddhih,3,panas n airnya keruh,0,negative,-1
Wisata Bukit Jaddhih,5,kesini lupa bawa kacamata masker,1,positive,-1
Wisata Bukit Jaddhih,5,keren,1,positive,0
Wisata Bukit Jaddhih,4,bagus foto panas sekali,1,positive,0
Wisata Bukit Jaddhih,1,rekreasi akibat tambang kapur,0,positive,7
Wisata Bukit Jaddhih,3,pungli,0,negative,0
Wisata Bukit Jaddhih,1,layak,0,negative,-1
Wisata Bukit Jaddhih,2,termanage tiket masuk bayar x fasilitas minim penghobi selfi bagus sport foto,0,negative,2
Wisata Bukit Jaddhih,3,bagus mendebarkan pagar pengaman pengunjung,0,positive,5
Wisata Bukit Jaddhih,4,bagus portal uang nya,1,positive,0
Wisata Bukit Jaddhih,4,wisata alam grand canyon nya indonesia tersedia parkircafe warung kolam renang kamar mandi lainnyanamun sayang dibangun mushola lenggang tikar seadanya numpang lapak pengunjung selfierenang perahu makan makan bakar kalori turun tangga menyusuri aku aku batu jugajalan bagus diaspal hanya gang masuk jalan tanah lupa kalau main bawa maskersoalnya pas kemarau debu nya sekali euy bersebelahan tambang rakyat,1,positive,2
Wisata Bukit Jaddhih,4,pengelolaannya maksimal nyaman,1,positive,0
Wisata Bukit Jaddhih,5,pemandangan sungguh indah,1,positive,12
Wisata Bukit Jaddhih,4,lumayan bagus tapi kekurangan kolam renangnya,1,positive,6
Wisata Bukit Jaddhih,1,panas mahal tiket nya disuruh bayar kali orang rb nya mengecewakan parahh,0,negative,-1
Wisata Bukit Jaddhih,3,danaunya warna coklat,0,positive,-1
Wisata Bukit Jaddhih,5,bagus,1,positive,4
Wisata Bukit Jaddhih,5,lokasinya menarik jalan masuk susah asli berdebu petunjuk lokasi sederhana pesepeda tidak parkir bawa masuk sepeda,1,positive,2
Wisata Bukit Jaddhih,2,istana bagus,0,positive,0
Wisata Bukit Jaddhih,4,wisata alami pemandangan berbeda dibanding,1,positive,3
Wisata Bukit Jaddhih,4,nya bagus udara nya enak berangin gatahan panas nya debu sekali konstruksi goa pote nya pekerja mengambil batu kapur nya,1,positive,2
Wisata Bukit Jaddhih,5,pemandangan bagus,1,positive,-1
Wisata Bukit Jaddhih,4,bagus ditata musim kemarau pas air kolam kering tidak biru akses masuk berdebu sekali,1,positive,9
Wisata Bukit Jaddhih,5,bersantai,1,positive,0
Wisata Bukit Jaddhih,5,tempatnya gersang panas memiliki keindahannya tersendiri layak dijadikan destinasi tujuan wisata,1,positive,-1
Wisata Bukit Jaddhih,5,instagram,1,positive,-1
Wisata Bukit Jaddhih,5,wisata bukit jaddhih wisata unik pegunungan menikmati pemandangan dati gunung gamping indah diambil diolah inidi disediakan kolam renang bersih puas mengitari bukit putih berenang sepuasnya,1,positive,2
Wisata Bukit Jaddhih,4,jaddih hill madura kereennn,1,positive,10
Wisata Bukit Jaddhih,4,pemalakan daerah hatihati gaiss,1,positive,-1
Wisata Bukit Jaddhih,1,kondisi air danaunya kotor,0,negative,9
Wisata Bukit Jaddhih,5,kesini kali bareng calon istri konon rawan begal pas kesana pakai motor plat jawa diajak ngobrol calon begal ngobrol lokasi pelarian begal madura kota tinggal senyum senyum aman pulang surabaya,1,positive,2
Wisata Bukit Jaddhih,4,sayank musim kemarau airnya berkurang,1,negative,9
Wisata Bukit Jaddhih,5,lumayan bagusakses jalan lumayan memadai mungkin masih pengaspalan bberapa titik lokasi,1,positive,6
Wisata Bukit Jaddhih,2,berdebu sekali punglinya tidak sebanding wisatanya petunjuk jalan,0,negative,-1
Wisata Bukit Jaddhih,4,menju lokasi jalanya kecildan mendekati lokasi jalan bergelombang berdebutp tempatnya keren berkunjung lupa bawa masker,1,positive,2
Wisata Bukit Jaddhih,4,wow,1,positive,-1
Wisata Bukit Jaddhih,5,yang cantik panas titik foto bagus eksplor sedia kaca mata hitam topipayung maskerbuff menahan debu lupa pakai baju warna cerah foto bagus,1,positive,-1
Wisata Bukit Jaddhih,5,yang bagus pengembangan lebib akses jalan terkait lokasi wisata,1,positive,5
Wisata Bukit Jaddhih,5,destinasi bebatuan yang indah,1,positive,3
Wisata Bukit Jaddhih,4,bagus panas,1,positive,-1
Wisata Bukit Jaddhih,3,indah,0,positive,0
Wisata Bukit Jaddhih,2,lumayan pungli kebiasaan warga,0,negative,-1
Wisata Bukit Jaddhih,5,nya bagus sekali panas karena mu gkin gunung kapurnya,1,positive,9
Wisata Bukit Jaddhih,5,batik madura,1,positive,3
Wisata Bukit Jaddhih,3,mempesona,0,positive,-1
Wisata Bukit Jaddhih,5,asyik sekali tempatnya tehnik foto hasilnya ruuuuarbiasaaaah,1,positive,0
Wisata Bukit Jaddhih,5,pwanaaaassssss jangan lupa bawa kacamata itemtopi masker masker dijual disana ribuan tiket masuk rb prahu rb orang angin lumayan kenceng seru sih,1,positive,2
Wisata Bukit Jaddhih,4,oke sekali pengunjung kota kesini,1,positive,-1
Wisata Bukit Jaddhih,5,astaga,1,positive,-1
Wisata Bukit Jaddhih,4,wisatanya keren spotnya bagus penjaganya tour guidenya tidak aksesnya blm lancar terhalang jalan gantian truk pengangkut kapurnya salut viewnya,1,positive,2
Wisata Bukit Jaddhih,5,lokasi wisata bagus,1,positive,-1
Wisata Bukit Jaddhih,5,dunia dongeng kereeen,1,positive,10
Wisata Bukit Jaddhih,4,pemandangan nya indah petunjuk jalan wisata,1,positive,-1
Wisata Bukit Jaddhih,3,titik foto saja sih kalau lagi kemarau,0,positive,9
Wisata Bukit Jaddhih,3,pemandangan eksotik jalan masuk rusak debu retribusinya,0,negative,5
Wisata Bukit Jaddhih,5,bagus,1,positive,4
Wisata Bukit Jaddhih,5,salah wisata kawasan madura barat wisata bekas tambang batu kapur dimanfaatkan objek wisata bagus kesan alami ditimbulkan kuat dulunya bukit harga tiket murah lokasi keren suka suafoto peristiwa dapatkan,1,positive,2
Wisata Bukit Jaddhih,1,pungli foto tarik uang,0,negative,-1
Wisata Bukit Jaddhih,2,pungutan liar lokasi,0,negative,-1
Wisata Bukit Jaddhih,4,kenangan pulau madura sekeluarga,1,positive,3
Wisata Bukit Jaddhih,4,panas debu pakai masker cocok offroad hamparan pasir putih batuan kapur tutup jam truk pengangkut batu,1,positive,2
Wisata Bukit Jaddhih,5,bagus panaaasss,1,positive,0
Wisata Bukit Jaddhih,4,unik,1,positive,-1
Wisata Bukit Jaddhih,5,tempatnya bagus kelola warga lokal pungli masuk wisata,1,positive,5
Wisata Bukit Jaddhih,3,entri,0,negative,0
Wisata Bukit Jaddhih,4,yang megah mengagumkan siang silau berangin disarankan pakai kacamata warung minum toilet parkir tersedia loket masuk area goa pote orang rp retribusi mobil parkir tidak dihitung freesdh tiket wisatawan loket di desa memungut restribusi kendaraan,1,positive,2
Wisata Bukit Jaddhih,5,bagussemoga lestarikan,1,positive,1
Wisata Bukit Jaddhih,5,salah destinasi wisata pulau madura pegunungan kapur ditambang warga panas iya terbayar pemandangan indah,1,positive,7
Wisata Bukit Jaddhih,5,indah luas,1,positive,0
Wisata Bukit Jaddhih,5,tempatnya kerenn titik foto fasilitas toilet harap diperbaiki semangat perbaikan layanan kenyamanan pengunjung,1,positive,-1
Wisata Bukit Jaddhih,5,wisata wauw indah menakjubkan bukit kapur disulap wisata indah berproses kesempurnaan kolam renangnya kioskios menyediakan kuliner khas madura penjual cinderamatanya harganya relatif murah sempurna plaza hotel nan indah bangunannya batu kapur disulap elok bermodalkan gergaji potong membentuk wisata aduhai dijamin menyesal mengunjungi,1,positive,2
Wisata Bukit Jaddhih,2,wahana jalan terkesan seram image jelek yang tersemat daerah sepadan pengalaman disana,0,negative,2
Wisata Bukit Jaddhih,4,view menarik instagramable sekali tiket masuk rb orang,1,positive,6
Wisata Bukit Jaddhih,5,bagus,1,positive,4
Wisata Bukit Jaddhih,5,wisata favorit madura,1,positive,3
Wisata Bukit Jaddhih,5,sungguh yang bagus berlibur,1,positive,0
Wisata Bukit Jaddhih,4,bukit jaddhih yang madura wajib kunjungi view menarik instagramable sekali tiket masuk membayar rb orang loh murah sekali view sekeren,1,positive,2
Wisata Bukit Jaddhih,3,lumayanlah berkunjung bangkalan alternatif pilihan pilihan,0,positive,-1
Wisata Bukit Jaddhih,4,bagus akses lokasi diperbaiki,1,positive,-1
Wisata Bukit Jaddhih,2,tempatnya bagus area pemotongan kapur jalan kesana pungli seperti preman semoga dikelola pemerintah desa,0,negative,-1
Wisata Bukit Jaddhih,5,tempatnya mbrasak jalan masuknya rusak berdebu siapin masker warga biaya illegal mobil sepuluh ribu orang ribu tidak berkali kali pemerintah mengurusi sore pencahayaannya pas oke nikmat santai,1,negative,2
Wisata Bukit Jaddhih,4,oke,1,positive,17
Wisata Bukit Jaddhih,3,wisata keren sayang danaunya sampah ketegasan pengelola denda pengunjung yang buang sampah sembarangan,0,negative,5
Wisata Bukit Jaddhih,5,wisata yang bagus foto lahannya luas aku bagus sore warna langit senjanya,1,positive,2
Wisata Bukit Jaddhih,4,artistik baguspanas nya ampun,1,positive,0
Wisata Bukit Jaddhih,5,antap,1,positive,0
Wisata Bukit Jaddhih,4,sayang kotor,1,negative,-1
Wisata Bukit Jaddhih,5,masyallah allah akbar bagus panas penyewaan payung lupa ya pakai baju yang tipis saja cuaca di situ lumayan panas,1,positive,-1
Wisata Bukit Jaddhih,5,sblm berubah jd lumut mumpung berwarna putih,1,positive,-1
Wisata Bukit Jaddhih,5,tertata makanan harga standar jalan kesana rawan curanmor hati hati,1,positive,5
Wisata Bukit Jaddhih,5,berubah bentuk,1,positive,0
Wisata Bukit Jaddhih,5,bagus,1,positive,4
Wisata Bukit Jaddhih,4,salah lokasi wisata icon madura terketak desa jaddih kabupaten bangkalan bukit kapur yang hias pahatan danau kolam renang masuk lokasi susah blm beraspal tanah masuk jalan desa sempit lumayan susah motor mobil bis bis masuk lokasi tiket ribuan cocok wisata tambahan bebek sinjay madura,1,positive,2
Wisata Bukit Jaddhih,5,bukit jaddih bangkalan madura yang eksotis berfoto tekstur batu kapur gunung kapur yang terbentuk indah bekas penambangan membentuk relief alami dibukit batu kapurnya disarankan memakai baju lengan topi kaca mata hitam sudah siang panas silau,1,positive,2
Wisata Bukit Jaddhih,4,penambangan batu yang aktif tapi lumayan bagusada danau yang dilengkapi dengan persewaan gethek bambusayang unt biaya tiket nya mahal unt mobil kena rbbelum masuk bukit lagitrus kedanaunya orang dkenakan biaya rbparkir pindah dikit saja ditarik biaya rbsemoga kedpnnya unt administrasi dikelola dengan,1,negative,2
Wisata Bukit Jaddhih,5,suasananya ala timur,1,positive,-1
Wisata Bukit Jaddhih,3,airnya tidak sesuai biru kemarin coklat targetan jalanan,0,negative,9
Wisata Bukit Jaddhih,1,batuan putih berlubang aku buatan alami air danau berwarna hijau kecokelatan menemukan turis india warung,0,negative,2
Wisata Bukit Jaddhih,4,masuk lokasi bayar x,1,negative,0
Wisata Bukit Jaddhih,4,lumayan foto,1,positive,0
Wisata Bukit Jaddhih,2,penambangan gunung kapur yang aktif warga du bentuk rupa obyek wisata tiket masuk mahal tiket motor rb mobil rb bus rb maaih bayar salah masuk tarik uang lokasi besarnya rb namanya pemalakan gimana maju orang kapok kesini,0,negative,2
Wisata Bukit Jaddhih,5,joss,1,positive,-1
Wisata Bukit Jaddhih,5,bagus n uniksy sarankan dtg rame n kunjungi tmpt yang ramekrn banyak pungli dari warga sekitarbut overall tmptnya keren lho,1,positive,-1
Wisata Bukit Jaddhih,5,cocok foto prewedd,1,positive,0
Wisata Bukit Jaddhih,4,airnya berubah warna artian kotor,1,negative,-1
Wisata Bukit Jaddhih,4,menarik sayang aksesnya gabung penambang tanah,1,positive,-1
Wisata Bukit Jaddhih,4,serasa alam kapur,1,positive,16
Wisata Bukit Jaddhih,4,bukit kapur yang diukir indah sayang berdebu ditambang kapurnya,1,positive,-1
Wisata Bukit Jaddhih,5,bukit pertambangan batu kapur,1,positive,7
Wisata Bukit Jaddhih,3,kurangnya penunjuk jalan lokasi yang berdebu goa pote lumayan dingin sejuk lokasi berdebu area tambang batu kapur,0,negative,2
Wisata Bukit Jaddhih,5,daya tarik destinasi wisata bukit jaddhih terkenal kalangan masyarakat jawa semoga pemerintahan menambah fasilitas wisata bukit jaddih terkenal mancanegara bukit kapur madura memiliki daya tarik tersendiri sunset ketinggian bukit titik bukit memiliki rumput asri mari dukung destinasi wisata lokal wisata mancanegara sekian terima kasih semoga bermanfaat,1,positive,2
Wisata Bukit Jaddhih,4,bagus bukitnya unik dengan pemandangan bukit kapur serba putih yang tidak kuat debunya,1,positive,-1
Wisata Bukit Jaddhih,5,mengagumkan penunjuk jalan kerap nyasar kesana gmaps,1,positive,5
Wisata Bukit Jaddhih,3,wisata bukit jaddih,0,positive,-1
Wisata Bukit Jaddhih,4,selfi bagus,1,positive,0
Wisata Bukit Jaddhih,5,ditingkatkan dikembangkan atraktif menarik,1,positive,0
Wisata Bukit Jaddhih,4,wisata dengan nuansa yang berbeda pengrusakan penghancuran alamtp yang indah dinikmati orang,1,positive,3
Wisata Bukit Jaddhih,1,kelola,0,negative,0
Wisata Bukit Jaddhih,4,seru,1,positive,-1
Wisata Bukit Jaddhih,3,lumayangk sesuai expetasiaire kotor,0,negative,-1
Wisata Bukit Jaddhih,3,pembayaran kali disediakan masker nya bagus,0,negative,-1
Wisata Bukit Jaddhih,4,bagus recommended liburan,1,positive,0
Wisata Bukit Jaddhih,5,anak yang uang pengunjung pengemis,1,negative,5
Wisata Bukit Jaddhih,1,kebijakan masuk akal harganya masuk bayar ribu permotor parkir didatangi orang dipinta ribu permotor selesai bayar orang ribu permotor motornya doang orang motornya ribu perorangsangat worth it,0,negative,2
Wisata Bukit Jaddhih,4,kreatif,1,positive,-1
Wisata Bukit Jaddhih,4,tempatnya bagus kalau pagi sekali jam kesini foto berasa seperti gunung es siang cuaca panas sarankan pakai sunblocksunscreen berasa mesir di bagus tempatnya kalau fotonya ala photographer tiketnya kalau tidak salah mobil an teerrr mahal tiket bus bayar tiket x saja kalau getekperahuan bayar orang nanti abangnya fotoin yang bagus kitanya saja yang minta berhenti sebelah toiletnya ampun baunyaaaaaaaaaa maklum toilet desa,1,positive,2
Wisata Bukit Jaddhih,4,tempatnya bagus murah berdebu bawa masker,1,positive,6
Wisata Bukit Jaddhih,4,bagus diperaiki,1,positive,0
Wisata Bukit Jaddhih,5,mengagumkan hasil goresan alat berat yang menciptakan seni tebing breksinya madura,1,positive,7
Wisata Bukit Jaddhih,5,yang indahtpi sayangny penuh debu,1,positive,0
Wisata Bukit Jaddhih,5,mantap seperti di negeri,1,positive,8
Wisata Bukit Jaddhih,3,wow pemandangan gambar bagus sudut kali,0,positive,-1
Wisata Bukit Jaddhih,5,wisata bagus dikunjungi madura akses lokasi sulit cocok ditempat pagi sore,1,positive,-1
Wisata Bukit Jaddhih,5,bukit jaddih bebatuan kapur putih tersohor keindahannya destinasi perbincangan media sosial menyedot orangorang berbondongbondong mengunjunginya berwisata mengunjungi pengunjung dipungut bayaran pengalaman wisatawan area pengujung dibebankan biaya resmi nilainya rp,1,positive,2
Wisata Bukit Jaddhih,5,bagus jadikan wisata panas sekali,1,positive,-1
Wisata Bukit Jaddhih,3,lokasi pertambngan batu kapur yang unik dengan jembatan suramadu persiapkan masker sunglases yang memadai,0,positive,-1
Wisata Bukit Jaddhih,2,sayangkan salah pintu masuk calonya jalan akses nyaman,0,negative,5
Wisata Bukit Jaddhih,4,bersih nyaman,1,positive,0
Wisata Bukit Jaddhih,5,indah,1,positive,0
Wisata Bukit Jaddhih,5,keren berdebu,1,positive,-1
Wisata Bukit Jaddhih,5,keren sekalii bagus,1,positive,0
Wisata Bukit Jaddhih,1,preman liar yang uang masuk goa parkir tiket,0,negative,5
Wisata Bukit Jaddhih,5,bekas tambang tertata pariwisata masuknya harus bayar kali masuk,1,negative,5
Wisata Bukit Jaddhih,5,suka tmptnya indah kalau ksni jangan lupa pke msker ya masih bnyak kgiatan jd nya berdebu,1,positive,-1
Wisata Bukit Jaddhih,5,bagus menakjubkan,1,positive,0
Wisata Bukit Jaddhih,5,bagus sayang dikelola jalan buruk pungli jalur aman pengelolaan parkir semrawut ditambah rambu penunjuk jalan utama titik pengelolaan keamanan,1,positive,-1
Wisata Bukit Jaddhih,3,tempatnya indah cma berdebu,0,negative,6
Wisata Bukit Jaddhih,3,parkirnya mahal didalam bayar,0,negative,-1
Wisata Bukit Jaddhih,3,tempatnya menarik fasilitasnya terawat harapannya pemerintah memperhatikan mempromosikan terdekat mendukung,0,negative,-1
Wisata Bukit Jaddhih,4,bekas area pt yang dijadikan objek wisata,1,positive,7
Wisata Bukit Jaddhih,5,wisata yang recomended yang hobi berswafoto yang buru lokasi yang instargamable cocok yang prewedding bertamsya sanak famili,1,positive,-1
Wisata Bukit Jaddhih,4,menarik,1,positive,-1
Wisata Bukit Jaddhih,5,bagus pemalak berkarcis,1,positive,-1
Wisata Bukit Jaddhih,4,pemandangan menakjubkan,1,positive,12
Wisata Bukit Jaddhih,4,bagus viewnya,1,positive,-1
Wisata Bukit Jaddhih,5,baguss debu,1,positive,0
Wisata Bukit Jaddhih,5,pemandangan yang original,1,positive,12
Wisata Bukit Jaddhih,3,panasberdebu anginnya kencengbagus,0,negative,-1
Wisata Bukit Jaddhih,1,pengalaman kesana jalan berdebu karena gunung kapur pjalanan mnuju lokasi jalan bagus cocok untuk mobil sedan lbih pakai apv tidak suka pungli disanahampir marah kali aku bayar tiket masuk masak pintu masuk sudah gitu turun mobil menit bayar lagi orang rbu hati harap untuk pemda bangkalan tolong ditindak lanjuti orang bukit jaddih destinasi wisata favoritterimaksih,0,negative,2
Wisata Bukit Jaddhih,4,lumayan,1,positive,-1
Wisata Bukit Jaddhih,4,putar putar tersesat,1,positive,-1
Wisata Bukit Jaddhih,3,lokasi terawat sampah berserakan signage disekitar lokasi bingung pendatang view keren kalau terawat kerenn,0,negative,-1
Wisata Bukit Jaddhih,5,pemandangannya bagus akses jalannya,1,positive,6
Wisata Bukit Jaddhih,4,wisata bukit jaddih goa poteh,1,positive,-1
Wisata Bukit Jaddhih,4,bagus pemandangannya bnyak tiketnya tiket masuk tiket masuk lagi tidak karena yang mengelola pribadi mgkin ya,1,positive,-1
Wisata Bukit Jaddhih,5,pemandangan bagus,1,positive,-1
Wisata Bukit Jaddhih,5,keren sekali,1,positive,0
Wisata Bukit Jaddhih,3,lumayan untuk foto,0,positive,0
Wisata Bukit Jaddhih,5,cantik sekali,1,positive,0
Wisata Bukit Jaddhih,2,punglinya teman,0,negative,0
Wisata Bukit Jaddhih,4,suka eksis medsos dijadikan background foto keren bukit kapur pakai sunblock spf pakai masker bawa payung at setidaknya pakai topi anyway siapsiap receh titik dimana bayar retribusi lokal,1,positive,-1
Wisata Bukit Jaddhih,5,kesini wajib bawa payung yaa goa pote goa putih bahasa madura duingin sekali sadar rumah pakai batu kaput dingin rumah,1,positive,2
Wisata Bukit Jaddhih,4,bagus titik foto kalau kesana disarankan bangkalan kota yang rombongan orang orang,1,positive,2
Wisata Bukit Jaddhih,1,pungutan liarjadi tidak nyaman bawa tamu,0,negative,5
Wisata Bukit Jaddhih,5,pemandangan indah jalanan lokasi memadai tiket masuk mobil rb tiket orang rb,1,positive,-1
Wisata Bukit Jaddhih,5,kali kesana bagus perubahan bagus musim hujan nerkunjung kesana,1,positive,9
Wisata Bukit Jaddhih,4,tempatnya indah gunung kapur berguabekas potongan penambang sayangnya tempatnya panas penuh debu,1,positive,-1
Wisata Bukit Jaddhih,3,akses jalan bagus,0,positive,-1
Wisata Bukit Jaddhih,5,wisata bukit jaddih menarik bukit bukit nya dilengkapi warungwarung menyediakan makanan sooo yang pergi bukit jaddih lewatkan stiap tempattempat indah bukit jaddih,1,positive,2
Wisata Bukit Jaddhih,5,wisata sederhana murah meriah kolam renang anak danaunya bagus dijadikan titik foto persiapkan payungtopi sejenisnya perlindungan panas matahari berkunjung siang,1,positive,-1
Wisata Bukit Jaddhih,4,hawa panas kapal orang uang masuk mobil,1,positive,5
Wisata Bukit Jaddhih,1,kali musim kemarau berdebu mengenakkan,0,negative,9
Wisata Bukit Jaddhih,4,bagus tempatberteduhnya,1,positive,-1
Wisata Bukit Jaddhih,4,jalan bukit jaddih diperbaiki,1,positive,-1
Wisata Bukit Jaddhih,5,bukit kapur bangkalan madura pemandangannya bagus jarang ditemui siapkan payung topi kacamata hitam penghalau panas akses jalan masuk jalan utama jalan kampung jalan kampung jarak motor mobil,1,positive,2
Wisata Bukit Jaddhih,4,pemandangan sunset bagus foto foto keren seperti salju salju nya gitu sore turun nya perjalanan medan nya sepi jd meminimalisir resiko apapun turun magrib,1,positive,2
Wisata Bukit Jaddhih,5,panas,1,positive,0
Wisata Bukit Jaddhih,5,bukit jaddih satusatunya wisata pulau madura datangi tempatnya lumayan bagus areal pertambangan dijadikan rekreasi kece sekali tempatnya tidak rugilah jauhjauh sumatera mampir kerja kota pahlawan surabaya sorean kalau siang asli panas sekali kalau sore menyaksikan mentari terbenam bukit tidak berani sore bilang jalan bukit jaddih rawan begal ya pendatang ngikut halhal,1,positive,2
Wisata Bukit Jaddhih,3,pungli,0,negative,0
Wisata Bukit Jaddhih,4,mantul,1,positive,8
Wisata Bukit Jaddhih,5,planning prtama kli mnginjak kaki madura ingin sekali bukit jaddih alhamdulilah terealisasi teman kabar baiknya tempatnya kuueren sekali ya proses pmbangunan yang kayknya danau itu kyak dibangun penginapan ya asli cucok sekali saja betah disana ya panas tapi gapapa karena anginnya jga sepoysepoy jadi panasnya tidak kerasa gini admin penjagaannya tolong diperbaiki kabar buruknya prtama kali situ yang mnggunakan tidak pacaran apa yang gelap terus yang coretcoret dibatu kapurnya kasihan yang desain tempatnya donk kalau dirusak jga dijaga ya alam keindahannya,1,positive,2
Wisata Bukit Jaddhih,3,jalannya beraspal offroad,0,negative,-1
Wisata Bukit Jaddhih,1,sesuai bayangansebenarnya lumayan penasaranhanya disayangkanyang bayar karcis masuk sekali,0,negative,-1
Wisata Bukit Jaddhih,5,bagus sih kesana th yang sekarang tidak tau perkembangan bagaimana akses jalan kesana sih bagus keamanan yang diperhatikan rawan begal wisatawan madura hati saja usahakan pakai motor bagus pakai motor jelek saja biar tidak inceran begal prihatin yang korban usahakan rame saja kesana berdua uji nyali,1,positive,2
Wisata Bukit Jaddhih,5,bagus,1,positive,4
Wisata Bukit Jaddhih,4,bagus panas,1,positive,-1
Wisata Bukit Jaddhih,4,kalau musim kemarau berdebu sekali tpm rb,1,positive,9
Wisata Bukit Jaddhih,5,good view sedia payung masker panas berdebu,1,positive,-1
Wisata Bukit Jaddhih,4,sayang pungutan liar,1,positive,-1
Wisata Bukit Jaddhih,4,bagus view nya sayang panas,1,positive,-1
Wisata Bukit Jaddhih,3,tempatnya bagus adem semilir siang tapi jalnnya berdebu sekali ya jalannya diperbaiki,0,positive,6
Wisata Bukit Jaddhih,4,bukit jadih,1,positive,7
Wisata Bukit Jaddhih,2,bagus,0,positive,4
Wisata Bukit Jaddhih,4,bagus,1,positive,4
Wisata Bukit Jaddhih,5,bagus,1,positive,4
Wisata Bukit Jaddhih,5,bagus sayang sampah butuh kolaborasi pemda swasta kawasan wisata,1,positive,5
Wisata Bukit Jaddhih,4,salah wisata madurabukit kapur indah dikunjungi berkunjung pagi sore panas siang panas pemandangan menyilaukan matadan masker debu terhirupakses jalannya mudahtapi jalan teraspal dibeberapa,1,positive,2
Wisata Bukit Jaddhih,5,bagus dahh,1,positive,0
Wisata Bukit Jaddhih,5,indah sekali kapal sayangnya akses jalan kesana susah,1,positive,6
Wisata Bukit Jaddhih,5,bagus keren foto intragamble,1,positive,0
Wisata Bukit Jaddhih,4,bagus,1,positive,4
Wisata Bukit Jaddhih,4,instagramable pulau madura,1,positive,3
Wisata Bukit Jaddhih,3,lumayan bagus hanya tempatnya,0,positive,-1
Wisata Bukit Jaddhih,3,panas transportasi sulit lumayan la,0,positive,-1
Wisata Bukit Jaddhih,5,tempatnya keren akses jalannya diperbaiki ya pengelolaannya bagus mengundang wisatawan,1,positive,6
Wisata Bukit Jaddhih,5,wisata yang pas keluarga,1,positive,3
Wisata Bukit Jaddhih,4,view nya bagus cuacanya panas saran kesini motor bawa masker debu truk tambang yang semoga kelola resmi biar pungutan liar masuk lokasi pengalaman rombongan adu mulut pungli nya,1,positive,2
Wisata Bukit Jaddhih,3,terawat,0,negative,-1
Wisata Bukit Jaddhih,1,pungli yang uang seperti preman kapok kesana,0,negative,5
Wisata Bukit Jaddhih,5,view bukit jaddih layaknya mesir,1,positive,-1
Wisata Bukit Jaddhih,4,tempatnya bagus model wisata alam tapi sayang sy pas musim kemarau debunya siapsiap kaca mata masker disisi yang aktivitas penambangan debu muncul juga lalang truk penambangan kalau kasih saran penambangan diliburkan libur,1,positive,2
Wisata Bukit Jaddhih,4,medannya offroad dikit tapi alhamdulilah grandmax diajak kompromi tempatnya panas maklum bukit kapur tanah sucikalau tanah suci alangkah baiknya coba dilanjutkan mekah,1,positive,2
Wisata Bukit Jaddhih,5,tempatnya bagus sayang foto lantaran baterai hp habis hehehe,1,positive,6
Wisata Bukit Jaddhih,4,bangkalan madurawisata keluarga murah meriah,1,positive,3
Wisata Bukit Jaddhih,5,bagus foto kalau dijogja tebing breksi tapi karena dibuka belum penataan wisata kolam renang parkir luas pakai bus sampai lokasi jalan tapi sayang sore jd sinar matahari sudah tidak bersinar terang yang wajib datangi wisatawan,1,positive,2
Wisata Bukit Jaddhih,4,view nya asyiiikkk unik muasal bekas tambang batu kapur panasx huufhh teriiik menggigit jd kesana musti pakai sunblock tebal biar tidak gosong hehehe mampir deh jalan jalan pulau madura ya teman,1,positive,2
Wisata Bukit Jaddhih,5,lupa bawa kacamata hitam,1,positive,-1
Wisata Bukit Jaddhih,5,bagus foto panasnya ampyuuun,1,positive,0
Wisata Bukit Jaddhih,5,mantul,1,positive,8
Wisata Bukit Jaddhih,3,tukang parkir abal biaya parkir bayar parkir selebihnya bagus viewnya,0,negative,-1
Wisata Bukit Jaddhih,4,bagus tapi debu sekali,1,positive,0
Wisata Bukit Jaddhih,4,alamikayak masok frepot mini,1,positive,-1
Wisata Bukit Jaddhih,4,pergi danaunya penuh air mengunjungi pantai,1,positive,-1
Wisata Bukit Jaddhih,5,bagus murah,1,positive,0
Wisata Bukit Jaddhih,3,lumayan jalan penuh polusi debu,0,negative,-1
Wisata Bukit Jaddhih,5,pengalaman unik,1,positive,-1
Wisata Bukit Jaddhih,5,lokawisata eks penggalian batu kapur aku ponte madura,1,positive,7
Wisata Bukit Jaddhih,4,tempatnya bagus foto panas sekali,1,positive,-1
Wisata Bukit Jaddhih,4,keren bekas pertambangan yang dijadikan wisata,1,positive,7
Wisata Bukit Jaddhih,2,pergi bertepatan lebaran ide bagus preman berkeliaran rp orang karcis masuk rp kesenangan hilang berkunjung resmi wisata pemandangannya ok gresik,0,negative,2
Wisata Bukit Jaddhih,4,panas berkunjung siang tersedia kedai jajanan minuman titik foto anti mainstream pemandangan menarik sore menarik orang suka foto landscape,1,positive,-1
Wisata Bukit Jaddhih,5,mantul,1,positive,8
Wisata Bukit Jaddhih,3,panas pollll,0,negative,0
Wisata Bukit Jaddhih,5,keren sekali serasa tidak indonesia,1,positive,0
Wisata Bukit Jaddhih,5,areanya bebas dijelajahi aktivitas penambangan dilarang mendekat titik terbaik keatas bukit rumputnya hati batuan kapur longsor,1,positive,2
Wisata Bukit Jaddhih,2,berlokasi pulau madura akses jalan terjal berdebu memasuki daerah objek wisata jalan beraspal titik rusak lokasi panas kering berteduh objek wisata danau kolam renang tersedia warung makan minuman akses jalan titik sulit berpapasan kendaraan roda,0,negative,2
Wisata Bukit Jaddhih,4,bagus,1,positive,4
Wisata Bukit Jaddhih,5,panas,1,positive,0
Wisata Bukit Jaddhih,5,titik bagus ambil picture,1,positive,0
Wisata Bukit Jaddhih,5,wisata bagus kolam berenang,1,positive,-1
Wisata Bukit Jaddhih,4,lokasi wisata bukit kapur pulau madura titik foto menarik cocok selfie sarankan membawa topi kacamata hitam karena cuaca panas menyilaukan dinding kapur berwarna putih,1,positive,2
Wisata Bukit Jaddhih,3,pertambangan kapur jadikan objek wisata goa buatan danau tebing kapur,0,positive,7
Wisata Bukit Jaddhih,5,panoramanya lupa bawa topi,1,positive,-1
Wisata Bukit Jaddhih,4,lumayan bagus,1,positive,0
Wisata Bukit Jaddhih,4,wisata madura,1,positive,3
Wisata Bukit Jaddhih,4,sangattttt indahhhhh lukisan alam menikmati bukit jaddhih pagi siang panas persiapan sunblock topi payung selamat menikmati salah keindahan alam negeri,1,positive,-1
Wisata Bukit Jaddhih,4,tambang kapur merangkap wisata,1,positive,7
Wisata Bukit Jaddhih,4,tempatnya baguskl kesini disarankan rombongan,1,positive,6
Wisata Bukit Jaddhih,5,tempatnya bagus,1,positive,11
Wisata Bukit Jaddhih,5,bagus sekali panas,1,positive,0
Wisata Bukit Jaddhih,4,view nya bagus panas bukit kapur,1,positive,-1
Wisata Bukit Jaddhih,2,pemandangannya tidak bagus,0,negative,12
Wisata Bukit Jaddhih,5,wisata yang bagus pemandangan bukit kapur yang panas goa yang nampak dingin,1,positive,-1
Wisata Bukit Jaddhih,5,subhanallahhh,1,positive,-1
Wisata Bukit Jaddhih,4,yang bagusnya sayang blm kelola dengan profesional x pungut biaya kolam nya sampah sy komplain tentang sampah jawab tidak sampah madura waduhhhh,1,negative,-1
Wisata Bukit Jaddhih,5,wow,1,positive,-1
Wisata Bukit Jaddhih,5,terkoordinirperlu pemda memperhatikan wisata yang indah,1,positive,5
Wisata Bukit Jaddhih,5,alami,1,positive,0
Wisata Bukit Jaddhih,5,ciamik,1,positive,8
Wisata Bukit Jaddhih,4,wisata penuh kapur,1,positive,3
Wisata Bukit Jaddhih,4,panas,1,positive,0
Wisata Bukit Jaddhih,5,tempatnya keren berlibur jembatan suramadu gratis kalau kesini berhenti goa pote masuknya orang rp benar benar satu berhenti destination gitu perahu parkiran toilet warung warung jual makanan khas madura kalau berhenti sembarangan langsung didatengin parkir total bukit jaddih masuk kampung bayar seikhlasnya masuk bukit jaddih mobil rp masuk goa pote orang rp,1,positive,2
Wisata Bukit Jaddhih,4,bagus titik foto menarik semoga tempatnya buatkan arsitektur yang lagi titik foto puas,1,positive,0
Wisata Bukit Jaddhih,4,untuk sebuah pertama waktu ksana kbetulan pakai plat b ksanaktmu punglitp disuruh jln truskrn blgnya ingin rmh kluarga di dlmpdhl sih ingin wisata ksana ngandelin gmaps masuk mobil rb orang dikenakan rb rupiah wisatanya oke yang suka foto minus pengunjung yang masih ksadaran sama lingkungan sampah plastik masih bnyak dmn pengelola juga memperbanyak sampah but come nyala pengunjung sadar lingkungn tempatnya lbih bagus klw sampah loh lagi klw bisa ksana sore karena siang puanasnya sekali bgtan,1,positive,2
Wisata Bukit Jaddhih,5,pemandangan indah fotografi lanskap,1,positive,12
Wisata Bukit Jaddhih,5,cappadocia turki,1,positive,0
Wisata Bukit Jaddhih,4,bagus potential dikembangkan akses jalan pengelolaan obyek wisata ditingkatkan,1,positive,5
Wisata Bukit Jaddhih,3,kesalahan berkunjung membawa masker kaca mata penambangan perbukitan kapur menyisakan bentuk beraturan indah dipandang panasnya mentari menyengat meningkatkan daya tarik lingkungan penjual menyediakan makanan minuman harga khas wisata tiket masuk maaf paham mengikuti biaya,0,negative,2
Wisata Bukit Jaddhih,5,bukit jaddhih bukit bedanya matrial kapur ditambang membentuk kolam dasar bekas galian terisi air hujan,1,positive,2
Wisata Bukit Jaddhih,3,petunjuk arah tarif kemahalan,0,positive,-1
Wisata Bukit Jaddhih,1,nya bagus sayangkan pungli pungli jalan masuk lokasi bagus harapkan dinas parawisata yamg berkaitan tolong benahi,0,negative,-1
Wisata Bukit Jaddhih,3,lihat foto,0,positive,0
Wisata Bukit Jaddhih,5,titik foto,1,positive,0
Wisata Bukit Jaddhih,3,spotnya instagramable butuh menit melintasi jembatan suramadu surabaya menemukan kamar bersih mengosongkan tas mencapai madura capadoccia bedanya matahari bersinar terik,0,positive,2
Wisata Bukit Jaddhih,3,bekas tambang penambangan tapi masih alat berat siapin masker saja berdebu kalau musim panas yaa mnding paket topi n tangan kalau mao potopoto airnya mending beli air botol kalau jajan warung beli es sudah saja,0,negative,2
Wisata Bukit Jaddhih,4,teman uk penasaran tau pulau madura,1,positive,-1
Wisata Bukit Jaddhih,3,nya cakep indah akses masuk susah jalan rusak tarikan pungli berdebu serbuk kapur akses jalan berbahaya jalur pejalan kaki pegangan,0,negative,-1
Wisata Bukit Jaddhih,5,sanggat bgus,1,positive,0
Wisata Bukit Jaddhih,5,panas berdebu menyukai sisi,1,positive,-1
Wisata Bukit Jaddhih,4,keunikan pahatan batu kapur aku kapur danau bekas tambang kapur disarankan sore pagi,1,positive,-1
Wisata Bukit Jaddhih,5,bagus ticket masuk murah wc bersih,1,positive,15
Wisata Bukit Jaddhih,5,kerennn masihh alam sekali indahhparkirnya murah jalannya alami,1,positive,6
Wisata Bukit Jaddhih,3,panaaassss tahap penataan ulang debunya sekali,0,negative,10
Wisata Bukit Jaddhih,3,bagus temoatnya sayang pemalakan atasnama bayar parkir oknum bertanggung,0,negative,-1
Wisata Bukit Jaddhih,5,oke kolam renang,1,positive,0
Wisata Bukit Jaddhih,4,tempatnya bagus,1,positive,11
Wisata Bukit Jaddhih,4,view bagus sayang dikelola cenderung pengelola,1,positive,6
Wisata Bukit Jaddhih,3,sayang yang memungut retribusi masuk kali jalan masuk memasuki obyek,0,negative,5
Wisata Bukit Jaddhih,5,pemandangan bagus berfoto bukit danaunya,1,positive,-1
Wisata Bukit Jaddhih,4,pemandangan nya bagus waspada permintaan bayar tiket sukarela kalinya tiket resmi mahal layak pemandangan didapatkan,1,positive,2
Wisata Bukit Jaddhih,1,tarikan gag kapok kesini,0,negative,-1
Wisata Bukit Jaddhih,5,eksotis,1,positive,-1
Wisata Bukit Jaddhih,5,cocok berlibur warga jawa timur surabaya menjelajah apiknya pulau madura jembatan suramadu musim kemarau kolam air berwarna biru hijau dibersihkan mencari foto ronggarongga bebatuan kapur udara panas menjalajah dalamnya hawa sejuk titik foto kolam kolam renang anakanak selamat berlibur,1,positive,2
Wisata Bukit Jaddhih,4,bagus ambil titik yang bagus foto,1,positive,0
Wisata Bukit Jaddhih,4,nyobain wisata bukit jeddih,1,positive,-1
Wisata Bukit Jaddhih,2,sekarang sdh sebagus,0,negative,0
Wisata Bukit Jaddhih,5,tampan,1,positive,-1
Wisata Bukit Jaddhih,4,pemandangan bagus,1,positive,-1
Wisata Bukit Jaddhih,5,bagus asri,1,positive,0
Wisata Bukit Jaddhih,5,ngeri tempatnya preman anak muda pungli uang pengunjung kasih marah mohon pemerintah nyaman,1,negative,-1
Wisata Bukit Jaddhih,2,pemandangan bagus tapi sayang pungutan liar,0,positive,6
Wisata Bukit Jaddhih,4,tidak sebagai interesting sebagai bukit kapur arosbaya,1,positive,7
Wisata Bukit Jaddhih,1,perawatan jln sempit berlubang,0,negative,-1
Wisata Bukit Jaddhih,5,essiipppp,1,positive,10
Wisata Bukit Jaddhih,5,bagus madura jembatan suramadu jam sore matahari terbenam tebing indah,1,positive,-1
Wisata Bukit Jaddhih,4,bagus,1,positive,4
Wisata Bukit Jaddhih,1,ingin sekali kesitu sudah berangkat lihat komentar digoogle gitu keamanannya tidak terjamin mengagalkan rencana beralih wisata,0,negative,2
Wisata Bukit Jaddhih,5,supernpanaaas,1,positive,10
Wisata Bukit Jaddhih,3,pungli malas,0,negative,0
Wisata Bukit Jaddhih,5,keren potensial dikembangkan spektakuler direncanakan matang temanya pohonpohon ditanam atraksi ditawarkan kalau panjat tebing bagus baiknya melibatkan masyarakat harga karcis terjangkau salah kelemahan tiket masuk terkoordinir,1,positive,2
Wisata Bukit Jaddhih,5,tempatnya bagus foto,1,positive,-1
Wisata Bukit Jaddhih,5,wisata cantik danau aku batu kapur buatan manusia sisa proyek penambangan batu kapur perjalanan lokasi ekstrim butuh skil berkendara tempatnya bagus fotofoto harga tiket masuk ribu permobil ribu perorang,1,positive,2
Wisata Bukit Jaddhih,5,keren tempatnya,1,positive,0
Wisata Bukit Jaddhih,1,tempatnya bagus tapi pengelolaan pemerintahan pemalakan liar ditemui,0,negative,6
Wisata Bukit Jaddhih,5,panas berdebu bawa kacamata jacket,1,positive,-1
Wisata Bukit Jaddhih,5,yang suka rujak madura wisata ayo kemari,1,positive,-1
Wisata Bukit Jaddhih,4,viewnya bagus,1,positive,-1
Wisata Bukit Jaddhih,2,pengembangan tarif masuk tidak,0,negative,5
Wisata Bukit Jaddhih,3,lumayan pemandangan,0,positive,-1
Wisata Bukit Jaddhih,3,penambangan desain ulang,0,negative,0
Wisata Bukit Jaddhih,4,tambang kapur disinikalau angin berdedu,1,positive,7
Wisata Bukit Jaddhih,5,daerah panas tujuan bagus goa pote,1,positive,-1
Wisata Bukit Jaddhih,5,istimewa,1,positive,-1
Wisata Bukit Jaddhih,3,sepi maraknya begal kawasan orang warga desa bukit jhaddih bukit jhaddih wisata pertambangan dihentikan,0,negative,-1
Wisata Bukit Jaddhih,5,pemandu lokal membantu terbaik grup foto pemandangan lanskap,1,positive,-1
Wisata Bukit Jaddhih,4,tempatnya bagus tarikan biaya masuk warga,1,positive,6
Wisata Bukit Jaddhih,3,akses masuk susah,0,negative,-1
Wisata Bukit Jaddhih,3,pemandangan bukit jaddih sungguh bukit kapur ditambang digali dibuka menciptakan lansekap buatan indah bukit nampak memiliki pintu jendela ruang terbuka memiliki kolam ruang terbuka teater terbuka bukit dibentuk bangunan bertingkat bagus bukit arosbaya unik wisatawan diajak berjalan masuk lorong diapit bukit kapur zaman abad pertengahan dimana orang mengandalkan hutan alam tinggal menggantungkan kehidupan masuk rongga goa bukit suasana zaman gothic disain interior ruang luas warna kesan gelap kandungan besi batuan kapur arosbaya berwarna kemerahan dibanding bukit jaddih,0,positive,2
Wisata Bukit Jaddhih,5,tempatnya bagus berfoto lupa bawa masker,1,positive,-1
Wisata Bukit Jaddhih,4,kerenuniksebaiknya pergi pagi sore karena lokasi yang gersang n panas,1,positive,2
Wisata Bukit Jaddhih,5,tempatnya lumayan kalau sekedar mampir syeikhuna bangkalan karnah arah,1,positive,-1
Wisata Bukit Jaddhih,5,keren keren akses jalannya bagus,1,positive,6
Wisata Bukit Jaddhih,5,suka pemandangannya warna airnya bagus pas musim panas titik foto jalanan kesana gampang n tidak parah sekali saran saja klu kesana bawa makanminum pakai pelindung badan klu tidak ingin kepanasan,1,positive,2
Wisata Bukit Jaddhih,4,wisata alamnya bagus,1,positive,-1
Wisata Bukit Jaddhih,5,pemandangan nya bagus sekali tapi panaassss,1,positive,-1
Wisata Bukit Jaddhih,4,kondisi perjalanannya aman sejahtera khawatir kelangan hmm,1,positive,-1
Wisata Bukit Jaddhih,3,wisata bukit kapur madura,0,positive,3
Wisata Bukit Jaddhih,4,tempatnya bagus akses masuk jalannya keamanan tempatnya terjamin tambang kapur,1,positive,-1
Wisata Bukit Jaddhih,1,siip,0,positive,0
Wisata Bukit Jaddhih,5,tempatnya bagus pemandangannya bagus direkomendasikan grafik foto pra pernikahan,1,positive,-1
Wisata Bukit Jaddhih,5,bukit jaddih bukit jaddih madura terletak desa jaddih daerah bangkalan tambang batu kapur dijadikan objek wisata memiliki lapisan perbukitan kolam renang dataran rendah buka pagi jam sore menemukan pekerja jam kerja areanya luas menemukan stand menjual minuman makanan makanan ringan biaya masuknya k idr pergi membayar k idr mencapai pemandangan puncak kota bangkalan pulau madura memiliki nomor ponsel bertanggung perjalanan pulang membantu menanganinya daerah mudik berbahaya kota asalnya raja narkoba madura saran pulang larut jalan pulang aman orangorang menjaga perbukitan jaddih pemandangannya bagus fotografer prewed memotret pengalaman berkunjung kota surabaya dibutuhkan jam timur surabaya selamat menikmati pemandangannya teman,1,positive,2
Wisata Bukit Jaddhih,5,indah tidak alami,1,positive,0
Wisata Bukit Jaddhih,4,keren pemandangannya sayangnya jalannya terbenahi,1,positive,6
Wisata Bukit Jaddhih,4,tempatnya ok kesini gowes bareng teman harga masuk orang sepeda kalau tidak salah rupiah nothing special bekas galian kapur yang jadikan wisata hehe jalur juga tidak sulit tidak suramadu semoga perkemnbangan kedepannya hehehe,1,positive,2
Wisata Bukit Jaddhih,3,indahnya teman yang ajak ekspektasinya,0,positive,5
Wisata Bukit Jaddhih,4,bagus panas,1,positive,0
Wisata Bukit Jaddhih,5,tempatnya bagus foto foto unik,1,positive,-1
Wisata Bukit Jaddhih,4,bukt kapur bangkalan madura tempatnya bagus panas fasilitas memadai pungutan masuk kendaraan rb tarikan rb orang dibenahi kedepan toilet istirahat lainlain,1,positive,-1
Wisata Bukit Jaddhih,4,wisata seru titik selfie fasilitas makanan souvenir wisata air perahu dayung sayang fasilitas toilet memadai biaya pendatang pintu masuk pintu gerbang parkiran kalau pendatang nya memperbaiki sarana toilet toilet suram pencahayaanmungkin suasana aku jd remang tapi cenderung gelap pintu toilet rusak tidak tutup,1,positive,-1
Wisata Bukit Jaddhih,5,bagus tiket rp k,1,positive,0
Wisata Bukit Jaddhih,3,puanas parkir liar,0,negative,-1
Wisata Bukit Jaddhih,5,wuih seru mantab photophoto sore pas berkunjung ashar gitu,1,positive,0
Wisata Bukit Jaddhih,4,lupa lihat musim ya teman,1,positive,-1
Wisata Bukit Jaddhih,5,sihh tidak kenal bukit jaddih sudah tau bukit jaddih terletak kecamatan socah kabupaten bangkalan yaa km pusat kota bangkalan bukit jaddih mwnjadi destinasi favorit berkunjung bangkalanwaktu yang cocok pergi kesini sore pagi tiket masuk titik rb rupiah tunggu ayoo berkunjung bukit jaddih,1,positive,2
Wisata Bukit Jaddhih,4,panas seruui,1,positive,0
Wisata Bukit Jaddhih,5,wajib mensyukuriny,1,positive,-1
Wisata Bukit Jaddhih,3,bukit kapur penambangan batu kapurmasih pungli,0,negative,7
Wisata Bukit Jaddhih,4,wisata yang hilang,1,positive,3
Wisata Bukit Jaddhih,5,pemandangan yang mantap,1,positive,12
Wisata Bukit Jaddhih,5,baguss,1,positive,0
Wisata Bukit Jaddhih,5,turkey,1,positive,0
Wisata Bukit Jaddhih,5,panaaaaaasss vrooh,1,positive,10
Wisata Bukit Jaddhih,5,wisata madura foto instagramable mueah foto jaddih,1,positive,3
Wisata Bukit Jaddhih,4,sbtlnya pegunungan kapur yang sdh terkikis tapi lumayan objek foto jangan dtg siang lebih pagi karena madura daerah yang panas sayang tmpt tidak dimanfaatkan smua spotnya,1,positive,2
Wisata Bukit Jaddhih,4,wisata murah meriah susah menjangkaunya,1,positive,5
Wisata Bukit Jaddhih,3,tahap pengerjaan panas,0,negative,0
Wisata Bukit Jaddhih,3,puas tidak manajemennya keamanannya meragukan keselamatannya ok,0,negative,-1
Wisata Bukit Jaddhih,3,kalau jeddih parkirnya usahakan tinggal kalau parkirnya pindah,0,negative,-1
Wisata Bukit Jaddhih,4,indah luas,1,positive,0
Wisata Bukit Jaddhih,5,baguscuma panas udaranya,1,positive,-1
Wisata Bukit Jaddhih,4,salah wisata pulau madura yang wajib dikunjungi,1,positive,3
Wisata Bukit Jaddhih,4,wisata bukit kapur yang khas madura tarif masuk lokasi rb motor masuk area wisatanya tarif foto dengan view bagus mending bukit kapurnya area wisatanya hati pungli disarankan pakai kacamata hitam karena tempatnya panas silau,1,positive,2
Wisata Bukit Jaddhih,5,terbaik,1,positive,-1
Wisata Bukit Jaddhih,4,awesome jalurnya terjal keren,1,positive,6
Wisata Bukit Jaddhih,3,lumayan bagus,0,positive,0
Wisata Bukit Jaddhih,2,aman plat motor kota,0,positive,0
Wisata Bukit Jaddhih,2,tambang kapur,0,positive,7
Wisata Bukit Jaddhih,4,bukit kapur kapurnya bangunan rumah perpaduan kapur genangan air air berwarna hijau aku namanya goa pote bagus viewnya parkirnya mahal rb bus kapasitas orang,1,positive,2
Wisata Bukit Jaddhih,5,panas sih tapi bagus sekali,1,positive,-1
Wisata Bukit Jaddhih,5,wisata alam memanfaatkan bekas pertambangan cocok selfi lokasinya makam mbah kholil,1,positive,7
Wisata Bukit Jaddhih,1,lumayan swa fototp yang kelola tmpt banyak pungutan liar masuk mnt uang masuk kdua mnt uang lagi karcis nyanah parkir mbl mnt uang lagi muka preman tidak jls kalau tidak di ks maksa olah telan orang itu tampang nyacb kelola dng yang bnrsedia kn wc,0,negative,2
Wisata Bukit Jaddhih,5,bagus sekalisayang jalan sempit petunjuk arah orang sanapun,1,positive,6
Wisata Bukit Jaddhih,2,view tidak sebagus fotofoto tergantung ngedit ambil posisi view pemandangannya,0,negative,-1
Wisata Bukit Jaddhih,4,daerah perbukitan kapur aktivitas penggalianpomotongan bahan bangunanbatu bata gamping kapur dinding kontur bukit bekas aktivitas tersebut indah instagramable cuaca panas berdebu masker sun glasses,1,positive,2
Wisata Bukit Jaddhih,3,hmmm ekspektasi,0,negative,10
Wisata Bukit Jaddhih,5,tempatnya bagus ekspektasi masuknya kemarin gratis sih pas pagi tidak tahu bayar tidak,1,positive,2
Wisata Bukit Jaddhih,4,kepengen coba rekreasi madura tambang batu kapur aktif parkir masuk dipatok orang rupiah sih lumayan,1,positive,2
Wisata Bukit Jaddhih,5,putih,1,positive,-1
Wisata Bukit Jaddhih,1,panas mahal minim toilet berdebu,0,negative,-1
Wisata Bukit Jaddhih,2,indah,0,positive,0
Wisata Bukit Jaddhih,4,nyampai sore tidak panas,1,positive,-1
Wisata Bukit Jaddhih,5,dilokasi panas,1,positive,0
Wisata Bukit Jaddhih,4,situs penambangan kapur luas tampaklah bukit kapur indah madura coba mampir bebek sinjay areanya luas pas cuaca cerah hasil foto instagramable sekali masuk cm bayar parkir dalamnya kolam renang danau dikenakan tiket tambahan,1,positive,2
Wisata Bukit Jaddhih,5,buuuaaaaguuuuuussss,1,positive,10
Wisata Bukit Jaddhih,5,bagus panas,1,positive,-1
Wisata Bukit Jaddhih,4,objek wisata yang instagramablebukit tmpt penambangan kapur putih letakny mnt dari bebek sinjai bangkalan jam dari kota surabayahati jln ksini awas trjebak jln alternatif yang blm beraspaldan sepidisarankn sll melewati jln yang beraspal pulng pergi,1,positive,2
Wisata Bukit Jaddhih,5,vanas tapi aseek koq,1,positive,-1
Wisata Bukit Jaddhih,3,berdebu,0,negative,-1
Wisata Bukit Jaddhih,5,senang tempatx nyaman sekali,1,positive,-1
Wisata Bukit Jaddhih,5,keren bagus hanya panas,1,positive,0
Wisata Bukit Jaddhih,4,nya bagus panas lumayan menyengat kebersihan terjaga masih exploitasi kapur truck masih bersliweran mdhan kedepannya pengelolaan lebih seperti breksit jogja,1,positive,2
Wisata Bukit Jaddhih,5,titik fotonya keren keren,1,positive,0
Wisata Bukit Jaddhih,5,matahari terbit emas,1,positive,0
Wisata Bukit Jaddhih,5,heppy,1,positive,0
Wisata Bukit Jaddhih,5,pemandangan bukit kapur bagus titik foto nya goa poteh rekomendasi kesini pagi sore kalau siang panas sekali,1,positive,2
Wisata Bukit Jaddhih,5,pemandangannya bagus eksotik,1,positive,-1
Wisata Bukit Jaddhih,4,bagus fotofoto ya teman tidak suk panas siapkan topi kacamata hitam losion,1,positive,9
Wisata Bukit Jaddhih,5,mantab,1,positive,8
Wisata Bukit Jaddhih,5,panorama akses bagus sayang terkelola dengan alat fasilitas keamanan keselamatan untuk pengunjung semoga dikelola dengan profesional yang mengutamakan keselamatan pengunjung trimksh,1,positive,-1
Wisata Bukit Jaddhih,1,membayar uang,0,negative,0
Wisata Bukit Jaddhih,5,bagus,1,positive,4
Wisata Bukit Jaddhih,1,bagus liburan membayar gerbangnya,0,positive,-1
Wisata Bukit Jaddhih,5,benar keren yang suka posting instagram kece badai,1,positive,0
Wisata Bukit Jaddhih,1,yang narik parkir sesuai harapan,0,negative,5
Wisata Bukit Jaddhih,5,indah pemandangnee,1,positive,0
Wisata Bukit Jaddhih,4,wisata batu kapur pulau garam madura serasa planet asyik melepas pusing,1,positive,3
Wisata Bukit Jaddhih,4,lumayan bagusada terowongan batunyaada danaunya,1,positive,-1
Wisata Bukit Jaddhih,5,kereeenn,1,positive,10
Wisata Bukit Jaddhih,4,wisata bukit jaddih bangkalan penambangan batu kapur berfungsi lokasi kesana melewati jalan kampung pemandangan sawah rumah penduduk jalannya lebar tapi lalui bis tapi tidak papasan membayar mobil masuk wisata gus pote perorang rp datangnyamenjelang sore panas aku pote bekas galian penuhi air yang rakit bayar rp perorang bagusnya guide lokal yang terlatih mengarahkan gaya tamu mengantar titik titik menarik parkir pedagang yang jual minuman makanan ringan rujak sarankan pas pagi sore biar tidak panaskalau siang isahakan bawa topi payung pakai sunblock minum air putih kamar mandi ppsisinya sarana ibadah musholla dsb wisata adagunakan baju yang dingin bahannya warna yang terang biar kontras hasil fotonya,1,positive,2
Wisata Bukit Jaddhih,4,kali kesini tapi sudut yang terekspose,1,positive,0
Wisata Bukit Jaddhih,3,batuan indah,0,positive,7
Wisata Bukit Jaddhih,5,bagus sekali,1,positive,0
Wisata Bukit Jaddhih,3,fasilitas jalan rusak,0,negative,-1
Wisata Bukit Jaddhih,5,unik tambang kapur dijadikan wisata gowa kolam sayatan bukit mengagumkan,1,positive,7
Wisata Bukit Jaddhih,2,pungli dari masuk lokasi sampai dalam lokasi tlg ditindaklanjuti pungli nya,0,negative,-1
Wisata Bukit Jaddhih,5,bekas tambang kapur yang jd obyek wisata,1,positive,7
Wisata Bukit Jaddhih,5,cantik,1,positive,-1
Wisata Bukit Jaddhih,3,bagus,0,positive,4
Wisata Bukit Jaddhih,5,pemandangan bukit kapur menakjubkan,1,positive,-1
Wisata Bukit Jaddhih,5,bagus hotel goa tahap pembangunan,1,positive,5
Wisata Bukit Jaddhih,5,sedia payungsunglasses,1,positive,-1
Wisata Bukit Jaddhih,5,masjidnya bersih,1,positive,1
Wisata Bukit Jaddhih,4,tebing tebing batu kapur keren lokasi bekas pengambilan batu kapur batu bata kesini bawa masker kacamata cuacanya panas bayak debu hatihati keatas tebingnya pagar pembatas,1,positive,2
Wisata Bukit Jaddhih,2,keren,0,positive,0
Wisata Bukit Jaddhih,4,bagus panas kalau siang mohon dijaga kebersihannya,1,positive,-1
Wisata Bukit Jaddhih,3,tempatnya saja sih kamu know puanaaaaasssnya ampun kalau gamau gosong pakai sunblock spf botol deh jalan masuknya tidak lebar jalan desa gitu dimintain sumbangan seikhlasnya majuan dikit loketnya mobil bayar rb kirain sudah semua di ini ya pas turun orang madura nyamperin narik uang bayar rb orang danaunya bayar sudah gabisa ngelola wisata gimana serakah suruh bayar nginjek tanahnya suruh bayar,0,negative,2
Wisata Bukit Jaddhih,3,lapis pembayaran masuk desa bayar seikhlasnya masuk bukit kapur bayar mobil rp aku poteh bayar orang rp,0,negative,2
Wisata Bukit Jaddhih,3,gang bukit gangnya kecilpapan pemberitahuan mengarah bukit nampak,0,negative,6
Wisata Bukit Jaddhih,4,alhamdulilah sngat menyenangkan amin,1,positive,1
Wisata Bukit Jaddhih,2,pungutan liar,0,negative,-1
Wisata Bukit Jaddhih,4,seru saja sih,1,positive,10
Wisata Bukit Jaddhih,5,wajib dikunjungi madura panas viewnya,1,positive,-1
Wisata Bukit Jaddhih,3,panas,0,positive,0
Wisata Bukit Jaddhih,4,kedepan wisata,1,positive,3
Wisata Bukit Jaddhih,4,nya bagus tiket masuk keatas nambah biaya tmpt,1,positive,-1
Wisata Bukit Jaddhih,5,tempatnya menarik explore hidden titik sepi sekali wisatawan umunya,1,positive,-1
Wisata Bukit Jaddhih,5,bukit jaddih goa pote,1,positive,-1
Wisata Bukit Jaddhih,5,wisata bukit kapur bagus foto foto,1,positive,-1
Wisata Bukit Jaddhih,4,bagus bersepeda,1,positive,0
Wisata Bukit Jaddhih,4,cantik bukit berwarna putih,1,positive,-1
Wisata Bukit Jaddhih,3,pungutan liar untungnya wajar,0,negative,-1
Wisata Bukit Jaddhih,3,bagus panas,0,positive,-1
Wisata Bukit Jaddhih,5,bagus foto,1,positive,0
Wisata Bukit Jaddhih,5,lumayan bagus jalannya buruk pemandangannya keren jarang,1,positive,6
Wisata Bukit Jaddhih,5,instragram bgtcocok yang suka foto mobil masuk kearah bukit kapur tiket masuknya rb orang tambah mobil kalau danau dikenakan tiket lagi orang rb,1,positive,2
Wisata Bukit Jaddhih,5,pemandangan menakjubkan,1,positive,12
Wisata Bukit Jaddhih,5,wisatanya lumayan bagus tapi panas,1,positive,-1
Wisata Bukit Jaddhih,5,yang keren foto,1,positive,0
Wisata Bukit Jaddhih,5,panas bagus,1,positive,-1
Wisata Bukit Jaddhih,3,pungutan lokasi,0,negative,0
Wisata Bukit Jaddhih,4,kereenn,1,positive,10
Wisata Bukit Jaddhih,5,menarik menambang kapur membiarkan orang berjalanjalan alat berat berkeliling,1,positive,7
Wisata Bukit Jaddhih,5,bukitnya buruk lumayan foto hawanya panas,1,positive,-1
Wisata Bukit Jaddhih,5,indah daja siang kalok panas,1,positive,-1
Wisata Bukit Jaddhih,2,bukit kapur spesial objek yang dijual bekas aku lubang penambangan selebihnya yang dinikmati lokasi lumayan jalan retribusi masyarakat dimanamana menambah ketidaknyamanan berkunjung kolam danau yang menambah nilai keindahan lokasi tip lupa bawa payung kacamata hitam karena panas siang,0,positive,2
Wisata Bukit Jaddhih,5,wisata,1,positive,3
Wisata Bukit Jaddhih,4,titik keren yang suka selfie,1,positive,0
Wisata Bukit Jaddhih,5,suasana kumpul adik tenang,1,positive,3
Wisata Bukit Jaddhih,5,jng bagus viewnya untuk swa berfoto,1,positive,-1
Wisata Bukit Jaddhih,4,bagus foto,1,positive,0
Wisata Bukit Jaddhih,3,lumayan lokasinya panas parkir pintu masuk bayar,0,negative,-1
Wisata Bukit Jaddhih,5,tempatnya benar benar keren perawan besok besok kesana,1,positive,-1
Wisata Bukit Jaddhih,4,bagus jalanjalan mengambil foto calo parkir lokasi tarifnya wajar tenang persiapkan uang receh uang keperluan,1,positive,2
Wisata Bukit Jaddhih,5,amazing beautiful,1,positive,-1
Wisata Bukit Jaddhih,3,pemandangan bagus managemen wisatanya,0,positive,-1
Wisata Bukit Jaddhih,5,wisata bukit kapur bagus sertai danau hijau bagus,1,positive,-1
Wisata Bukit Jaddhih,5,pungli bekas tambang yang jd objek wisata,1,negative,7
Wisata Bukit Jaddhih,4,tempatnya bagus foto tiket bayar x area tambang area goa pote rporang fasilitas toilet warung parkir luas sayangnya kebersihan diperhatikan,1,positive,2
Wisata Bukit Jaddhih,4,kalau nya tapi penarikan karcisnya yang mahal,1,negative,-1
Wisata Bukit Jaddhih,5,lumayan,1,positive,-1
Wisata Bukit Jaddhih,3,yang indah alami,0,positive,0
Wisata Bukit Jaddhih,4,udara panasakses jalan lokasi sepipinter cari angel unt foto yang bagus titik foto banyakbawa air putih karena tidak yang jualanudara yang panas bikin gampang lelah haus,1,positive,2
Wisata Bukit Jaddhih,1,akses masuk susah,0,negative,-1
Wisata Bukit Jaddhih,5,indahnya indonesiaku,1,positive,0
Wisata Bukit Jaddhih,3,tambang kapur,0,positive,7
Wisata Bukit Jaddhih,3,perawatan petunjuk jalan,0,negative,-1
Wisata Bukit Jaddhih,4,bawa kacamata hitam mengurangi silau,1,positive,-1
Wisata Bukit Jaddhih,5,tuhan,1,positive,1
Wisata Bukit Jaddhih,3,menarik wisatawan,0,positive,-1
Wisata Bukit Jaddhih,5,sugab jua,1,positive,0
Wisata Bukit Jaddhih,5,satunya bukit kapur berwarna putih bangakalan madura mayoritas masyarakat tergolong ramah tamah,1,positive,2
Wisata Bukit Jaddhih,5,pemandangan alam mantap,1,positive,12
Wisata Bukit Jaddhih,2,bayar tiketny pintu skali bayar,0,negative,-1
Wisata Bukit Jaddhih,2,pemandangannya bagus surabaya,0,positive,12
Wisata Bukit Jaddhih,3,lokasi bekas penambangan yang dijadikan titik foto jalan bukit jaddih lumayan susah disarankan kendaraan roda pandaipandai mengambil angel foto untuk menghasilkan foto ok,0,positive,2
Wisata Bukit Jaddhih,5,akses yang meragukan orang yang kali terbayar gokil,1,positive,5
Wisata Bukit Jaddhih,5,cocok sekali foto tiket masuk murah,1,positive,6
Wisata Bukit Jaddhih,5,bukit jaddih wisata benarbenar spektakuler kedepan bertambah spektakuler merekomendasikan berkunjung bukit jaddih rencana wisata akses lokasi selepas jalan suramadu mudah jalannya lebar memasuki lokasi jalan beraspal dibutuhkan kewaspadaan kehatihatian berkendara jalannya lebar berkunjung memakai moda transportasi bus besarpun masuk tersedia parkir luas kali bukit jaddih benarbenar kagum salah bentuk karya manusia alam bukit jaddih terbentuk akibat aktivitas pertambangan bukit kapur digarap apik disulap wisata bagus tangantangan terampil manusia memiliki nilai ekonomi bukit jaddih bagus dipandang mata bagus berfotoswafoto fasilitas toilet terbatas berjualan makanan minuman warga lokalan warung sangatsangat sederhana saran berkunjung bukit jaddih makan nasi membawa rumah hobi berenang lokasi bukit jaddih kolam renangnya lho lupa bawa baju renangnya ya selamat berlibur,1,positive,2
Wisata Bukit Jaddhih,3,puan,0,positive,0
Wisata Bukit Jaddhih,4,kalau beruntung lihat dementor,1,positive,-1
Wisata Bukit Jaddhih,5,satu of hidden gems di indonesia,1,positive,3
Wisata Bukit Jaddhih,4,bagus tetap sayang yang pungli,1,positive,0
Wisata Bukit Jaddhih,1,banyak yang mnta uang pas nuju lokasi blom termsk loket msknya,0,negative,-1
Wisata Bukit Jaddhih,3,tempatnya bagus berpotensi pariwisata lihat foto sy unggah pengunjung surabaya sidoarjo daerah walau lokal juga diperhatikan tiketing pintu bayar tiket rb mobil bukit tarik tiket mobil tb rb orang masuk lokasi danau mobil lrang bayar perahu bayar kelola asalan mengutip uang parkir,0,positive,2
Wisata Bukit Jaddhih,2,dikembangkan sarana prasaran wisata akomodasi,0,positive,5
Wisata Bukit Jaddhih,4,tempatnya bagus pengalaman bukit jaddih lupa bawa kacamata hitam payung topi pakai pelindung matahari panas,1,positive,-1
Wisata Bukit Jaddhih,4,bagus berjemur,1,positive,0
Wisata Bukit Jaddhih,4,instagramable minusnya pungli oknum,1,positive,-1
Wisata Bukit Jaddhih,5,joss,1,positive,-1
Wisata Bukit Jaddhih,3,view bagus dikelola maksimal,0,positive,-1
Wisata Bukit Jaddhih,3,wisata lumayan bagus fasum contohnya kamar,0,negative,6
Wisata Bukit Jaddhih,5,panaaaas sekali,1,positive,10
Wisata Bukit Jaddhih,3,sampahnya,0,negative,0
Wisata Bukit Jaddhih,4,perbaikan disana menikmati pemandangan alami asyik suka selfie,1,positive,-1
Wisata Bukit Jaddhih,4,menarik menghibur semoga manfaat,1,positive,1
Wisata Bukit Jaddhih,3,tujuan wisata alam buatan manusia bagus perbaikan,0,positive,3
Wisata Bukit Jaddhih,4,tempatnya asli asli panas masuk kesana harus bayar x seikhlasnya k ketiga k,1,positive,-1
Wisata Bukit Jaddhih,4,tambang batu kapur dijadikan wisata kolam air berwisata perahu pemandian berenang persiapkan pakaian terik matahari persiapkan debu tambang aktif truk berjalan menambah intensitas debu jarak menit suramadu menit bebek sinjay terkenal titik pembayaran jalan masuk area sukarela perawatan jalan kampung pintu masuk tiket resmi masuk bukit jaddih parkir dimana area pungli ndak ndak paham,1,positive,2
Wisata Bukit Jaddhih,4,tidak tau sih menurutku sistem administrasi nya tertata but lumayan,1,positive,-1
Wisata Bukit Jaddhih,5,bukit kapur terletak pulau madura titik fotonya kesini sempatkan puncak bukit tertingginya sunset indah keren sekali pemandangannya area parkir dimanamana musholla area danaunya punglinya kesini,1,positive,2
Wisata Bukit Jaddhih,5,cari tmpt foto haha,1,positive,0
Wisata Bukit Jaddhih,4,keelokan bukit kapur,1,positive,-1
Wisata Bukit Jaddhih,5,bukit jedddih bukit jeddih salah bukit madura terletak asing desa jeddih soccah bangkalan jawa timur disana dibutuhkan jam pusat kota surabaya masyarakat desa menyebutnya sebutan bukit kapur dulunya penyeberangan batu bata putih berdebu tertutup penambang pejabat diperbolehkan masuk area penyeberangan lamakelamaan aktivitas pengangkut batu bara mendambakan desain batu bata unik pola indah dinding tangga lubang menyerupai teluk terpesona orangorang disekitarnya pola batu bata pemandangan indah disekitarnya penghijauan membentang bukit bukit alasan masyarakat mengunjunginya pengunjung meningkat pihakpihak memutuskan melegalkan wisata dilengkapi perabotan fasilitas disediakan danau tiang renang pusat kota ramai pengunjung fasilitas aksesnya mobil sepeda bus pengendara berhatihati jalur simpang susun dibuka sore menolak pengunjung malam berkembang hektar hektar lembah terpisah lembah liar dibuatkan telaga telaga biru alat renang lokasi telaga alat renang ditempatkan berbeda berpindah telaga alat renang angkutan memakan menit tiang renang pengunjung merasakan suasana suasana alami taman modern suasana alami sekeliling tiang renang dikelilingi tembok putih batu bata pepohonan bungabunga pepohonan pengungsian pengunjung berenang disekitarnya disediakan kursi malas duduk santai memandangi panorama alat renang telaga berwarna hijau masuk area alat renang pengunjung membayar rp pengunjung menikmati fasilitas khawatir kelaparan penjual makanan pedagang pengunjung membeli varian makanan pentol mie lainlain pengunjung disana lupa masuk lokasi telaga biru membeli tiket rp terfavorit indah dinamakan telaga biru alasannya warna air telaga biru pengunjung disuguhi kemewahan warna biru dilingkari tongkol batu bata putih masuk goa putih perahu dayung pelayaran perahu dayung pengunjung membayar rp bukit jeddih ramai dikunjungi pemandangannya indah nama yunda fithriyah kelas semester jurusan surat bahasa inggris fakultas kebudayaan bahasa senat institut agama islam surakarta,1,positive,2
Wisata Bukit Jaddhih,5,yang berkunjung bangkalan ndak salahnya mampir kesini,1,positive,-1
Wisata Bukit Jaddhih,5,salah wisata bukit kapur penambangan batu kapur sulap wisata alam,1,positive,7
Wisata Bukit Jaddhih,5,bukit kapur jaddih dikenal nama bukit jaddih penambangan batu kapur putih wisata wisatawan berkunjung lokasi pemandangannya menarik sekilas bukit kapur jaddih bukit kapur rengel tuban bukit kapur sekapuk gresik perbedaannya bukit jaddih memiliki kolam renang bernama aku potte keistimewaan bukit jaddih bnyak keistimewaan penambangan kapur memiliki guagua iti sisa penambangan masuk guagua haraplah berhati hati rawan longsor,1,positive,2
Wisata Bukit Jaddhih,4,pungli,1,negative,0
Wisata Bukit Jaddhih,2,tempatnya tambang kapur yang masih aktif berbahaya minim pengamanan warga lokal yang suka pungutan liar jalan dalih biaya masuk tapi keberatan silahkan berkunjung tambang kapur belajar penambangan yang buruk pengelolaan wisata yang,0,negative,2
Wisata Bukit Jaddhih,5,pemandangan wisata bukit jeddih bagusakses wisata mudahakan tetapibila masuk lokasi bukit jeddihanda fokuskarena medan bukit extreme menantanguntuk mobil masuk lokasi inijika bukit mobil sepeda motordiharapkan kondisi kendaraan okedan driver menguasai medan bukit jeddih inigimana tertarik wisata bukit jeddih iniyuk langsung saja teman,1,positive,2
Wisata Bukit Jaddhih,2,puanas berhati hati pungutan tiket liar mengatas namakan wisata bukit jeddih jangab salah masuk mending mengikuti kendaraan truk gang gang terus dikasih tulisan bukit jeddih disitu bantak tiket tidak alias pungutan liar kena x tiket liar semoga yang tiket asli belinya lokasi bukit jeddih jalan,0,negative,2
Wisata Bukit Jaddhih,3,tarikannya beda beda jd malas,0,negative,-1
Wisata Bukit Jaddhih,5,panas,1,positive,0
Wisata Bukit Jaddhih,5,wisata terinstagramable,1,positive,3
Wisata Bukit Jaddhih,4,bayar,1,negative,0
Wisata Bukit Jaddhih,3,tarif rbmobil arah goa pote pungli warga masuk danau goa pote parkir rb rb kalau siang panas tahap renov mempercantik pemandangan bukit kapur goa pote,0,negative,2
Wisata Bukit Jaddhih,1,masuk kampung bayar ribu masuk wisatanya parkir bayar ribu masuk wisatanya orang bawa kacamata kalau ksana bunar,0,negative,2
Wisata Bukit Jaddhih,5,pergilah,1,positive,-1
Wisata Bukit Jaddhih,2,cantik air danau surut hijau air berwarna biru,0,negative,-1
Wisata Bukit Jaddhih,3,bekas tambang batu kapur bagus berfoto,0,positive,7
Wisata Bukit Jaddhih,1,pungli mbayar tidak,0,negative,0
Wisata Bukit Jaddhih,3,foto,0,positive,-1
Wisata Bukit Jaddhih,5,tempatnya pemandangannya bagus kunjungannya menyenagkan danau indah,1,positive,6
Wisata Bukit Jaddhih,5,tolong perbaiki akses jalan tkp,1,positive,-1
Wisata Bukit Jaddhih,4,tempatnya keren sayangnya fasilitas sholat,1,positive,-1
Wisata Bukit Jaddhih,3,tempatnya dijaga kebersihannya ibadah karena kemarin solat pedagang disana toiletnya diperbaiki,0,positive,1
Wisata Bukit Jaddhih,4,wisata bukita kapir indah,1,positive,3
Wisata Bukit Jaddhih,5,pemandangan bukit jedih bagus masih dipakai sebagai tambang kapur,1,positive,7
Wisata Bukit Jaddhih,5,panas,1,positive,0
Wisata Bukit Jaddhih,4,bukit kapur daerah bangkalan madura akses jalan jembatan suramadu lumayan jalanan sepi rombongan siang pemandangannya bagus kegiatan penambangan lokasi berhatihati alat berat lokasi lokasi pemotretan prewedding cerah beranginharap hatihati debudebu kapurnya,1,positive,2
Wisata Bukit Jaddhih,4,bagus difoto mengunjunginya dibuka hotel bertema chalkhill,1,positive,-1
Wisata Bukit Jaddhih,5,perjalan bukit jaddih madura akses nya melewati jalanan desa yang sempit jalanan nya yang bagus lumayan memakan yglama lihat nya terbayar perjalan digantikan dengan pemandangan yang bagus disarankan bawa masker penambangan kapur beroperasi debu,1,positive,2
Wisata Bukit Jaddhih,5,serru sekali teman,1,positive,0
Wisata Bukit Jaddhih,3,wisata potensial madura surabaya dikelola mohon dikelola pemerintah swadaya masyarakat pungli,0,negative,-1
Wisata Bukit Jaddhih,5,good view papan petunjuk arahtempat parkir minim,1,positive,15
Wisata Bukit Jaddhih,3,pemandangan diperbaiki,0,negative,12
Wisata Bukit Jaddhih,5,sangat recommended place ke be visited tempatnya bagus fotofoto cuacanya panas terik disarankan membawa kacamata hitam parkirnya luas penjual minuman menghilangkan dahaga panas terik titik jaddih hill indah,1,positive,2
Wisata Bukit Jaddhih,5,foto menarik,1,positive,0
Wisata Bukit Jaddhih,4,bagus pengelolaan serius,1,positive,0
Wisata Bukit Jaddhih,4,rombongan bus restribusi bis ribu,1,positive,0
Wisata Bukit Jaddhih,5,bagus kayk dipilem pilem india,1,positive,-1
Wisata Bukit Jaddhih,5,bagus sekali tempatnyaa cocok refreshing,1,positive,6
Wisata Bukit Jaddhih,1,pos bayar seikhlasnya bilangnya buka jalan koq pungli pos bayar ribu orang tiket pemandangan bagus tata kelolanya tidak danau seluas x meter tambah buah rakit kolam renang hati hati barang berharga mobil waspada maklum area milik swasta pemda terlibat,0,negative,2
Wisata Bukit Jaddhih,1,bawalah uang preman pungli mengaku resmi bertiket masuk jalan akses ditarik infaq maju ratus meter pos tiket masuk parkir goa pote disuruh bayar pindah titik bayar berhatihatilah langkah tarikan rpribu tiket motor sungguh wisata worth tidak sebanding,0,negative,2
Wisata Bukit Jaddhih,3,pertambangan kapur bangkalan madura yang bagus untuk selfie acara prewwed,0,positive,7
Wisata Bukit Jaddhih,5,kesini kesan keren suka berfoto ria swafoto instagrammable info nya lokasi penambangan batu kapur putih wisata dikunjungi wisatawan layaknya kesini tahap pengembangan yang renovasi saran pengembangan akses jalan lokasi diperbaiki paving aspal,1,positive,2
Wisata Bukit Jaddhih,5,bagus,1,positive,4
Wisata Bukit Jaddhih,3,paduan bukit air yang berwarna hijau ckup mnarik,0,positive,-1
Wisata Bukit Jaddhih,5,nya bagus tapi panas,1,positive,0
Wisata Bukit Jaddhih,4,panas beraniberani kesana trans daring grab gocar fr cantik pengembangan,1,positive,-1
Wisata Bukit Jaddhih,4,bahan bakar bagus,1,positive,0
Wisata Bukit Jaddhih,5,yang bagus,1,positive,0
Wisata Bukit Jaddhih,5,mantap unik ya memuaskan alami sekali,1,positive,0
Wisata Bukit Jaddhih,5,titik istimewa berfoto selfie,1,positive,0
Wisata Bukit Jaddhih,5,wisata bukit jaddih lumayan rekreasi keluarga masuk bayar rb terus parkir masuk bayar rb terus parkir bayar rb yang parkir goa pote dapat parkiran jalan wisata pilihan masuk goa pote atau perahu perahu bayar ribu yang jualan minum makanan berat tidak pastikan sudah makan kesini lupa bawa payung atau topi ya sunblock sudah dioles punya fun,1,positive,2
Wisata Bukit Jaddhih,4,vanasss prewed cakep,1,positive,0
Wisata Bukit Jaddhih,5,tempatnya bagus sekali,1,positive,11
Wisata Bukit Jaddhih,5,kapur,1,positive,0
Wisata Bukit Jaddhih,3,oke,0,positive,17
Wisata Bukit Jaddhih,5,pertambangan menarik,1,positive,-1
Wisata Bukit Jaddhih,4,unik bagus serba putih gitu karena perbukitan kapur sudah berkembang pariwisata nya dibangun yang sudah fasilitasnya yang ditambang kapurnya deh liburan jalan nya saja yang bagus pungli nyaa hehe,1,positive,2
Wisata Bukit Jaddhih,4,bukit kapur sekali dateng kesini serba putih jalanan daunan pohonan rumahan putih keren sih pahatanpotongan yang sayang sekali restribusinya kayaknya teratur masuk ditarik nyampek ditarik,1,positive,2
Wisata Bukit Jaddhih,5,jooss,1,positive,10
Wisata Bukit Jaddhih,5,bagus berfoto,1,positive,0
Wisata Bukit Jaddhih,4,dikelola pemerintah biar bagus tertata pungutan,1,negative,5
Wisata Bukit Jaddhih,5,bagus baget,1,positive,0
Wisata Bukit Jaddhih,5,bukit kapur putih keren hobi buru foto ini tinggal pintar nya cari titik foto pas hasil foto nya keren saran saja nyaman pas pagi sore karena siang puanas sekali berdebu karena aktifitas penambang truk pengangkut beroprasi,1,positive,2
Wisata Bukit Jaddhih,5,bagus berfoto,1,positive,0
Wisata Bukit Jaddhih,5,takjub,1,positive,0
Wisata Bukit Jaddhih,5,bagus akses jalan bagus,1,positive,-1
Wisata Bukit Jaddhih,2,alami bagus sayang bergerak bayar geser bayar keamanan rawan daerah kampung narkoba begal,0,positive,2
Wisata Bukit Jaddhih,5,milikku pemandangannya indah panas topi payung toiletnya bersih air bersih segar,1,positive,15
Wisata Bukit Jaddhih,4,bagus wisata menjelajahi bukit granit sungguh menakjubkan,1,positive,7
Wisata Bukit Jaddhih,3,bagus datangi pertengahan,0,positive,0
Wisata Bukit Jaddhih,5,masyaallohkeren viewnyatapi hatidebunya tebalpake kacamata biar tidak kelilipanhabis lupa cari carwash hujan tidak hujan debunya nempel tebel sekali warnanya putih,1,positive,-1
Wisata Bukit Jaddhih,5,mengesankan bagus dibanding tebing breksi yogjakarta dana dikeluarkan sebagai melewati jalan tujuan kotak sumbangan sukarela k tiket masuk k mobil salah tau hitungnya gimana kejelasan yang berempat mobil hitungnya orang mobil tiket masuk area danau k mobil nomor kejelasan area danau fasilitas sewa kuda sewa rakit tau sewa berkisar k sd k brdasarkan tarif tempatnya instagramable bafus swafoto ria senang travelling teman,1,positive,2
Wisata Bukit Jaddhih,3,bukit jaddih lihat tambang kapur aktif,0,positive,-1
Wisata Bukit Jaddhih,5,penghilang pusing kesibukan dikantor yang bersahabat dengan dompet akses dari jalan raya yang perkampungan masih sempit semua around sangat baik,1,positive,2
Wisata Bukit Jaddhih,5,wisata alternative,1,positive,3
Wisata Bukit Jaddhih,3,cocok buru foto,0,positive,0
Wisata Bukit Jaddhih,3,bagus sih untuk fofo sayangnyapanaaaaaaas,0,positive,0
Wisata Bukit Jaddhih,1,kalau bagus strategistapi sayangkan mengocak lumayan uang yang keluarkansperti tiket parkir mahalsebelum masuk berhentikan membayar tiket parkittrus masuk goa potekita juga membayar tiket perorang,0,negative,2
Wisata Bukit Jaddhih,5,danau bukit jaddih,1,positive,-1
Wisata Bukit Jaddhih,3,viewnya bagus pemungutan tiketnya x,0,positive,-1
Wisata Bukit Jaddhih,3,berbeda objek wisata tolong jalan,0,negative,3
Wisata Bukit Jaddhih,5,wahana nya,1,positive,0
Wisata Bukit Jaddhih,5,yang indah lan layak dikunjungi akatetapi akses jalan yang sulit,1,positive,-1
Wisata Bukit Jaddhih,4,pemandangan ditawarkan indah sekali tempatnya berangin truk suka lalang aslinya panas panas deh,1,positive,2
Wisata Bukit Jaddhih,5,bagus,1,positive,4
Wisata Bukit Jaddhih,3,bukitnya lumayan bagustapi bayargeser parkir dikit bayar,0,negative,-1
Wisata Bukit Jaddhih,5,bagus tempatnya,1,positive,0
Wisata Bukit Jaddhih,4,bagus panas,1,positive,-1
Wisata Bukit Jaddhih,4,keren,1,positive,0
Wisata Bukit Jaddhih,4,panas,1,positive,0
Wisata Bukit Jaddhih,5,nya bagus bingit,1,positive,0
Wisata Bukit Jaddhih,3,panas bukit kapur dipercantik kuda dinaiki anakanak,0,positive,-1
Wisata Bukit Jaddhih,4,cocok foto prewedding selfi dsb tempatnya berdebu karena musim panas lupa bawa masker penutup hidung,1,positive,-1
Wisata Bukit Jaddhih,5,bagus,1,positive,4
Wisata Bukit Jaddhih,1,pengelolaan tiket parkir masuk berkali ditarik tiket parkir titik yang berbeda,0,negative,5
Wisata Bukit Jaddhih,1,pertambangan aktif berbahaya runtuh fasilitas dasar wisata toilet dsb tiket masuk mobil rb,0,negative,2
Wisata Bukit Jaddhih,4,keren lumayan panas hehee,1,positive,-1
Wisata Bukit Jaddhih,4,lokasi lumanyan masuk jalan desan tapi mobil udara panas berdebu daerah perbukitan penambangan batu kapur aktif saran pulang sore dari lokasi karema rawan perampokan begal perjalanan meninggalkan lokasi wisata,1,positive,2
Wisata Bukit Jaddhih,1,ingin terkenal pungli begal tidak bangetkalo ingin eksplor tempatnya ramah kejahatan destinasinya akam rame kalau rame enak banyal penghasilan bertambahnya tenaga kerja tukang parkir dsb,0,negative,2
Wisata Bukit Jaddhih,4,akses jalan bergelombang parah,1,negative,-1
Wisata Bukit Jaddhih,4,keereeen sekali,1,positive,10
Wisata Bukit Jaddhih,5,salah wisata bukit kapur penggaliannya aktif kabupaten bangkalan daerah jaddih wisata berbenah pembangunannya kolam renang anakanak area danau perahu kayu sekedar mengelilinginya,1,positive,2
Wisata Bukit Jaddhih,5,titik foto yang bagus tarif rakit korg rakit diisi orang jalan bukit gampang ditemukan mobil jalan tersebut tapi minggir kalau gantian mobil yang dari lawan arah x bayar masuk kesana jalan bayar k tiketing daerah bukit k juga terus masuk area danau tiketing juga orang k,1,positive,2
Wisata Bukit Jaddhih,5,bukit jaddih bukit kapur aktif penambangan kapurnya terletak madura desa jaddih bangkalan wisata dikelola kondisi jalan yang sempit jalan desa yang aspal jalan yang blm dilengkapi lampu memadai jalan menyatu kampung memiliki gapura arah panah jalan yang layak renovasi yang meningkatkan kenyamanan lokasi bukit jaddih km jembatan suramadu lokasi butuh jam lokasi bukit kapur luas terbagi titik dengan objek wisata utama danau potehgoa poteh yang danau putihgua putih pemandian kolam renang areaspot foto wilayah rendah goa poteh yang tertinggi pengunjung indahnya bukit kapur ketinggian yang rendah pahatan goa goa bekas tambang kapur alami indah titik foto yang bagus diabadikan acara wedding sekedar memenuhi galeri penjual makanan ringan khas madurajawa timur minumanbuah hasil wilayah sewa perahu rakitan yang bagus fotografi anak hiburan kuda wilayahnya goa poteh masuk bukit jaddih membayar x infaq sukarela masuk yang masuk wilayah bukit jaddih masuk goa poteh total biaya rb sinar matahari lumayan menyengat musim panas kehujanan musim hujan lengkapi jas hujanpayung,1,positive,2
Wisata Bukit Jaddhih,2,calo biaya masuk dulu hanya jabis rb sekarang orang habis rb,0,negative,2
Wisata Bukit Jaddhih,5,tenpat rekreasi yang sungguh serasa negeri antah berantah sp amazing bukit kapurnya ug untuk foto juga berenang dari jembatan suramadu yang gratis relative sekali surabaya jadi tunggu kakak bro,1,positive,2
Wisata Bukit Jaddhih,5,seru n mantap,1,positive,8
Wisata Bukit Jaddhih,5,buagus sekali,1,positive,0
Wisata Bukit Jaddhih,4,menarikditata konsep cantik serius bikinnya,1,positive,0
Wisata Bukit Jaddhih,5,parkir total rb,1,positive,0
Wisata Bukit Jaddhih,3,tempatnya indah,0,positive,11
Wisata Bukit Jaddhih,5,bagus foto,1,positive,0
Wisata Bukit Jaddhih,5,pemandangannya bagus sekali,1,positive,12
Wisata Bukit Jaddhih,3,bagus yang tertata,0,positive,0
Wisata Bukit Jaddhih,4,narik toilet bersih,1,positive,0
Wisata Bukit Jaddhih,5,rekreasi ya lumayan murah meriahakses jalan tergolong yang aspalkalau rekreasi ya tergantung penikmat nya suka alam ya klik ini nyatiket masuk rekreasi ributiket masuk orang ribulumayan terbantu ya penjual yang ramahapalagi bahasa madura tawares degan utuh riburujak lontong ribugorengan pisang ote ote ribusekedar saran sedia payung karena cuaca nya panas bangetbawa kaca matakalau alergi debu pakai maskerkarna kadang debu nya akibat angin nyawisata kuda ribunaik rakit ribulumayan foto selpi,1,positive,2
Wisata Bukit Jaddhih,4,tempatnya bangkalan indah bekas galian batu bata enak rekreasi berdua rombongan kolam renang tiket masuk murah kalau cuaca panas enak pakai kacamata penutup hidung,1,positive,2
Wisata Bukit Jaddhih,3,akses jalan memadai mengunjungi wisata jalanan tergolong sepi rawan malam memasuki wilayah bukit jaddih pengunjung membayar tiket masuk kali nyaman karcis parkir tiket masuk orang tiket titik foto musim kemarau cuaca panas tempatnya terbuka mengunjungi siang siapkan payung topi mengurangi sengatan panas matahari fasilitas lengkap seperi toilet tersedia wisata luas musholla warung warung menjual makanan minuman dibalik kekurangannya bukit jaddih menawarkan pemandangan indah bukit kapur pemandangan bukit bukit hijau dinikmati danau kawasan bukit jaddih tips kesini datanglah pagi panas akses jalan rawan pulang malam menghindari tindak kejahatan bawalah topi payung siang panas terimakasih,0,positive,2
Wisata Bukit Jaddhih,4,aku pote kolam renang baik view siang panas sekali meter jalan utama jalan batu kapur,1,positive,2
Wisata Bukit Jaddhih,3,perbukitan kapur yang eksotistapi sayang tidak dukung istirahat yang nyaman tidak tenda yang nyaman hny warung kakilima restribusi lumayan lancar masuk kepala rp parkir rp semoga ditingkatkan kondisi yang,0,negative,2
Wisata Bukit Jaddhih,2,puanaaaassss gersang,0,positive,10
Wisata Bukit Jaddhih,4,warna danau berubah hijau lumut,1,positive,-1
Wisata Bukit Jaddhih,3,panas wisata kotor kotoran kuda,0,negative,-1
Wisata Bukit Jaddhih,4,bagus sempurna kembangkan,1,positive,0
Wisata Bukit Jaddhih,3,bagus tapi fasilitas jalan masuk nya diaspal kalau hujan becek,0,positive,6
Wisata Bukit Jaddhih,3,tempatnya lumayan karcisnya tidak gate pungutan imni yang bikin tidak nyaman mohon tertipkan tata,0,negative,-1
Wisata Bukit Jaddhih,1,begal,0,negative,10
Wisata Bukit Jaddhih,5,suasananya bagus,1,positive,11
Wisata Bukit Jaddhih,5,kalau sdh indah,1,positive,0
Wisata Bukit Jaddhih,5,prospek bagus pariwisata dikembangkan,1,positive,-1
Wisata Bukit Jaddhih,5,subhannalloh keren,1,positive,-1
Wisata Bukit Jaddhih,5,mengunjungi istana madura,1,positive,3
Wisata Bukit Jaddhih,5,kereen sekali bagus kalau dilengkapi petunjk jalan,1,positive,0
Wisata Bukit Jaddhih,4,tarikan tidak resmi,1,positive,-1
Wisata Bukit Jaddhih,5,tempatnya bagus instagramable bangetbisa foto prewedd,1,positive,-1
Wisata Bukit Jaddhih,5,eksotik,1,positive,0
Wisata Bukit Jaddhih,4,lumayan bagusutk pengerjaan aku jalan selesai dikerjakankesana rombongan dengan diiringi gerimisjadinya blm menikmati wisata dengan lamawaktu terbatasakses jalan kesana sempitutk kendaraan bis berpapasan dengan kendaraan susahtapi bersyukur menikmati wisata madura,1,positive,2
Wisata Bukit Jaddhih,3,terawat pungli untuk tiket masuk,0,negative,5
Wisata Bukit Jaddhih,4,jalan ratakarena penambangan yang masih aktif sanah nya,1,positive,-1
Wisata Bukit Jaddhih,5,mantab,1,positive,8
Wisata Bukit Jaddhih,2,pungli,0,negative,0
Wisata Bukit Jaddhih,4,serem sekali palak nya tiket tidak kontribusi,1,positive,-1
Wisata Bukit Jaddhih,4,destinasi wisata bangkalan yang menarik,1,positive,3
Wisata Bukit Jaddhih,1,ppn,0,negative,0
Wisata Bukit Jaddhih,4,bagusnyaman jugacuma perbaikan pembentukan batu batu objek wisatabelum maksimal kalau nikmati sekarangtapi kunjungi titik foto keren,1,positive,2
Wisata Bukit Jaddhih,3,pemandangannya bagus bayar kali rb masuk parkiran bayar rb karcis satunya fotokopian,0,negative,2
Wisata Bukit Jaddhih,3,berdebu panas meleset ekspektasi sih hehehe,0,negative,-1
Wisata Bukit Jaddhih,5,bagus juga,1,positive,0
Wisata Bukit Jaddhih,5,keren,1,positive,0
Wisata Bukit Jaddhih,5,yang indah,1,positive,0
Wisata Bukit Jaddhih,1,tambang batu kapur dibuka,0,positive,7
Wisata Bukit Jaddhih,5,wisataable,1,positive,3
Wisata Bukit Jaddhih,3,panas lupa bawa topipayung air mineral,0,positive,-1
Wisata Bukit Jaddhih,3,atraksi,0,positive,0
Wisata Bukit Jaddhih,4,bagus fotografi,1,positive,0
Wisata Bukit Jaddhih,5,bukit indah kembangkan pembenahan akses masuk keamanan ya,1,positive,5
Wisata Bukit Jaddhih,5,pahatan kapur bukit bukit hijau indah disekitar ditengah bongkahan kapur danau nama aeng goweh pote mata air muncul sumber hasil galihan kapur menikmati sensasi keindahan aeng goweh potecukup membayar rp aeng goweh pote penyewaan perahayu mengelilingi danau orang dikenai biaya rp umtuk menikmatinya berfoto foto menambah isi instagram ya maklum anak muda mencari bagus foto mengisi instagram orangorang penasaran indah pendatang jawa pergi ketempat salah artis pergi kesana bukit jaddih dijadikan tujuan foto preweddingkarena destinasi keindahannya indah alami,1,positive,2
Wisata Bukit Jaddhih,3,dikelola bekas tambang kapur dijadikan wisata,0,positive,7
Wisata Bukit Jaddhih,5,kereen skaliooi,1,positive,10
Wisata Bukit Jaddhih,4,tempatnya bagus bersih tapi panas x ditarik tiket masuk,1,positive,6
Wisata Bukit Jaddhih,5,bagus rekcm kalau k bagusan pas sunset atau pagi,1,positive,9
Wisata Bukit Jaddhih,5,pemandangan bagus,1,positive,-1
Wisata Bukit Jaddhih,5,bagus,1,positive,4
Wisata Bukit Jaddhih,5,dikunjungi,1,positive,0
Wisata Bukit Jaddhih,4,prasarana lokasi ok penarik restribusi uncomfortable little bit,1,positive,5
Wisata Bukit Jaddhih,5,mantap,1,positive,8
Wisata Bukit Jaddhih,5,panas indah nian berasa bukit kapur indah nan luass,1,positive,-1
Wisata Bukit Jaddhih,4,bagus berswafoto liburan bareng keluarga sljembatan suramadu,1,positive,-1
Wisata Bukit Jaddhih,5,lokasi yang menawan,1,positive,-1
Wisata Bukit Jaddhih,5,rekreasi area tambang batu kapur,1,positive,7
Wisata Bukit Jaddhih,4,proses semoga selesai bagus,1,positive,0
Wisata Bukit Jaddhih,5,keren,1,positive,0
Wisata Bukit Jaddhih,3,jalan bukit sempit mepet mobil berpapasan jalan masuk berbatu blm aspal yang uang parkir tidak resmi,0,negative,5
Wisata Bukit Jaddhih,4,tempatnya bagus berpotensi akses mudah,1,positive,-1
Wisata Bukit Jaddhih,4,menarik,1,positive,-1
Wisata Bukit Jaddhih,5,bagusss bgtluas sekali tebing tebing kapur menjulang tinggipokokny harus mampir yachtepatnya pulau maduragak lho jembatan suramadubanyak titik titik kerennyan suka naek kudatersedia juga lhooiya lagidi bukit kapur jaddih juga guabernama goa pute,1,positive,2
Wisata Bukit Jaddhih,4,daerah bangkalan madura akses jalan kesana motor mobil tempatnya bagus tapi harus bawa payungatau topidan sunblock karena panasnya,1,positive,-1
Wisata Bukit Jaddhih,5,bagus,1,positive,4
Wisata Bukit Jaddhih,5,bagus sekali nya cocok prewed pemandangan nya bagus unik seperti istana romawi hanya danau nya kering bangunan nya bangun ruang ruang aku bukit pesan bawa masker devi kapur nya bawa mantel nya kalau hujan deras biar pulang parkir penjual makanan,1,positive,2
Wisata Bukit Jaddhih,4,wisata tambang batu kapur obyek wisata foto,1,positive,7
Wisata Bukit Jaddhih,5,area bekas tambang batu hati hati motor,1,positive,7
Wisata Bukit Jaddhih,5,salah wisata yang suka foto area madura tapi jd surabaya jadi anak suroboyo mampir rene jancuk bukit jd area pertambanganpokoknya seperti batu bata gitu terbentuk tebing elok enak dipandang mash dijadikan tambang kaget kalau disana truk wisata kalau jogja tebing breksi yaa laaah sajaa areanya sangaat kolamnya dibilang mash pembangunan blm tmpat terpahat biaya masuk cukum k perorang kalau tidak salah saran lupa bawa masker karena debu langsung cuuus cuuk,1,positive,2
Wisata Bukit Jaddhih,3,lumayan bagus jadikan titik foto foto lokasi pemotretan sayangnya pengelolaan maksimal menjadikan membayar x masuk akses sulit hati hati mengakses,0,negative,2
Wisata Bukit Jaddhih,3,mantap,0,positive,8
Wisata Bukit Jaddhih,4,mantaaaaapp,1,positive,10
Wisata Bukit Jaddhih,3,puanassss neduh bayangan kali kesini bawa payung awas angin kencang,0,positive,-1
Wisata Bukit Jaddhih,5,kerennn tempatnya cocok bersantaii,1,positive,-1
Wisata Bukit Jaddhih,5,mantap,1,positive,8
Wisata Bukit Jaddhih,4,asalnya gunung kapur ditambang kapurnya kebutuhan konstruksi kebutuhan tambang view nya bagus lengkap goa putih buatan kolam renang dikelilingi pemandangan bukit kapur,1,positive,2
Wisata Bukit Jaddhih,4,bagus berfoto sayangnya dimaksimalkan pengelolaan lokasi wisatanya bayar biaya parkir berkali warga,1,positive,5
Wisata Bukit Jaddhih,5,peta wisata,1,positive,3
Wisata Bukit Jaddhih,5,tutup tidak jam sore sampai magrip buka,1,positive,-1
Wisata Bukit Jaddhih,4,bagus,1,positive,4
Wisata Bukit Jaddhih,4,masuk bayar kolam renang,1,negative,0
Wisata Bukit Jaddhih,5,bagus,1,positive,4
Wisata Bukit Jaddhih,3,sampah nya merusak pemandangan kamar mandinya juga mohon kamar mandinya,0,negative,-1
Wisata Bukit Jaddhih,5,bagusss cumaa punglinya itulohh wagelaseeehh bikin tidak kesana benar benar atur tur tur jalan meter bayar jalan bayar jalan bayar sih menurutku,1,positive,2
Wisata Bukit Jaddhih,4,lumayan refresing,1,positive,-1
Wisata Bukit Jaddhih,3,tempatnya bagus sayangnya fasilitas,0,negative,11
Wisata Bukit Jaddhih,5,tempatnya artistik bagus kamu foto titik hanya panas,1,positive,-1
Wisata Bukit Jaddhih,4,menit tol melewati desa mencapai pria sekotak sumbangan biaya parkir sepeda motor k parkir parkir membayar masuk lokasi k orang panas tempatnya instagrammable tahap pembangunan penjual makanan lokasi,1,positive,2
Wisata Bukit Jaddhih,5,harus pintar foto,1,positive,0
Wisata Bukit Jaddhih,5,instagramable,1,positive,-1
Wisata Bukit Jaddhih,5,bagus titik foto cuma dikelola lebih profesional biar pungutannya,1,positive,-1
Wisata Bukit Jaddhih,1,parkir liarnya masuk bayar parkir bayar pindah posisi bayar pindah parkir bayar menikmati pemandanganya punglinya,0,negative,2
Wisata Bukit Jaddhih,3,kembangkan fasilitas minim,0,negative,-1
Wisata Bukit Jaddhih,4,pemandangan tebing kapur bangkalan madura,1,positive,3
Wisata Bukit Jaddhih,4,tempatnya bagus sekali foto instagramable sekali panas sekali harap dimaklumi dimadura cuacanya terik sekali cari parkir muter kena tarif tau pungli sistemnya sprti jujur memang puas sekali yang seperri,1,positive,2
Wisata Bukit Jaddhih,4,terawat juga sichandaikata jiwa seni bisa di tingkatkandr perbukitan di lebih indah nama bukit jedih bisa di ukiritu lebih bgus kreatifnext di fasilitas kedai kedai yang mumpunicz masih terawat kedai yang di,1,positive,2
Wisata Bukit Jaddhih,3,lumayan bagus,0,positive,0
Wisata Bukit Jaddhih,5,wisara lokal instagramable,1,positive,0
Wisata Bukit Jaddhih,4,bagus mengambil foto,1,positive,0
Wisata Bukit Jaddhih,4,pengembangan bangunan bukit karst,1,positive,7
Wisata Bukit Jaddhih,3,sayang sekali danau nya sudah kering,0,positive,9
Wisata Bukit Jaddhih,5,nika,1,positive,0
Wisata Bukit Jaddhih,4,penanganan pemerintahan,1,positive,0
Wisata Bukit Jaddhih,4,salah pemandangan aan memajakan mata pengunjung,1,positive,5
Wisata Bukit Jaddhih,5,bagus sayangnya toiletnya airnya kotor,1,positive,-1
Wisata Bukit Jaddhih,5,bagus,1,positive,4
Wisata Bukit Jaddhih,1,preman masuk bayar rb lokasi di juga preman n harus biaya lagi,0,negative,2
Wisata Bukit Jaddhih,4,perahu kuda alami pembangunan natural,1,positive,7
Wisata Bukit Jaddhih,5,bagus unik,1,positive,0
Wisata Bukit Jaddhih,4,tempatnya panas,1,positive,11
Wisata Bukit Jaddhih,5,tempatnya bagus instagrammable cocok study tour rekreasi keluarga temanteman masuknya gratis tersedia titik parkir mobil motor bus enak bukit jaddih jam an sore panas,1,positive,2
Wisata Bukit Jaddhih,5,tempatnya keren view menawan,1,positive,-1
Wisata Bukit Jaddhih,4,bukit penambangan kapur bagus,1,positive,-1
Wisata Bukit Jaddhih,5,angle yang bagus n romantis prewed,1,positive,0
Wisata Bukit Jaddhih,5,nya keren sekali dari masuk pungutan biaya,1,positive,-1
Wisata Bukit Jaddhih,3,objek wisata potensi diperbaiki managemennya pungli,0,negative,5
Wisata Bukit Jaddhih,5,seeppp akses jln blm lebar,1,positive,6
Wisata Bukit Jaddhih,3,gugusan batu kapur bekas tambang yang eksostis sayang preman yang narget karcis masuk karcisnya kebersihan diperhatikan,0,negative,2
Wisata Bukit Jaddhih,4,tempatnya indah,1,positive,11
Wisata Bukit Jaddhih,5,masker kendaraan penuh debu,1,positive,0
Wisata Bukit Jaddhih,5,refresing yang menyenangkan,1,positive,3
Wisata Bukit Jaddhih,3,menegangkan,0,negative,-1
Wisata Bukit Jaddhih,3,alami tradisional penambangan kapurnya aktif mengganggu pariwisata pengelolaan profesional,0,negative,2
Wisata Bukit Jaddhih,5,bagussss,1,positive,0
Wisata Bukit Jaddhih,5,bagus,1,positive,4
Wisata Bukit Jaddhih,4,serasa dikota mesir digoa potejaddih madura,1,positive,-1
Wisata Bukit Jaddhih,4,panas penghijauan yang,1,positive,0
Wisata Bukit Jaddhih,4,pemandangan menakjubkan menjelajahi retribusi ilegal penduduk,1,positive,12
Wisata Bukit Jaddhih,3,untuk selfi,0,negative,-1
Wisata Bukit Jaddhih,5,bangu sekali tebingnya,1,positive,10
Wisata Bukit Jaddhih,3,lumayan bagussayang jln nya krg bagus,0,positive,-1
Wisata Bukit Jaddhih,3,kerennn,0,positive,0
Wisata Bukit Jaddhih,4,cocok melihatlihat mengambil fotofoto indah madura bagus membawa anakanak berbahaya jalannya bergelombang pemandangan pengalamannya berharga,1,positive,-1
Wisata Bukit Jaddhih,4,pemandangan indahparkir xrp,1,positive,12
Wisata Bukit Jaddhih,4,pemandangan bagus selfie,1,positive,-1
Wisata Bukit Jaddhih,4,bagus,1,positive,4
Wisata Bukit Jaddhih,5,bagus tempatnya ditata untuk kebersihan nya,1,positive,6
Wisata Bukit Jaddhih,5,good bagus apik mantap tapi sayang pas danau nya habis air nya entah sp yang minum masuk cuma bayar parkir kalau k goa pote bayar orang lihat pembuatan bata putih langsung,1,positive,2
Wisata Bukit Jaddhih,3,tempatnya aktif orang kerja terawat panas fasilitas memadai pungli,0,negative,15
Wisata Bukit Jaddhih,5,menyesap,1,positive,-1
Wisata Bukit Jaddhih,5,bukitnya bagus grand kanyonnya jawa tapi sayang danaunya tidak terawatairnya kering,1,positive,9
Wisata Bukit Jaddhih,1,tukang palak jalan masuk kampung bayar rb bon masuk area parkir rb bon habis foto ingin pergi dipalak rb kuitansi terus turun goa loket masuk rborang tapi tidak coz ilfil duluan kalau kolam,0,negative,2
Wisata Bukit Jaddhih,5,tradisional limestone mine hasilnya bagus wisata alternatif,1,positive,-1
Wisata Bukit Jaddhih,5,bukit kapur jaddih wisata bangkalan madura bagus buru foto travel destinationsk bukit jaddih madura instagram travel blog reservasi madura terkenal sate madura kuliner mengunggah selera wisata keren layak kunjungi bukit kapur jaddih namanya wisata layak kunjungi mencari instagrammable madura sekilas bukit kapur jaddih dahulunya bukit kapur jaddih dikenal nama bukit jaddih penambangan batu kapur putih wisata dikunjungi wisatawan layaknya sekilas bukit kapur jaddih bukit kapur rengel tuban bukit kapur sekapuk gresik perbedaannya bukit jaddih memiliki kolam renang bernama aku potte keistimewaan bukit jaddih penampangan kapur memiliki guagua sisa penambangan masuk guagua harap berhatihati rawan runtuh tips pagi keindahan fajar matahari terbit memikat sore jam wib pulang malam dikhawatirkan tindak kejahatan aku jepang akhir pekan kabarnya aku jepang buka akhir pekan sunblock kondisi cuaca panas gersang berhatihati lokasi penambangan warga mengais rezeki menambang batu kapur masker dikhawatirkan debu truk pasir warawiri mengangkut tambang beterbangan mengganggu pernapasan lokasi bukit jaddih lokasi bukit kapur jaddih kecamatan socah desa jaddih kabupaten bangkalan madura jawa timur bukit jaddih berjarak kilometer pusat kota kabupaten bangkalan berjarak km pusat kota surabaya jembatan suramadu menghubungkan pulau madura surabaya harga tiket masuk bukit kapur jaddih bangkalan harga tiket masuk bukit kapur jaddih bangkalan rporang berenang kolam pemandian menelusuri bukit jaddih lokasi bukit jaddih lokasi bukit kapur jaddih kecamatan socah desa jaddih kabupaten bangkalan madura jawa timur bukit jaddih berjarak kilometer pusat kota kabupaten bangkalan berjarak km pusat kota surabaya jembatan suramadu menghubungkan pulau madura surabaya harga tiket masuk bukit kapur jaddih bangkalan harga tiket masuk bukit kapur jaddih bangkalan rporang berenang kolam pemandian menelusuri bukit jaddih lokasi bukit jaddih lokasi bukit kapur jaddih kecamatan socah desa jaddih kabupaten bangkalan madura jawa timur bukit jaddih berjarak kilometer pusat kota kabupaten bangkalan berjarak km pusat kota surabaya jembatan suramadu menghubungkan pulau madura surabaya harga tiket masuk bukit kapur jaddih bangkalan harga tiket masuk bukit kapur jaddih bangkalan rporang berenang kolam pemandian menelusuri bukit jaddih,1,positive,2
Wisata Bukit Jaddhih,3,akses jalan mendukung,0,positive,-1
Wisata Bukit Jaddhih,1,tempatnya ok sudah bayar parkir bayar lagi bayar kertas berbeda,0,negative,2
Wisata Bukit Jaddhih,3,kalau kelola maksimal bagus tambahin wahana bermain anak,0,negative,-1
Wisata Bukit Jaddhih,4,instagramable,1,positive,-1
Wisata Bukit Jaddhih,4,lokasinya bagus sayang pungutan,1,positive,11
Wisata Bukit Jaddhih,3,wisata bukit jaddih bangkalan madura,0,positive,3
Wisata Bukit Jaddhih,3,pemandangan lumayan cuaca panas benar adventure,0,positive,-1
Wisata Bukit Jaddhih,4,eksotik foto,1,positive,0
Wisata Bukit Jaddhih,4,safety wisata,1,positive,3
Wisata Bukit Jaddhih,4,kalau kesana langsung saja bagus,1,positive,-1
Wisata Bukit Jaddhih,3,jalan lokasi rusak berhatihati berpapasan roda tiket masuk ribu rupiah masuk danau buatan perahu hias orang ribu rupiah pemandangan indah instagramable petugas parkir ramah habis hujan becek hindari sepatu hak toilet bersih gelap kolam renang didekat nya,0,negative,2
Wisata Bukit Jaddhih,3,parkir habis rb emezing titik foto ditarikin duitrb parkir mobil pintu masuk ditarik rb kasih karcis keatas cegat ditarok lagi rb wkwkw kasih karcis entah parkir pulangnya tidak cek lagi maklum sbnrnya kawasan kawasan proyek batu kapur yang wisata dadakan akses jalannya lumayan refresh pemandangannya oke nope sekedar buru foto lumayan yaudahlah yah jarang jarang kesana mushollah toilet warung,0,negative,2
Wisata Bukit Jaddhih,4,keren,1,positive,0
Wisata Bukit Jaddhih,5,menyesap,1,positive,-1
Wisata Bukit Jaddhih,1,bintang wisata tertata tumpukan sampah penambangan tanah putih mobil pengeruk tanah truk parahnya preman pemungut tiket liar tiket fotokopian bayar tiket masuk ditagih tiket parkir lokasi sungguh layak wisata,0,negative,2
Wisata Bukit Jaddhih,4,lokasi mudah dijangkau tiket masuk murah kolam renang anakanak rakit berkeliling danau penjual minuman makanan ringan disana toilet bersih hasil fto bagus pagi matahari panas,1,positive,2
Wisata Bukit Jaddhih,5,bagus,1,positive,4
Wisata Bukit Jaddhih,5,keren untuk foto,1,positive,0
Wisata Bukit Jaddhih,4,bagus sekali tapi teduh ditambahi pohonnya donk,1,positive,9
Wisata Bukit Jaddhih,1,menarik,0,positive,-1
Wisata Bukit Jaddhih,5,enak nyaman hanya hati saja kalau yang narik htm lagi pos pembayaran kemarin kena pungli htm doang habis rb,1,positive,2
Wisata Bukit Jaddhih,4,jalan lokasi sempit obyek wisatanya nyala progress yang dinikmati kolam renang untuk anak,1,negative,-1
Wisata Bukit Jaddhih,5,tempatnya bagus tapi sayang aksesnya rawan begal,1,positive,6
Wisata Bukit Jaddhih,1,haduh parah sih masuk sudah rb masuk parkir foto rb pungutan liar sarana prasarana memadai pertambangan aman ulasan begal tips liburan bukit jeddih,0,negative,2
Wisata Bukit Jaddhih,3,lokasi pertambangan kapur lokasi wisata mgk tidak rusak karena kapurnya diambil pertambangan kapur dimana,0,negative,-1
Wisata Bukit Jaddhih,2,bukit jaddih beda airnya turun meter,0,positive,-1
Wisata Bukit Jaddhih,5,eksotik,1,positive,0
Wisata Bukit Jaddhih,5,keren,1,positive,0
Wisata Bukit Jaddhih,5,pemandangan bagus,1,positive,-1
Wisata Bukit Jaddhih,5,jos bagus,1,positive,0
Wisata Bukit Jaddhih,5,mampir kesini ayo,1,positive,-1
Wisata Bukit Jaddhih,5,bukit kapur yang bagus sekali kalau dikelola terletak kabupaten bangkalan jalan raya masuknya km akses kendaraan pribadi pemandangannya bagus tempatnya kolam renang bermain masuk area guagua alami,1,positive,2
Wisata Bukit Jaddhih,5,aslinya penambangan batu kapur wisata lokasi bekas hasil penambangan nya epic titik foto bagus sih eksplore madura coba wisata kesini,1,positive,2
Wisata Bukit Jaddhih,2,petunjuk arahnya sarana publik,0,positive,-1
Wisata Bukit Jaddhih,5,kerasnya cadas kalah semangat,1,positive,0
Wisata Bukit Jaddhih,3,lumayan bagus tempatnya,0,positive,0
Wisata Bukit Jaddhih,3,jalannya lumayan susah arah wisata terawat menurutku rapi jadi far lumayan,0,negative,6
Wisata Bukit Jaddhih,4,bukit kapur nan exotis,1,positive,7
Wisata Bukit Jaddhih,4,penambangan kapur dijadikan obyek wisata tebing breksi potensial dikembangkan,1,positive,7
Wisata Bukit Jaddhih,5,keren,1,positive,0
Wisata Bukit Jaddhih,4,salah alternativ wisata,1,positive,-1
Wisata Bukit Jaddhih,3,menyenangkan suka petualangan jalan kesana melewati jalan setapak diperhatikan pulang matahari terbenam jalan gelap mohon ditertibkan pungutan pungutan liar arah lokasinya,0,positive,2
Wisata Bukit Jaddhih,4,jadi farbagus tempatnya,1,positive,0
Wisata Bukit Jaddhih,4,tempatnya bagus difasilitasikebanyakan pungli,1,negative,-1
Wisata Bukit Jaddhih,3,pungli,0,negative,0
Wisata Bukit Jaddhih,5,indah pemandangan nya ingin,1,positive,12
Wisata Bukit Jaddhih,5,indah sekali,1,positive,0
Wisata Bukit Jaddhih,3,selesai pemandangan menakjubkan,0,positive,12
Wisata Bukit Jaddhih,4,tebing kapur alami dibentuk bagus musim kemarau sekarang airnya hijau tapi lumayanlah,1,positive,9
Wisata Bukit Jaddhih,4,tantangan goweser,1,positive,0
Wisata Bukit Jaddhih,4,bukit jaddih goa pote indah bukit batu guanya spotnya instagrammable kolam bukit jenis perahu toilet bersih penjual suvenir buahbuahan lokal zalak rambutan bus masuk kawasan jalan lebar dimasuki bus,1,positive,2
Wisata Bukit Jaddhih,5,wisata alam indah unik menarik fasilitas parkir warung toilet kolam renang,1,positive,2
Wisata Bukit Jaddhih,5,pemandangannya indah,1,positive,12
Wisata Bukit Jaddhih,3,fasilitas toilet adajalan makadam lokasi wisata lumayan bersih htm murah tapi htm renang mahal,0,negative,-1
Wisata Bukit Jaddhih,5,bagus tambang aktif,1,positive,0
Wisata Bukit Jaddhih,1,hadehhhkurang pengelolaan,0,negative,10
Wisata Bukit Jaddhih,4,pas otw kesana hati sekali yang narikin uang tidak pas sudah diatas dimintain uang tiket masuk tadi di sudah bayar hati ya teman,1,positive,2
Wisata Bukit Jaddhih,5,pas mendung kesini oke pas panas ya wow,1,positive,9
Wisata Bukit Jaddhih,5,bukit kapur bentukan yang tertata bentukan kotak yang menjulang tangga yang dinaiki smp ruangan galian yang membentuk kubangan yang terisi air hujan airnya biru kehijauan akibat dari mineral yang terkandung didasarnya perahu gethek yang dinaiki hawa lokasi panas disarankan pagi membawa perlengkapan seperti topi payung lindungi wajah dengan tabir surya kulit tidak belang akibat panas yang menyengat biaya masuk relatif murah warung yang menyediakan minuman panganantoilet juga tersedia tempatnya lumayan bersih,1,positive,2
Wisata Bukit Jaddhih,5,recomended jalan tidak susah jangan lpa bawa topi masker kacamata hitam,1,positive,9
Wisata Bukit Jaddhih,3,selesai,0,negative,17
Wisata Bukit Jaddhih,4,bagus tempatnya sayangnya proyek penambangan jalan lumayan sempit,1,positive,6
Wisata Bukit Jaddhih,5,dingin,1,positive,0
Wisata Bukit Jaddhih,3,menarik tuk berfoto,0,positive,0
Wisata Bukit Jaddhih,2,suasana panas mempesona,0,positive,-1
Wisata Bukit Jaddhih,3,hemh untuk foto bagus tagihan uang parkir uang masuk nanti pindah titik dimintain tidak,0,negative,2
Wisata Bukit Jaddhih,5,sip buat foto prawed,1,positive,0
Wisata Bukit Jaddhih,5,indah penjual salak area jalan objek wisata,1,positive,-1
Wisata Bukit Jaddhih,5,bagus foto puaanass sekali,1,positive,0
Wisata Bukit Jaddhih,5,bagus,1,positive,4
Wisata Bukit Jaddhih,3,peningkatan infrastruktur,0,positive,0
Wisata Bukit Jaddhih,2,bagus,0,positive,4
Wisata Bukit Jaddhih,3,jalan lokasi bagus sampah dilokasi tempatnya eksotis sentuhan,0,positive,-1
Wisata Bukit Jaddhih,5,joss sekali sudah,1,positive,8
Wisata Bukit Jaddhih,5,bagus sekali panas bagus,1,positive,0
Wisata Bukit Jaddhih,4,sentuhan,1,positive,0
Wisata Bukit Jaddhih,4,penggalian kapur dijadikan wisata,1,positive,7
Wisata Bukit Jaddhih,5,bebatuan kapur indah,1,positive,-1
Wisata Bukit Jaddhih,5,wisata bukit kapur yang eksotic,1,positive,7
Wisata Bukit Jaddhih,5,bagus tapi renovasi bagus,1,positive,0
Wisata Bukit Jaddhih,5,bagus,1,positive,4
Wisata Bukit Jaddhih,5,parkiran mahal,1,negative,0
Wisata Bukit Jaddhih,5,bagus ini ngisi liburan bareng keluarga stress ingin cuci mata cocok sekali,1,positive,-1
Wisata Bukit Jaddhih,4,semoga perhatiaan akses pelayanan,1,positive,1
Wisata Bukit Jaddhih,1,wisata yang aman nyaman tiket terhitung mahal karena kondisi lokasi bercampur dengan proyek tambang aktif dengan truk mondar mandir mengangkut batu santun petugas jaganya minim pengamanan sarana prasarana hati hati membawa putra putri kecilnya wisata disitu,0,negative,2
Wisata Bukit Jaddhih,3,kolam renang panas,0,positive,0
Wisata Bukit Jaddhih,5,keren,1,positive,0
Wisata Bukit Jaddhih,4,pemandangan alam indah,1,positive,12
Wisata Bukit Jaddhih,5,panas,1,positive,0
Wisata Bukit Jaddhih,4,pemandangannya bagus jalanannya mantap masuknya murah,1,positive,6
Wisata Bukit Jaddhih,4,pembangunan yang kesan kenangan berpotensi menggemparkan,1,positive,7
Wisata Bukit Jaddhih,2,wow untuk jalan mohon perbaiki tatalagi,0,positive,-1
Wisata Bukit Jaddhih,3,menarik,0,positive,-1
Wisata Bukit Jaddhih,5,alhamdulilah pertamakali kesini tidak bukit jaddih berubah banyao spotspot menarik explore kawasan eisata diperbaiki recommended biat buru foto ditempat foto prewed oke ini,1,positive,2
Wisata Bukit Jaddhih,4,bukit jaddih panas jd pakai sun block ya teman,1,positive,-1
Wisata Bukit Jaddhih,4,bagus hanya kalau situ,1,positive,0
Wisata Bukit Jaddhih,4,bagus hanya pungli tiket masuk rb terus eh ditarik uang parkir rb,1,negative,2
Wisata Bukit Jaddhih,4,lumayan mending tidak musim panas kesini,1,positive,9
Wisata Bukit Jaddhih,5,wisata dibukit kapur,1,positive,3
Wisata Bukit Jaddhih,2,dikelola profesionalpasti,0,negative,0
Wisata Bukit Jaddhih,5,sanhat bagus,1,positive,0
Wisata Bukit Jaddhih,4,titik foto,1,positive,0
Wisata Bukit Jaddhih,5,saran bawa motor kesini kalau mobil mending bawa mobil aksesnya rawan begal sudah kejadian titik nya memang bagus cocok foto foto bawa payung jaket panassss coy belang disana,1,positive,2
Wisata Bukit Jaddhih,4,bukit jaddih ibu kenes,1,positive,-1
Wisata Bukit Jaddhih,5,bukit jaddih berlokasi kabupaten bangkalan madura bukit jaddih bukit kapur menawarkan dikunjungi,1,positive,3
Wisata Bukit Jaddhih,4,tempatnya cocok penggemar fotografi berselfie tempatnya panas jalan terbilang sulit kendaraan mobil bis,1,positive,-1
Wisata Bukit Jaddhih,4,tempatnya lumayan bagus panas sekali,1,positive,-1
Wisata Bukit Jaddhih,5,hati hati pungli,1,positive,16
Wisata Bukit Jaddhih,3,bagus titik foto musim panas sangattt panass sekali,0,positive,0
Wisata Bukit Jaddhih,5,tempatnya bagus foto,1,positive,-1
Wisata Bukit Jaddhih,4,kawasan bukit bekas penambangan batu kapur berpotensi dijadikan wisata penataan pengelola bukit batu kapur liang berbentuk tinggal zaman batu fasilitasnya toko suvenir kantin toilet,1,positive,2
Wisata Bukit Jaddhih,4,lumayan alternatif wisata surabya madura kesini senin sepi sekali,1,positive,-1
Wisata Bukit Jaddhih,5,keren asyik foto,1,positive,0
Wisata Bukit Jaddhih,5,tempatya indah,1,positive,11
Wisata Bukit Jaddhih,4,sayang renovasi,1,positive,-1
Wisata Bukit Jaddhih,5,titik yang biasahanya fasilitas yang memadai factor safetynya kurangkemudian loket karcisnya tidak jelassemacam pemalakan,1,positive,-1
Wisata Bukit Jaddhih,5,bagus sekali tempatnya disarankan bawa topi ya panas sekali tidak pohon hehe,1,positive,-1
Wisata Bukit Jaddhih,3,bukit jaddih menawarkan kesejukan kehijauan untuk berpanas debu beterbangan titik foto patut pilihan,0,positive,2
Wisata Bukit Jaddhih,3,penambangan batu kapur kesini pagi sore diusahakan kesini mobil terpaksa motor ramerame menghindari tindak pembegalan tiket masuk lumayan murah,0,positive,2
Wisata Bukit Jaddhih,5,nya nyaman sekali jalan mata dimanjakan alam,1,positive,-1
Wisata Bukit Jaddhih,5,bagus kemarin danaunya surut mobil mandi kapur,1,positive,9
Wisata Bukit Jaddhih,5,bagus sih berasa suasana timur,1,positive,-1
Wisata Bukit Jaddhih,4,puuuuaaaaaanaaas sekali tempatny maklum tmpt penambangan batu kapur,1,positive,2
Wisata Bukit Jaddhih,2,panas sejaki,0,negative,0
Wisata Bukit Jaddhih,4,sebenernya pemandangan nya bagustapi ya gitu pas jalan orang yang nanyain jaddih tidak djawab tidak teman ku tidak suruh bayar,1,positive,2
Wisata Bukit Jaddhih,3,saja,0,negative,0
Wisata Bukit Jaddhih,3,sayang nya pas airnya tidak kering,0,positive,9
Wisata Bukit Jaddhih,5,mantap,1,positive,8
Wisata Bukit Jaddhih,3,lumayan dikunjungi,0,positive,-1
Wisata Bukit Jaddhih,4,ditanami pohon biar panas,1,positive,-1
Wisata Bukit Jaddhih,5,nya bagus buru,1,positive,0
Wisata Bukit Jaddhih,5,panas,1,positive,0
Wisata Bukit Jaddhih,5,indah,1,positive,0
Wisata Bukit Jaddhih,3,panas terkesan harapkan,0,negative,0
Wisata Bukit Jaddhih,5,anginya kemarin kencang jd kapur berterbangan sesak terus pungutan gais seperti titik dipegang sma beberap orang yang hra bayar admin orang rb syedihhh,1,positive,2
Wisata Bukit Jaddhih,5,danaunya seperti tidak terawat aksesnya juga bagus tapi lumayan seh foto,1,negative,6
Wisata Bukit Jaddhih,2,preman tiba uang alasan beda zona didalam lokasi daerah uang masuk jalan lokasi uang masuk lokasi uang tiket masuk zona lokasi uang lokasi wisata terbagi zona zona uang informasi temanteman daerah rawan kejahatan harap berhatihati usahakan,0,negative,2
Wisata Bukit Jaddhih,5,titik fotonya bagus tahan memang tambang kapur suara mesin nambang,1,positive,-1
Wisata Bukit Jaddhih,3,mudah ditemukan pakai google map ketemu tempatnya karena kesana sore jd ndak panas musim kemarau jd kering ndak danaunya lumayan bagus tempatnya yang suka ndaki batu kapurnya lumayan eksotis pas matahari terbenam siluet menawan sayangnya jalan kelokasi blm bagus,0,positive,2
Wisata Bukit Jaddhih,3,tempatnya tersembunyi akses jalan memadai jalan muat mobil papasan salah mobil mundur semua over wisata menarik kunjungi bukit gunung kapur tambang masyarakat menyebabkan terbentuknya bentuk recom skala,0,negative,2
Wisata Bukit Jaddhih,5,favorit tapi sayang sekarang jalan bukitnya,1,positive,6
Wisata Bukit Jaddhih,4,berkunjung siang lupa membawa payung topi berpakain tertutup lupa pakai sunblock masuk arena yang dikenakan biaya masuk,1,positive,-1
Wisata Bukit Jaddhih,5,indah,1,positive,0
Wisata Bukit Jaddhih,5,tempatnya bagus cuaca nya xtrim,1,positive,6
Wisata Bukit Jaddhih,4,bagus,1,positive,4
Wisata Bukit Jaddhih,5,bagus,1,positive,4
Wisata Bukit Jaddhih,5,bagus hati kesana begal,1,positive,5
Wisata Bukit Jaddhih,3,bukit jaddih madura lengkapnya dikenal bukit kapur jaddih orang suka menyebutnya bukit jaddih bukit penambangan batu kapur putih tujuan wisata kondisinya brown canyon semarang penambangan pasir bukit jaddih penambangan batu kapur putih,0,positive,2
Wisata Bukit Jaddhih,5,penambangan batu kapur putih wisata indah wisata indah pemandangannya,1,positive,7
Wisata Bukit Jaddhih,3,toilet minus perhatian sholat pikirkan,0,negative,5
Wisata Bukit Jaddhih,4,danaunya kering,1,negative,-1
Wisata Bukit Jaddhih,4,panas bagus berfoto tenang,1,positive,-1
Wisata Bukit Jaddhih,4,bagus,1,positive,4
Wisata Bukit Jaddhih,4,tempatnya bagus sayang panas nya menyengat,1,positive,6
Wisata Bukit Jaddhih,2,pemandanganya menarik kesana takut kali kesana ketemu orang terkena begal yang kcna temem bersamaan,0,negative,2
Wisata Bukit Jaddhih,4,bagus,1,positive,4
Wisata Bukit Jaddhih,3,indah unk ambil foto liburan keluarga kerabat tapi siapkan masker baju topi jaket lumayan panas pengalaman jangan mudah percaya orang yang mengaku pengelola calo diluar memasuki temoat,0,positive,2
Wisata Bukit Jaddhih,4,wisata indah kunjungin kalau kesini pas musim kemarau bawa masker karena debu truk yang kalau terlanjurr tidak bawa disana yang jual harganya rb pcs tempatnya lumayan gersang sayangnya pas kesana air danau nya lagi tidak benar benar kering debu dimana kedepannya kelola dengan pemerintah daerah nya biar menarik wisatawan lokal mancanegara,1,positive,2
Wisata Bukit Jaddhih,5,tempatnta bagus instagram mable sekali selfie selfie bagussuasana santai,1,positive,2
Wisata Bukit Jaddhih,3,foto oke sih sayang tidak sampah disana titik sampah berserakan mengurangi keindahan udaranya panas angin yang semilir parkirnya k tiket masuk orang k,0,positive,2
Wisata Bukit Jaddhih,5,keren,1,positive,0
Wisata Bukit Jaddhih,5,bukit buatan indah,1,positive,7
Wisata Bukit Jaddhih,4,bagus sepenuhnya,1,positive,0
Wisata Bukit Jaddhih,5,kereeen,1,positive,10
Wisata Bukit Jaddhih,4,cocok penyuka fotografi,1,positive,-1
Wisata Bukit Jaddhih,3,bukit jeddih pintu jembatan suramadu lurus pertigaan belok kiri ikuti jalan aspal hati hati simpangan mobil mengalah pintu masuknya tersamar petunjuk representatif kali penarikan restribusihhmmm obeject wisata bukit jeddih lay keluar pemandangan bagus tebing brexi jogja masyarakat disekitar bukit jedih pemerintah daerahnya optimal memanfaatkanya panas pohon peneduh musim kemarau danau bukit jeddih kering kerontang tugas pengelola musim kemarau,0,positive,2
Wisata Bukit Jaddhih,2,kondisi sekarang sekali jelek gersang tlalu banyak byr untuk masuk ksana,0,negative,-1
Wisata Bukit Jaddhih,5,wisata buatan penambangan batu kapur,1,positive,7
Wisata Bukit Jaddhih,4,bagus keren foto,1,positive,0
Wisata Bukit Jaddhih,4,penambangan batu kapur madura hitz titik fotomau berbagi pengalaman warga sekitarpada kesana salah masuk pintu penambang kapur posisi sepiapesnya orang asli bahasa madura semuaberikut foto disana,1,positive,2
Wisata Bukit Jaddhih,3,panas sekali,0,positive,0
Wisata Bukit Jaddhih,5,kerennnn panas saja kalau siang,1,positive,-1
Wisata Bukit Jaddhih,3,bagus panas sekali cuacanya,0,positive,-1
Wisata Bukit Jaddhih,3,mantab sekalihanya wisata jadimungkin bukit bukit yang istimewa,0,positive,7
Wisata Bukit Jaddhih,4,sarankan pagi sore pas siang panasnya kebangetan,1,positive,9
Wisata Bukit Jaddhih,4,bagus,1,positive,4
Wisata Bukit Jaddhih,5,wisata batu kapur bangkalan madura jam surabaya disarankan membawa mobil ceper mpv suv medannya lumayan terjal wajib membawa payung sunblock takut panas kawasan kapur udara panas matahari terik musim kemarau telaga kehabisan air,1,positive,2
Wisata Bukit Jaddhih,5,bagus foto,1,positive,0
Wisata Bukit Jaddhih,3,akses jalan tidak lebar mobil sudah mepet kalau sudah deket lokasi ngebul debu batu gamping juli renovasi memperindah kawasan wisata melengkapi fasilitas dibutuhkan lahan parkir warung jajanan,0,negative,-1
Wisata Bukit Jaddhih,3,tempatnya panas bawa payung retribusi menjengkelkan,0,negative,-1
Wisata Bukit Jaddhih,3,halo review kunjungan bukit jaddih asyik sih liburan sekedar refreshing ya pengelolaan bukit jaddih ditingkatkan bayar tiket masuknya titik,0,positive,2
Wisata Bukit Jaddhih,3,tidak ketok yo lak ndek jaddih,0,negative,-1
Wisata Bukit Jaddhih,5,indah,1,positive,0
Wisata Bukit Jaddhih,3,panas berdebu fasilitas,0,negative,-1
Wisata Bukit Jaddhih,4,gerbang masuk lokasi,1,positive,0
Wisata Bukit Jaddhih,4,akses sulit melewati jalan berlubang pungutan liar perjalanan lokasi indah pedagang makanan lokasi saran siang panas,1,positive,-1
Wisata Bukit Jaddhih,4,destinasi unik destinasi berubah milik telaga berwarna biru sesampainya telaga kering mengecewakan danau salah menarik salah staf musim kemarau danau,1,positive,2
Wisata Bukit Jaddhih,2,tahap pambangunan,0,negative,0
Wisata Bukit Jaddhih,5,indah,1,positive,0
Wisata Bukit Jaddhih,2,bukit kapur dikelola,0,positive,-1
Wisata Bukit Jaddhih,5,banyak titik yang bagus buru htm terjangkau yah,1,positive,6
Wisata Bukit Jaddhih,4,jalannya rusak maklum proses penambangan,1,negative,7
Wisata Bukit Jaddhih,4,destinasi wisata madura yang kerrennnnn mudah dengan surabaya,1,positive,3
Wisata Bukit Jaddhih,5,kesini pagi sore siang panas coy,1,positive,-1
Wisata Bukit Jaddhih,3,area tambang batu kapur yang fungsi sebagai obyek wisata debu panasharap maklum fasilitas obyek wisata nya yang tersedia memadai,0,negative,-1
Wisata Bukit Jaddhih,4,semoga kedepannya diperbaiki akses jalan bukut jaddih pemandangan bagus menarik pengelolaan tempatnya maksimal,1,positive,-1
Wisata Bukit Jaddhih,3,bagus temoatnya sayang ditambang,0,positive,0
Wisata Bukit Jaddhih,3,payung saja bro karena panas nya seperti padang pasir,0,negative,9
Wisata Bukit Jaddhih,5,perjalanan terencana alhamdulilah teman orangorang jemput malang main keliling surabaya melewati jembatan suramadu menyebrang selat madura pengalaman kali menginjak kaki pulau madura,1,positive,-1
Wisata Bukit Jaddhih,5,pagi panas disarankan sore,1,positive,-1
Wisata Bukit Jaddhih,4,guratan penambang batu kapur membentuk goa yang indah tempatnya berdebu kemarau becek hujan,1,positive,-1
Wisata Bukit Jaddhih,5,aku n kluarga liburan kesini indah ksini insyallah madura adalah sebuah terbaik,1,positive,-1
Wisata Bukit Jaddhih,1,dikolam tidak airnya pengembangan yang selesai pengendara motor hati jalan mudah tergelincir,0,negative,5
Wisata Bukit Jaddhih,2,panas tarikan retribusinya,0,negative,0
Wisata Bukit Jaddhih,5,tempatnya indah sayang jalannya diperbaiki,1,positive,6
Wisata Bukit Jaddhih,4,penorama bukit kapur yang indah kolam hijau aku pote view berfoto bagus sekali cuaca panas,1,positive,-1
Wisata Bukit Jaddhih,4,tempatnya asyik dikunjungi menambah adrenaline motor musim kemarau wajib pakai masker karena sangatsangat berdebu membahayakan paruparu,1,positive,2
Wisata Bukit Jaddhih,3,panas pollll,0,negative,0
Wisata Bukit Jaddhih,5,panasss berkunjung disarankan membawa payung topi,1,positive,9
Wisata Bukit Jaddhih,3,baguslah adventure,0,positive,0
Wisata Bukit Jaddhih,5,kerjakan tenaga ahli profesional tanamannya sejuk,1,positive,-1
Wisata Bukit Jaddhih,2,akses petunjuk arah lokasi,0,negative,-1
Wisata Bukit Jaddhih,3,jalan masuk nya debu nya wauuuuuu untk bedak kulittubuh untuk bukit nya bagus,0,negative,-1
Wisata Bukit Jaddhih,2,rekomended karena aksesibilitas nya jalannya sempit sepi berbahaya kalau rame worth it informasinya pintu masuknya nagih suruh bayar masuknya sebenernya lumayan bagus tempatnya berharga dijadikan berlibur foto bentar terus ya eheheh,0,negative,-1
Wisata Bukit Jaddhih,5,tempatnya bagus akses kesana jalannya diperbaiki,1,positive,6
Wisata Bukit Jaddhih,5,menarik cuacanya panas sepadan foto pemandangannya siapkan topi masker pakai,1,positive,-1
Wisata Bukit Jaddhih,5,lumayan,1,positive,-1
Wisata Bukit Jaddhih,4,bagus foto foto,1,positive,0
Wisata Bukit Jaddhih,5,panasberdebu tapi memanjakan mata,1,positive,-1
Wisata Bukit Jaddhih,4,fasilitas hiburan,1,positive,-1
Wisata Bukit Jaddhih,3,kapurnya bikin gregett,0,negative,-1
Wisata Bukit Jaddhih,3,bagus kalau proses pembangunan,0,positive,0
Wisata Bukit Jaddhih,5,bagus,1,positive,4
Wisata Bukit Jaddhih,5,bagus,1,positive,4
Wisata Bukit Jaddhih,3,sepi terawat akses jalan lokasi rusak,0,negative,5
Wisata Bukit Jaddhih,4,tambang batu kapur,1,positive,7
Wisata Bukit Jaddhih,3,berdebu ya lautan pasir panas,0,positive,-1
Wisata Bukit Jaddhih,3,bukit kapur kesana oktober panas sekali berdebu sekali perbaikan penyempurnaan sich debu kapurnya dikekola dengan parkir saja harus x bayar dihitung orangnya sayang sekali,0,negative,2
Wisata Bukit Jaddhih,2,obyeknya lumayan bagus pengelolaanny amatir tiket masuk tidak sy kesana bayaran titik yang berbeda penjelasan bayarnya jawabanny tidak memuaskan tapi kalau kesana disarankan pagi sore karena udara panas siapkan topi payung,0,positive,2
Wisata Bukit Jaddhih,4,dikelola,1,negative,0
Wisata Bukit Jaddhih,3,hootttsssss bingit nya tapi keren,0,positive,0
Wisata Bukit Jaddhih,2,penuh debu kapur putih suasana panas indah pemandangannya,0,positive,-1
Wisata Bukit Jaddhih,3,minim fasilitas akses jalan,0,negative,-1
Wisata Bukit Jaddhih,5,bukit nya berwarna kapur menarik indah pandang,1,positive,-1
Wisata Bukit Jaddhih,5,berkunjung pulau madura wajib bukit jadih lokasi nya pulau bangkalan suasanya keren matamu dimanjakan bukit putih bentuk cantik sekali,1,positive,2
Wisata Bukit Jaddhih,4,bagus,1,positive,4
Wisata Bukit Jaddhih,5,bagus cich kesana proses pengembangan lagi kalau kesana siang panasnya ampun,1,positive,-1
Wisata Bukit Jaddhih,5,fenomenal tidak nyangka man made hill sebagus,1,positive,-1
Wisata Bukit Jaddhih,5,bukit kapur indah pengendara bermotor harap berhati hati karnakan rawan begal,1,positive,5
Wisata Bukit Jaddhih,5,cantik debu,1,positive,10
Wisata Bukit Jaddhih,3,bagus,0,positive,4
Wisata Bukit Jaddhih,2,saja,0,negative,0
Wisata Bukit Jaddhih,5,mesti bayar kali masuk kendaraan tiket perorangnya sudah bayar masuk tidak dengan,1,negative,2
Wisata Bukit Jaddhih,3,lumayan untuk foto,0,positive,0
Wisata Bukit Jaddhih,5,rekomended sekali foto prewed,1,positive,0
Wisata Bukit Jaddhih,2,direkomendasikan kesana minggu minggu kolamnya dikuras mengecewakan pokoknya penjaga tiketnya tidak ngomong sudah bayar rb orang kolamnya tidak ada lihat renov kolam doang memang diperbaiki sih goanya diperbaiki nyesel sekali sumpah kesini kemarin kalau tiket masuk goa rb orang,0,negative,2
Wisata Bukit Jaddhih,5,bagus,1,positive,4
Wisata Bukit Jaddhih,4,sepi weekday akhir pekan jalan gang masuk bukit berpasir susah berdebu mengendarai motor,1,positive,-1
Wisata Bukit Jaddhih,5,wisata pemandangan bukit kapur,1,positive,7
Wisata Bukit Jaddhih,4,tempatnya lumayan panas karena bukit kapur eksotis,1,positive,-1
Wisata Bukit Jaddhih,4,jalan ketempat lumayan wisata yang kolam renangnya cocok yang suka foto selfi sekitaran bukit kapur,1,positive,2
Wisata Bukit Jaddhih,4,baguss sih hati hati saja bnyak tarikan liar,1,positive,-1
Wisata Bukit Jaddhih,4,cocok pecinta suasana alam,1,positive,-1
Wisata Bukit Jaddhih,4,exotissayang kolam renang tidak yang maksimal badan orang dewasaakses jalan bagus sedan nekat,1,positive,2
Wisata Bukit Jaddhih,3,tempatnya sih bagus tempatnya berdebu lokasinya masuk jalan utama,0,negative,6
Wisata Bukit Jaddhih,5,panas tempatnya instagramable sekali,1,positive,-1
Wisata Bukit Jaddhih,5,nya panas,1,positive,0
Wisata Bukit Jaddhih,3,sekarang berdebu,0,negative,-1
Wisata Bukit Jaddhih,4,icon wisata bkl,1,positive,3
Wisata Bukit Jaddhih,4,tempatnya bagus akses lokasi terjal terobati,1,positive,6
Wisata Bukit Jaddhih,3,lokasi masih dalam pembangunan,0,negative,-1
Wisata Bukit Jaddhih,5,enak foto saran pagi plg senja,1,positive,0
Wisata Bukit Jaddhih,5,wisata alam madura tiket masuk dikelola dikelola pemilik lahan,1,positive,-1
Wisata Bukit Jaddhih,5,bagus sekali kalau prewed ini,1,positive,0
Wisata Bukit Jaddhih,5,musim kemarau sepi view danau terrible,1,positive,-1
Wisata Bukit Jaddhih,5,keren foto,1,positive,0
Wisata Bukit Jaddhih,4,bagus palaknya,1,positive,0
Wisata Bukit Jaddhih,1,kejahatan disanakalo turis lokal sih tidak apa itupun jd korban pencurian,0,negative,2
Wisata Bukit Jaddhih,1,mending mikir deh kalau kesini beneran punglinya masuk bis sudah dimintain uang pas salah belok saja sudah dimintain giliran sampai danaunya dimintain sampai ditungguin posisi rombongan turun tidak narik dibayar orang kalau pas bis duitnya kalau piknik pakai bis berani mintain pungli ngasih uang penuh karcisnya tidak resmi pokoknya berani kena pungli berkali kali adu mulut sudah dikasih uang temennya uang sudah dikasih pengalaman kemarin kesana wisata pungli tidak danaunya kering tidak airnya buruk rombongan kemarin tidak recommend mending mikir mikir kesana,0,negative,2
Wisata Bukit Jaddhih,5,suasana afrikawkwkwkwk,1,positive,0
Wisata Bukit Jaddhih,5,bagus,1,positive,4
Wisata Bukit Jaddhih,2,x kesini rumah jalannya masuk wilayah perkampungan tiket masuknya kaget sekalisemoga kedepan pengelolaanya jarang wisata bangkalan,0,negative,-1
Wisata Bukit Jaddhih,1,bukit jaddih madura keren lokasinya berasa negri cocok yang suka berpetualang,0,positive,-1
Wisata Bukit Jaddhih,4,ya soso panas berdebu yang bawa mobil nyuciin,1,positive,-1
Wisata Bukit Jaddhih,4,hoottt,1,positive,10
Wisata Bukit Jaddhih,5,bagus sih pemandangannnya tapi infratuktur di benahi,1,positive,-1
Wisata Bukit Jaddhih,4,pemandangannya bagus tambang batu bawa masker debu berdebu musim kemarau imho berlumpur musim hujan terbaik berkunjung musim kemarau,1,positive,2
Wisata Bukit Jaddhih,5,wisata alam low biaya dikunjungi usia pesona alamnya berkunjung pastikan kendaraan menjangkau track menanjak curam,1,positive,2
Wisata Bukit Jaddhih,5,bukit jaddih bukit alamiah dikreasi warga sekitarjuga difasilitasi kolam renang buatan perahu ditengah bukit,1,positive,-1
Wisata Bukit Jaddhih,3,salah penambangan batu kapur instagramable madura disayangkan karena dikelola jalan masuk pengelolaan parkir tiket masuk berantakan contoh jalan masuk diaspal debu kapur tiket parkir mahal kolam renang air jernih unik untuk tiket masuk perorang rombongan bayar orang rb orang tiket buah alasan karcis habis uangnya masuk ya dibangun kolam yang perahu seperti sungai dikelola dengan tapi layak lupa bawa kaca mata topi dan masker tempatnya panas dan berdebu,0,negative,2
Wisata Bukit Jaddhih,3,gersang fasiltas pembenahan aspek,0,negative,5
Wisata Bukit Jaddhih,5,panorama indah dipulau madura jatim,1,positive,3
Wisata Bukit Jaddhih,4,tempatnya lumayan bersih kolamnya tempatnya bagus ambil foto panasnya,1,positive,6
Wisata Bukit Jaddhih,5,bagus,1,positive,4
Wisata Bukit Jaddhih,1,penglolaanya bagus masuk desa bayar it jalur wisata masuk lokasi bayar loket habis bayar loketdidalam lokasi wisata suruh bayar orang paarkir,0,negative,2
Wisata Bukit Jaddhih,4,lumayan indah,1,positive,0
Wisata Bukit Jaddhih,3,debu kapur putih bertebaran gabung tambang,0,negative,7
Wisata Bukit Jaddhih,5,salah wisata madura dikunjungi wisatawan kota warga madura wisata bukit tata semenarik memajukan wisata wilayah madura cocok menyukai tantangan hahaha,1,positive,2
Wisata Bukit Jaddhih,3,pegang orang pribadi lambat memodifikasi lokasinya andai pariwisata yang mengelola insyaallan cepat pertumbuhan pembangunannya,0,negative,-1
Wisata Bukit Jaddhih,1,menyebalkan,0,negative,-1
Wisata Bukit Jaddhih,3,seindah sebagus kondisi danau buatan mengenaskan,0,negative,-1
Wisata Bukit Jaddhih,5,bagus,1,positive,4
Wisata Bukit Jaddhih,5,berdebu lupa bawa masker kaca mata roda,1,positive,-1
Wisata Bukit Jaddhih,5,suasanax menyenangkan,1,positive,-1
Wisata Bukit Jaddhih,4,jalannya susah lalui tempatnya bagus,1,positive,6
Wisata Bukit Jaddhih,3,perbaiki,0,negative,0
Wisata Bukit Jaddhih,5,bagus sekali,1,positive,0
Wisata Bukit Jaddhih,3,transportasi,0,positive,0
Wisata Bukit Jaddhih,4,cocok suka selfie tambang kapur beroperasi kesini pastikan membawa kacamata payungtopi masker lokasinya panas berdebu siapkan pecahan uang kotak sumbangan loket dikhawatirkan kembalian jalan kesini menjelang lokasi jalannya berlubang pastikan titik dikunjungi danau goa putih loketnya,1,positive,2
Wisata Bukit Jaddhih,3,kesana tapi review bagus,0,positive,0
Wisata Bukit Jaddhih,5,bukit jaddiih salah wisata digemari orang madura orangorang pulau jawa disana pemandangan indah cocok mengabadikan peristiwa keluarga pasangan harga tiket masuknyapun relatif murah membawa payung topi kacamata hitam apapun menangkal panas sinar matahari,1,positive,2
Wisata Bukit Jaddhih,3,bagus panas sekali restribusi yang tidak penunjuk arah,0,positive,6
Wisata Bukit Jaddhih,5,wisata pas untuk dikunjungi madurakarena bukit kapurjadi disiapkan masker kesana sore panasbanyak spoot untuk foto,1,positive,2
MAKAM SYAIKHONA KHOLIL BANGKALAN,5,ramai pengunjung makom masjid wc wudu ujung gapura masuk mohon izin biar enak lupa kunci motor alhamdulilah ketemu disimpan petugas masjid sebuah terbaik pasarnya yang unik menjajakan pakaian disana arit bro mantap,1,positive,1
MAKAM SYAIKHONA KHOLIL BANGKALAN,5,hhhh kiri kiri sebg ekeng tidak mboh screenshot sehat oke jamkissscholl,1,positive,-1
MAKAM SYAIKHONA KHOLIL BANGKALAN,5,ramai masjid makam makam nya didalam masjid parkir bis makammasjid nya jual sate madura perporsi tusuk alatalat logam pisau kerisdll harganya murah,1,positive,1
MAKAM SYAIKHONA KHOLIL BANGKALAN,5,makam kh kholil ziarah pusat kebudayaan ekonomi masyarakat lokal direkomendasikan merasakan kedamaian spiritual mengenal sosok ulama kharismatik kebanggaan madura,1,positive,1
MAKAM SYAIKHONA KHOLIL BANGKALAN,4,bagusss luasss kamar mandi bersihhh bayar k suasana syahdu ademm,1,positive,15
MAKAM SYAIKHONA KHOLIL BANGKALAN,5,parkiran luastempat wudhu memadaimasjid bersih,1,positive,15
MAKAM SYAIKHONA KHOLIL BANGKALAN,5,salah tujuan wisata religi,1,positive,-1
MAKAM SYAIKHONA KHOLIL BANGKALAN,5,parkirannya luas sekali sampai madura lupa cobain sate madura langsung asalnya oleholehnya pisau clurit dsb,1,positive,-1
MAKAM SYAIKHONA KHOLIL BANGKALAN,5,ngalap barokahny mbah kolil madura,1,positive,1
MAKAM SYAIKHONA KHOLIL BANGKALAN,5,ajib,1,positive,8
MAKAM SYAIKHONA KHOLIL BANGKALAN,5,ziarah penuh berkah memiliki suasana tenang area nyaman peziarah cocok wisata religi keluarga salah destinasi religi wajib dikunjungi bangkalan,1,positive,1
MAKAM SYAIKHONA KHOLIL BANGKALAN,5,bagus,1,positive,4
MAKAM SYAIKHONA KHOLIL BANGKALAN,5,tempatnya nyaman alhamdulilah,1,positive,11
MAKAM SYAIKHONA KHOLIL BANGKALAN,5,alhamdulilah berziarah syekh kholil bangkalan aksesnya dipermudahkan bus transjatim bungurasihbangkalan bertarif rp areanya luas masjidnya megah makamnya sebelah kanan pintu masuk utama tepatnya utara masjid,1,positive,1
MAKAM SYAIKHONA KHOLIL BANGKALAN,5,barokallahulakum,1,positive,-1
MAKAM SYAIKHONA KHOLIL BANGKALAN,5,bersih luas,1,positive,0
MAKAM SYAIKHONA KHOLIL BANGKALAN,5,indah damai berkunjung bikin hati tenang,1,positive,-1
MAKAM SYAIKHONA KHOLIL BANGKALAN,5,bismillah barokah,1,positive,1
MAKAM SYAIKHONA KHOLIL BANGKALAN,5,alhamdulilah mampir makam syaikhona kholil bangkalan gurunya ulama,1,positive,1
MAKAM SYAIKHONA KHOLIL BANGKALAN,5,tembaga,1,positive,-1
MAKAM SYAIKHONA KHOLIL BANGKALAN,5,membantu terimakasih,1,positive,0
MAKAM SYAIKHONA KHOLIL BANGKALAN,5,alhamdulilah,1,positive,14
MAKAM SYAIKHONA KHOLIL BANGKALAN,5,subhanallah ya njenengan paringi kesempatan saget sowan mriki maleh amin,1,positive,-1
MAKAM SYAIKHONA KHOLIL BANGKALAN,5,ramai peziarah daerah,1,positive,13
MAKAM SYAIKHONA KHOLIL BANGKALAN,4,area masjid makam yang luas halaman masjid luas sayangnya sulit mengidentifikasi nama masjid yang ramai,1,positive,1
MAKAM SYAIKHONA KHOLIL BANGKALAN,5,mantap,1,positive,8
MAKAM SYAIKHONA KHOLIL BANGKALAN,5,nyaman ibadah nya dohor ramai jamah yang berkunjung,1,positive,1
MAKAM SYAIKHONA KHOLIL BANGKALAN,5,makam masjid indah,1,positive,1
MAKAM SYAIKHONA KHOLIL BANGKALAN,5,indah nyaman,1,positive,0
MAKAM SYAIKHONA KHOLIL BANGKALAN,5,berkah,1,positive,1
MAKAM SYAIKHONA KHOLIL BANGKALAN,5,rame pengnjungnya,1,positive,0
MAKAM SYAIKHONA KHOLIL BANGKALAN,5,alhamdulilah sowan makam syaikhona kholil bangkalan th kesini kesini butuh bertahun twkad kuat untuk ziarah kesini,1,positive,1
MAKAM SYAIKHONA KHOLIL BANGKALAN,5,tempatnya nyaman,1,positive,11
MAKAM SYAIKHONA KHOLIL BANGKALAN,5,alhamdulilah ziarah kesana,1,positive,1
MAKAM SYAIKHONA KHOLIL BANGKALAN,5,menyenangkan,1,positive,-1
MAKAM SYAIKHONA KHOLIL BANGKALAN,5,berwisata religi wisata kegiatan diharapkan menambah religiusitas,1,positive,3
MAKAM SYAIKHONA KHOLIL BANGKALAN,5,alhamdulilah berziarah makam sang maha guru ulama nusantara syaikhona muhammad kholil suasananya tenang khidmat pengunjung ramai area makam kompleks masjid megah arsitektur indah penuh kaligrafi emas benarbenar menyejukkan hati berdoa bertawasul lokasinya strategis pusat kota bangkalan aksesnya mudah direkomendasikan perjalanan religi madura,1,positive,1
MAKAM SYAIKHONA KHOLIL BANGKALAN,5,mesjidnya bersih rapi,1,positive,1
MAKAM SYAIKHONA KHOLIL BANGKALAN,5,barakallah,1,positive,1
MAKAM SYAIKHONA KHOLIL BANGKALAN,5,pengalaman menyenangkan,1,positive,-1
MAKAM SYAIKHONA KHOLIL BANGKALAN,5,kunjungan baikbaik,1,positive,-1
MAKAM SYAIKHONA KHOLIL BANGKALAN,5,suasana tidak sepi jam non berhenti,1,positive,3
MAKAM SYAIKHONA KHOLIL BANGKALAN,5,kesini bera sa gitu,1,positive,-1
MAKAM SYAIKHONA KHOLIL BANGKALAN,5,religi,1,positive,0
MAKAM SYAIKHONA KHOLIL BANGKALAN,5,salah makam wali yang kunjungi,1,positive,1
MAKAM SYAIKHONA KHOLIL BANGKALAN,5,ziaroh suasana nyaman parkir luas kamar mandi,1,positive,15
MAKAM SYAIKHONA KHOLIL BANGKALAN,5,cocok beribadah umat islam suasana adem fasilitas lengkap,1,positive,15
MAKAM SYAIKHONA KHOLIL BANGKALAN,5,alhamdulilah,1,positive,14
MAKAM SYAIKHONA KHOLIL BANGKALAN,5,adem hati,1,positive,16
MAKAM SYAIKHONA KHOLIL BANGKALAN,5,alhamdulilah ziarah makam syaikhona kholil bangkalan khusyuk nyaman,1,positive,1
MAKAM SYAIKHONA KHOLIL BANGKALAN,5,teduh pikiran penuh,1,positive,16
MAKAM SYAIKHONA KHOLIL BANGKALAN,5,alfatihah syaikhona kholil bangkalan madura,1,positive,1
MAKAM SYAIKHONA KHOLIL BANGKALAN,5,sdh x nya kr,1,positive,0
MAKAM SYAIKHONA KHOLIL BANGKALAN,5,sepi peziarah indonesia,1,positive,13
MAKAM SYAIKHONA KHOLIL BANGKALAN,5,wisata religi ziarah,1,positive,3
MAKAM SYAIKHONA KHOLIL BANGKALAN,5,berkesan,1,positive,-1
MAKAM SYAIKHONA KHOLIL BANGKALAN,5,menangis serindu guru dibaca khotaman tqn kali mendekat makamnya bersholawat jamaah maratus sholih sholihah dengan imam k ahmad sudarwanto anas syahdu terobati rindu guru semoga kesempat guru tqn amin,1,positive,1
MAKAM SYAIKHONA KHOLIL BANGKALAN,5,bersih asri ramah,1,positive,0
MAKAM SYAIKHONA KHOLIL BANGKALAN,5,makam syaikhona kholil bangkalan ziarah kubur skalian jalan jalan,1,positive,1
MAKAM SYAIKHONA KHOLIL BANGKALAN,3,masya allah peziarah nya,0,positive,1
MAKAM SYAIKHONA KHOLIL BANGKALAN,5,ziarah barokah,1,positive,-1
MAKAM SYAIKHONA KHOLIL BANGKALAN,5,semoga barokahnya mbah holik al bangkalani amin,1,positive,1
MAKAM SYAIKHONA KHOLIL BANGKALAN,5,relejius,1,positive,0
MAKAM SYAIKHONA KHOLIL BANGKALAN,5,lupa mencicipi makanan khas madura sate madura,1,positive,3
MAKAM SYAIKHONA KHOLIL BANGKALAN,5,alhamdulilah hadir masuk semoga kalau rombongan jiarah ingin kesana biar masuk kemakan nya,1,positive,-1
MAKAM SYAIKHONA KHOLIL BANGKALAN,5,masjid makam pahlawan islam penyebar agama islam guru guru ulama madura panas kali kesini suhu drajat,1,positive,1
MAKAM SYAIKHONA KHOLIL BANGKALAN,5,alhamdulilah sampai berdua suami kesini ber masjidnya superr luass kamar mandi mandi juga kebersihannya semoga kedepannya dijaga kebersihannya makam mbah kholil rame sekali gapernah sepi alhamdulilah masyaallah,1,positive,1
MAKAM SYAIKHONA KHOLIL BANGKALAN,5,ziarah tenang semoga keberkahansambil beli air minum martajasa k botol k botol gedeparkiran parkiran perluasallahumma biziaroti qobri auliyaika robbana taqobbal duaana robbana taqobbal haajaatina,1,positive,1
MAKAM SYAIKHONA KHOLIL BANGKALAN,5,tenang dihari,1,positive,16
MAKAM SYAIKHONA KHOLIL BANGKALAN,5,wisata religi teduh masjid syaikhona kholil bangkalan perjalanan madura singgah masjid syaikhona kholil pengalaman menyejukkan hati salah destinasi wisata religi utama bangkalan masjid berfungsi ibadah pusat ziarah penuh sejarah memasuki area masjid suasana khidmat sakral langsung jamaah khusyuk berdoa berzikir area makam ulama arsitektur masjidnya memukau interior dalamnya megah detail ornamen estetik pilarpilar kokoh pencahayaan kesan hangat mewah kebersihan masjid terjaga kenyamanan maksimal peziarah penjuru daerah dipadati pengunjung area masjid kondusif beribadah tenang fasilitas kompleks masjid lengkap mendukung kebutuhan pengunjung pengalaman berziarah kedamaian tersendiri jiwa penikmat traveling rating bintang kebersihan suasana nilai spiritual ditawarkan direkomendasikan dikunjungi keluarga perjalanan religi pulau madura lupa menjaga tata krama kebersihan area suci,1,positive,1
MAKAM SYAIKHONA KHOLIL BANGKALAN,5,parkir luas nyaman khas pisau pisau dapur golok cindera mata bermanfaat awet,1,positive,1
MAKAM SYAIKHONA KHOLIL BANGKALAN,5,bersih sejuk,1,positive,0
MAKAM SYAIKHONA KHOLIL BANGKALAN,5,sungguh sempurna,1,positive,-1
MAKAM SYAIKHONA KHOLIL BANGKALAN,1,pungli wudhu disuruh bayar tempatnya wudhunya seperti terawat sampah lingkungan masjid areanya campur cowok cewek rekomendasi kesini kecuali terpaksa orang tua kesini,0,negative,2
MAKAM SYAIKHONA KHOLIL BANGKALAN,4,lumayan sih toilet bersih,1,positive,-1
MAKAM SYAIKHONA KHOLIL BANGKALAN,5,tembaga,1,positive,-1
MAKAM SYAIKHONA KHOLIL BANGKALAN,5,ramai peziarah kota semoga berkah maslahah,1,positive,1
MAKAM SYAIKHONA KHOLIL BANGKALAN,5,ziarah salahsatu ulama kharismatik madura tempatnya luas enak beribadah,1,positive,1
MAKAM SYAIKHONA KHOLIL BANGKALAN,5,perjalanan madura berkunjung adik usahakan mampir sebentar berwasilah beliau,1,positive,-1
MAKAM SYAIKHONA KHOLIL BANGKALAN,5,des jelajah religi,1,positive,3
MAKAM SYAIKHONA KHOLIL BANGKALAN,5,tempatnya adem bagus berziarah masjidnya luas bersih fasilitas kamar mandinya bersih tersedia jual air seharga k perbotol dipojokan masjid,1,positive,1
MAKAM SYAIKHONA KHOLIL BANGKALAN,5,wisata religi semoga berkah,1,positive,3
MAKAM SYAIKHONA KHOLIL BANGKALAN,5,nyaman pol tempatnya,1,positive,11
MAKAM SYAIKHONA KHOLIL BANGKALAN,5,alhamdulilah senang berziarah syehona kolil bangkalan semoga berziarah,1,positive,1
MAKAM SYAIKHONA KHOLIL BANGKALAN,5,alhamdulilah,1,positive,14
MAKAM SYAIKHONA KHOLIL BANGKALAN,5,insyaallah semoga depan berziarah lagi aamin,1,positive,1
MAKAM SYAIKHONA KHOLIL BANGKALAN,5,masjid yang nyaman,1,positive,1
MAKAM SYAIKHONA KHOLIL BANGKALAN,5,baek,1,positive,0
MAKAM SYAIKHONA KHOLIL BANGKALAN,5,adem ayem,1,positive,16
MAKAM SYAIKHONA KHOLIL BANGKALAN,5,ternyaman,1,positive,-1
MAKAM SYAIKHONA KHOLIL BANGKALAN,5,wali allah menyembah kuburan tuduhan berdasar kaum wahhabiyin prilaku menyimpang ruku sujud berdoa si ahli kubur orang baca quran tahlil istighfar shalawat memohon allah berwasilahberperantara ahli kubur yang diyakini orang sholeh atauorang yang allah,1,positive,1
MAKAM SYAIKHONA KHOLIL BANGKALAN,5,lokasi makam terletak desa martajasah bangkalan mudah diakses jembatan suramadu mempermudah mobilitas surabaya arsitektur kompleks makam didominasi gaya khas madura bersahaja megah warnawarna cerah desain terbuka bangunannya direnovasi diperluas menampung peziarah membludak aura kesakralan kekhusyukan kuat,1,positive,1
MAKAM SYAIKHONA KHOLIL BANGKALAN,5,semoga barokah kyai kholil bangkalan,1,positive,1
MAKAM SYAIKHONA KHOLIL BANGKALAN,5,kendaraan pribadi bogor kemadura perjalanannya seru,1,positive,-1
MAKAM SYAIKHONA KHOLIL BANGKALAN,5,bagus tempatnya masjidnya makam gurunya ulama indonesia,1,positive,1
MAKAM SYAIKHONA KHOLIL BANGKALAN,5,mantaff,1,positive,8
MAKAM SYAIKHONA KHOLIL BANGKALAN,5,semoga berkah wali allah,1,positive,1
MAKAM SYAIKHONA KHOLIL BANGKALAN,5,salah tujuan wisata religi wilayah pulau maduradekat terminal pasar,1,positive,3
MAKAM SYAIKHONA KHOLIL BANGKALAN,5,sejuk menenangkan parkiran luas,1,positive,-1
MAKAM SYAIKHONA KHOLIL BANGKALAN,5,makam mbah kholil bangkalan ingin kesana,1,positive,1
MAKAM SYAIKHONA KHOLIL BANGKALAN,5,tujuan ziarah salah tokoh ulama kharisma bangkalan yang terkenal dalam menyebarkan agama islam dijawatimur daerah bangkalan madura,1,positive,1
MAKAM SYAIKHONA KHOLIL BANGKALAN,5,senang,1,positive,-1
MAKAM SYAIKHONA KHOLIL BANGKALAN,5,salah wisata religi tujuan ziarah orang nahdotul ulama masjid bangunang bagus berkunjung malam indah lampu menara masjid parkir luwas puluhan bus parkir motor pelataran sebelah timur masjid buka jam,1,positive,1
MAKAM SYAIKHONA KHOLIL BANGKALAN,5,makam gurunya ulama tersebar indonesia makamnya disamping masjid kadang peziarah baca doa didalam masjid makam senangnya toilet bersih penjual makanan khas madura seperti sabit dsb parkiran luas,1,positive,1
MAKAM SYAIKHONA KHOLIL BANGKALAN,5,semoga istiqomah ziarah syaihona kholil bangkalan,1,positive,1
MAKAM SYAIKHONA KHOLIL BANGKALAN,5,alhamdulilah kesana,1,positive,1
MAKAM SYAIKHONA KHOLIL BANGKALAN,1,maajid megah agamis pakai sarung pakai peci kemana miris sama oknum yang bawa clurit cluritt miris kali daerah dilautin oknum,0,negative,2
MAKAM SYAIKHONA KHOLIL BANGKALAN,5,wisata religi menentramkan,1,positive,3
MAKAM SYAIKHONA KHOLIL BANGKALAN,4,makam salah ulama madura kh m kholil bangkalan beliau guru ulama indonesia kh hasyim asyari kh wahab hasbullah kh ahmad dahlan ulama makam dipadati peziarah libur nasional makam syaikh kholil kompleks masjid syaikh kh kholil bangkalan peninggalan syaikh kholil tulisan tangan beliau yang dipigura,1,positive,1
MAKAM SYAIKHONA KHOLIL BANGKALAN,5,alhamdulilah,1,positive,14
MAKAM SYAIKHONA KHOLIL BANGKALAN,5,nyaman ziarah wudhu bersih km bersih suasana enak,1,positive,15
MAKAM SYAIKHONA KHOLIL BANGKALAN,5,tempatnya luas,1,positive,11
MAKAM SYAIKHONA KHOLIL BANGKALAN,5,alhamdulilah kelas pp darul falah al hasyimiyah semarang qodarulloh saget ngalap berkah ziarah makam syaikhona kholil bangkalan,1,positive,1
MAKAM SYAIKHONA KHOLIL BANGKALAN,5,ramai orang berziarah,1,positive,-1
MAKAM SYAIKHONA KHOLIL BANGKALAN,5,ramai,1,positive,13
MAKAM SYAIKHONA KHOLIL BANGKALAN,5,alhamdulilah ziarah makam muasiss nu berkat berkhidmat nu sukmajaya depok,1,positive,1
MAKAM SYAIKHONA KHOLIL BANGKALAN,5,alhamdulilah saget ziarah teng makam mbah kholil,1,positive,1
MAKAM SYAIKHONA KHOLIL BANGKALAN,5,masjidnya bersih nyaman parkir luas mobil tinggal pilih penjual yang menjual makanan khas madura,1,positive,1
MAKAM SYAIKHONA KHOLIL BANGKALAN,5,makam wali allahsangat tersentuh ulama karismatik daerah madura,1,positive,1
MAKAM SYAIKHONA KHOLIL BANGKALAN,5,salam cirebon,1,positive,1
MAKAM SYAIKHONA KHOLIL BANGKALAN,5,wisata religius,1,positive,3
MAKAM SYAIKHONA KHOLIL BANGKALAN,5,pemakaman salah wali allah yang tanah jawa penyiar agama islam,1,positive,1
MAKAM SYAIKHONA KHOLIL BANGKALAN,5,makam aulia waliyullah,1,positive,1
MAKAM SYAIKHONA KHOLIL BANGKALAN,5,kangen bah kholil,1,positive,1
MAKAM SYAIKHONA KHOLIL BANGKALAN,5,ziarah,1,positive,-1
MAKAM SYAIKHONA KHOLIL BANGKALAN,5,mantap,1,positive,8
MAKAM SYAIKHONA KHOLIL BANGKALAN,5,alhamdulilah allah ijinkan rombongan fatayat nu ds kauman kec wiradesa kab pekalongan jawa ziarah smoga kelak ziarah kesini lambat keluarga,1,positive,1
MAKAM SYAIKHONA KHOLIL BANGKALAN,5,khusus peziarah madura maqom mbh kholil,1,positive,1
MAKAM SYAIKHONA KHOLIL BANGKALAN,3,jual buah pisang cavendis buah pisang kakak,0,positive,3
MAKAM SYAIKHONA KHOLIL BANGKALAN,5,tempatnya bersih nyaman,1,positive,11
MAKAM SYAIKHONA KHOLIL BANGKALAN,5,wisata religi ramai pensiarah dari daerah pas malam jumat,1,positive,3
MAKAM SYAIKHONA KHOLIL BANGKALAN,5,mantab tempatnya bersih recomendet,1,positive,-1
MAKAM SYAIKHONA KHOLIL BANGKALAN,5,nya sejuk bersih,1,positive,0
MAKAM SYAIKHONA KHOLIL BANGKALAN,5,terimakasih romo seperti syehqona kholil bangkalan madura semoga sowan,1,positive,1
MAKAM SYAIKHONA KHOLIL BANGKALAN,5,nyaman tenang damai,1,positive,0
MAKAM SYAIKHONA KHOLIL BANGKALAN,5,istirahat,1,positive,0
MAKAM SYAIKHONA KHOLIL BANGKALAN,5,bersih,1,positive,-1
MAKAM SYAIKHONA KHOLIL BANGKALAN,5,madura asyik,1,positive,3
MAKAM SYAIKHONA KHOLIL BANGKALAN,4,ramee,1,positive,10
MAKAM SYAIKHONA KHOLIL BANGKALAN,5,religius pengingat sejarah budaya penyebaran agama islam bangkalan nusantara,1,positive,1
MAKAM SYAIKHONA KHOLIL BANGKALAN,5,wisata religi,1,positive,3
MAKAM SYAIKHONA KHOLIL BANGKALAN,5,ngalap barokah,1,positive,1
MAKAM SYAIKHONA KHOLIL BANGKALAN,5,alhamdulilah saget ziaroh maqom waliyullah syaikhona kholil bangkalan semoga allah menambah kebarokahan kemuliaan sisi nya menyenangkan sejuk nyaman semoga istiqomah sowan,1,positive,1
MAKAM SYAIKHONA KHOLIL BANGKALAN,5,pusat belajar alquran dasar mahir kelas tahfidz,1,positive,1
MAKAM SYAIKHONA KHOLIL BANGKALAN,5,alhamdulilah adem ziarah kesana,1,positive,1
MAKAM SYAIKHONA KHOLIL BANGKALAN,4,bagus masjid luas kebersihan toilet ditingkatkan,1,positive,1
MAKAM SYAIKHONA KHOLIL BANGKALAN,5,barokah dunia akhirat,1,positive,1
MAKAM SYAIKHONA KHOLIL BANGKALAN,5,makam orang waliyullah syaikhona muhammad kholil bangkalan,1,positive,1
MAKAM SYAIKHONA KHOLIL BANGKALAN,5,alhamdulilah sampai makam syaikhona kholil bangkalan madura wisata religi surabaya kesini normal antre,1,positive,1
MAKAM SYAIKHONA KHOLIL BANGKALAN,5,barokallah,1,positive,-1
MAKAM SYAIKHONA KHOLIL BANGKALAN,4,bersih rapi aman,1,positive,0
MAKAM SYAIKHONA KHOLIL BANGKALAN,5,aura nya,1,positive,0
MAKAM SYAIKHONA KHOLIL BANGKALAN,5,alhamdulilah ziarah,1,positive,14
MAKAM SYAIKHONA KHOLIL BANGKALAN,5,sdh lm tidak ngaji n solat lebaran semoga bisa lebih lagi seperti dl bisa rutin dtg ibadah di sna,1,positive,1
MAKAM SYAIKHONA KHOLIL BANGKALAN,5,alhamdulilah ziarah makam syech kholil bangkalan,1,positive,1
MAKAM SYAIKHONA KHOLIL BANGKALAN,3,parkiran luas rame pedagang,0,positive,-1
MAKAM SYAIKHONA KHOLIL BANGKALAN,5,lokasi makam besih sejuk,1,positive,1
MAKAM SYAIKHONA KHOLIL BANGKALAN,5,ya tuhan melimpahkan keberkahan cahaya rahasia karmanya,1,positive,1
MAKAM SYAIKHONA KHOLIL BANGKALAN,5,adem sekali kalau sudah kesini sudah palimg benar tujuan wisata religi ya makam ulamak nya indah sekali arsitek nya tidak main main ukirannya penuh makna parkiran luas masjid nya mewah n megah cantik,1,positive,1
MAKAM SYAIKHONA KHOLIL BANGKALAN,5,malam jumat barokah,1,positive,3
MAKAM SYAIKHONA KHOLIL BANGKALAN,5,mantao parkiran luass,1,positive,-1
MAKAM SYAIKHONA KHOLIL BANGKALAN,5,area parkiran masjid dikotori orang tau arti kebersihan,1,positive,1
MAKAM SYAIKHONA KHOLIL BANGKALAN,5,masjid nya indah parkir bus sampah penjual juga yang naikin harga,1,positive,1
MAKAM SYAIKHONA KHOLIL BANGKALAN,5,berziarah,1,positive,1
MAKAM SYAIKHONA KHOLIL BANGKALAN,5,nyaman parkir luas penginapan murahmurah jajanan sate khas madura penginapan,1,positive,1
MAKAM SYAIKHONA KHOLIL BANGKALAN,5,masjid bagus orang jualan sate,1,positive,1
MAKAM SYAIKHONA KHOLIL BANGKALAN,5,makam ulama legendaris madura syaikona cholil berhutang aneka jokes mengakar,1,positive,1
MAKAM SYAIKHONA KHOLIL BANGKALAN,5,ibadah wisata ziarah wilayah madura suasanya sejuk kulineran khas madura tujuan,1,positive,1
MAKAM SYAIKHONA KHOLIL BANGKALAN,5,guru nusantara,1,positive,0
MAKAM SYAIKHONA KHOLIL BANGKALAN,5,bangkalan,1,positive,3
MAKAM SYAIKHONA KHOLIL BANGKALAN,5,ikon bangkalan madura orang mengunjunginya pulau jawa,1,positive,3
MAKAM SYAIKHONA KHOLIL BANGKALAN,5,pesarean orang sholeh,1,positive,1
MAKAM SYAIKHONA KHOLIL BANGKALAN,5,bersih nyaman peziarah,1,positive,0
MAKAM SYAIKHONA KHOLIL BANGKALAN,5,alhamdulilah berkunjung makam guru syaikhina kholil,1,positive,1
MAKAM SYAIKHONA KHOLIL BANGKALAN,5,bahagia sudah rindu sanagat anak jumpa makam syaikhona kholil,1,positive,1
MAKAM SYAIKHONA KHOLIL BANGKALAN,5,barokah umur barokah rezeki bahagia dunia akhirat amin,1,positive,1
MAKAM SYAIKHONA KHOLIL BANGKALAN,5,sejuk bagus,1,positive,0
MAKAM SYAIKHONA KHOLIL BANGKALAN,5,semoga ziarah kesana,1,positive,1
MAKAM SYAIKHONA KHOLIL BANGKALAN,5,enak masjid,1,positive,3
MAKAM SYAIKHONA KHOLIL BANGKALAN,5,bagus,1,positive,4
MAKAM SYAIKHONA KHOLIL BANGKALAN,5,mesjidnya indah toiletnya bersih nyaman,1,positive,1
MAKAM SYAIKHONA KHOLIL BANGKALAN,5,alhamdulilah berkunjung kali berkunjung,1,positive,1
MAKAM SYAIKHONA KHOLIL BANGKALAN,5,berangkat lumajang habis isya jam malam parkirnya luas masjidnya bagus wudhu mandi terpisah lakilaki perempuan,1,positive,1
MAKAM SYAIKHONA KHOLIL BANGKALAN,5,alhamdulilah sud ziarah makam beliu,1,positive,1
MAKAM SYAIKHONA KHOLIL BANGKALAN,5,aari bersih letak strategies luas,1,positive,0
MAKAM SYAIKHONA KHOLIL BANGKALAN,5,makam ulama kharismatik madura guru ulama ulama indonesia,1,positive,1
MAKAM SYAIKHONA KHOLIL BANGKALAN,5,salam pecinta agama masyono menghentikan drama,1,positive,1
MAKAM SYAIKHONA KHOLIL BANGKALAN,4,ziarah nyambung kabel persaudaraan sanad keilmuan agama islam,1,positive,1
MAKAM SYAIKHONA KHOLIL BANGKALAN,5,ziarah makam beliau kehormatan sisi allah diukur dunia ketakwaan keikhlasan,1,positive,1
MAKAM SYAIKHONA KHOLIL BANGKALAN,5,menyenangkan menenangkan,1,positive,-1
MAKAM SYAIKHONA KHOLIL BANGKALAN,5,menghilangkan pusing hati dikir,1,positive,16
MAKAM SYAIKHONA KHOLIL BANGKALAN,5,salah wisata religi bangkalan madura diminati wisatawan negeri syaikhona kholil aulia admin auliaillah guru mayoritas ulama indonesia pulau jawa,1,positive,1
MAKAM SYAIKHONA KHOLIL BANGKALAN,5,tempatnya nyaman masjid nya indah penziarohnya tertib malam jumat penziaroh,1,positive,1
MAKAM SYAIKHONA KHOLIL BANGKALAN,4,bagus,1,positive,4
MAKAM SYAIKHONA KHOLIL BANGKALAN,5,mesjidnya luas bagus ornamen warna emas jajdi megah kebetulana pas bertepatan malam islam muharam ramai sekali berziarah makan kiyai mbah kholil menyebutnya,1,positive,1
MAKAM SYAIKHONA KHOLIL BANGKALAN,5,pelayanan baikk,1,positive,11
MAKAM SYAIKHONA KHOLIL BANGKALAN,5,sejukan hati,1,positive,16
MAKAM SYAIKHONA KHOLIL BANGKALAN,5,luas nyaman aman,1,positive,0
MAKAM SYAIKHONA KHOLIL BANGKALAN,5,mudahan kebagian berkah tuan syeh amin,1,positive,1
MAKAM SYAIKHONA KHOLIL BANGKALAN,5,syaikhona kholil bangkalan salah ulama indonesia memiliki peran terbentuknya nu,1,positive,1
MAKAM SYAIKHONA KHOLIL BANGKALAN,5,semoga barokah amin,1,positive,1
MAKAM SYAIKHONA KHOLIL BANGKALAN,5,alfatahah x,1,positive,10
MAKAM SYAIKHONA KHOLIL BANGKALAN,5,keren masjidnya bagus,1,positive,1
MAKAM SYAIKHONA KHOLIL BANGKALAN,4,masjid nya nyaman dingin sejuk berhubung kesana siang nya diluar sangatsangat panas,1,positive,2
MAKAM SYAIKHONA KHOLIL BANGKALAN,5,makam syech kholil bangkalan madura,1,positive,1
MAKAM SYAIKHONA KHOLIL BANGKALAN,4,ziarah makan syaikhona kholil bangkalan alternatif jalanjalan islami bagus kalangan parkir luas makam didalam masjid kebersihan lumayan tapi parkir kotor,1,positive,1
MAKAM SYAIKHONA KHOLIL BANGKALAN,5,maqom bersihlingkungan bersihkurang nyaman,1,positive,15
MAKAM SYAIKHONA KHOLIL BANGKALAN,5,kamar mandi wanita nya bersih sholat berjamaah shubuh ramai dikunjungi untuk kalinya kesini,1,positive,1
MAKAM SYAIKHONA KHOLIL BANGKALAN,5,bagus,1,positive,4
MAKAM SYAIKHONA KHOLIL BANGKALAN,5,ziarah bangunan modern,1,positive,1
MAKAM SYAIKHONA KHOLIL BANGKALAN,5,alhamdulilah,1,positive,14
MAKAM SYAIKHONA KHOLIL BANGKALAN,5,subuh menjelang haul habib abu bakar gresik,1,positive,1
MAKAM SYAIKHONA KHOLIL BANGKALAN,5,sabtu juni rombongan ma maarif bangunrejo lampung alhamdulilah berziaroh makam syaikhona kholil bangkalan madura jawa timur mugimugi angsal barokah lan manfaat dunia akhirat,1,positive,1
MAKAM SYAIKHONA KHOLIL BANGKALAN,1,masjid nya indah luas makam nya rapi kelakuan oknum toilet masjid faslitas masjid loh area masjid oke kalau diluar masjid bangun merusak citra makam masjid daerah madura payahh,0,negative,1
MAKAM SYAIKHONA KHOLIL BANGKALAN,5,makam syaikhona kholil bangkalan bangkalan adem nyaman tenang lingkungan bersih luas sekali,1,positive,1
MAKAM SYAIKHONA KHOLIL BANGKALAN,5,alhamdulilah tercapai berziarah insyaallah,1,positive,1
MAKAM SYAIKHONA KHOLIL BANGKALAN,5,kali gagal fokus kamar mandi wanita barubersih luas banyakkk,1,positive,-1
MAKAM SYAIKHONA KHOLIL BANGKALAN,5,tombo ati enak dikunjungi,1,positive,-1
MAKAM SYAIKHONA KHOLIL BANGKALAN,5,kebanggan bersyukur ber ziarah makam syikhona kholil,1,positive,1
MAKAM SYAIKHONA KHOLIL BANGKALAN,5,baguskerenluas jugatp panas sekali yaa kenapa tidak diusahakan tanaman,1,positive,9
MAKAM SYAIKHONA KHOLIL BANGKALAN,5,alhamdulilah enak insya allah berkah barokah parkiran lumayan luas pedagang butuh apapun insya allah masjidnya luas kamar wudlu,1,positive,1
MAKAM SYAIKHONA KHOLIL BANGKALAN,5,mantap wisata religius pernak perniknya,1,positive,-1
MAKAM SYAIKHONA KHOLIL BANGKALAN,5,salah tujuan wisata relegi madura bangkalan,1,positive,3
MAKAM SYAIKHONA KHOLIL BANGKALAN,5,ya allah masjid daerah madura bangkalan dalamnya makam waliyullah syeikh kholil beliau wali admin auliya illah masjidnya megah luas parkiran muat kalau kesini ingin karena tempatnya auranya sejuk pas malam jumat rame jamaah daerah insya allah ziarah motor surabaya jam lewatin suramadu,1,positive,1
MAKAM SYAIKHONA KHOLIL BANGKALAN,5,alhamdulilah,1,positive,14
MAKAM SYAIKHONA KHOLIL BANGKALAN,5,alhamdulilah barokalloh nyaman fasilitas memadai,1,positive,1
MAKAM SYAIKHONA KHOLIL BANGKALAN,4,ramai peziarah,1,positive,13
MAKAM SYAIKHONA KHOLIL BANGKALAN,5,ramai peziarahnya situ jam,1,positive,13
MAKAM SYAIKHONA KHOLIL BANGKALAN,5,masjidnya megah bagus sayangnya kesitu karpetnya bau tidak enak,1,positive,1
MAKAM SYAIKHONA KHOLIL BANGKALAN,5,alhamdulilah aman aman,1,positive,0
MAKAM SYAIKHONA KHOLIL BANGKALAN,5,makan mbah kholil bangkalan salah guru hadratussyaikh hasyim asyary,1,positive,1
MAKAM SYAIKHONA KHOLIL BANGKALAN,5,sejarahnya kemanamana,1,positive,-1
MAKAM SYAIKHONA KHOLIL BANGKALAN,5,makam syaikhona kholil tokoh ulama guru tokoh pahlawan ulama jawa madura yang terletak kabupaten bangkalan dilengkapi bangunan masjid yang megah sarana parkir yang luas menampung bus pariwisata kuliner pertokoan yang lengkap,1,positive,1
MAKAM SYAIKHONA KHOLIL BANGKALAN,5,religius,1,positive,0
MAKAM SYAIKHONA KHOLIL BANGKALAN,5,suasana sejukkkk masjid area makam parkir luasss panas,1,positive,1
MAKAM SYAIKHONA KHOLIL BANGKALAN,5,ziarah bapak kholil,1,positive,1
MAKAM SYAIKHONA KHOLIL BANGKALAN,5,bersihnyaman beribadah,1,positive,0
MAKAM SYAIKHONA KHOLIL BANGKALAN,5,ziarah makam wali guru pendiri nahdlotul ulama nu mudahmudahan keberkahan tertular kealimannya,1,positive,1
MAKAM SYAIKHONA KHOLIL BANGKALAN,5,ramai penziarah,1,positive,13
MAKAM SYAIKHONA KHOLIL BANGKALAN,4,alhamdulilah,1,positive,14
MAKAM SYAIKHONA KHOLIL BANGKALAN,5,mantap,1,positive,8
MAKAM SYAIKHONA KHOLIL BANGKALAN,5,situ bawa kendaraan pribadi berangkatnya ingin nyoba kapal ferry tiketnya booking daring dibantu petugasnya turun kapal tinggal ikutin jalan maps sampai parkiran rame jualan parkiran tinggal nyebrang langsung komplek masjid masjidnya luas suasananya adem sore,1,positive,2
MAKAM SYAIKHONA KHOLIL BANGKALAN,5,bagus,1,positive,4
MAKAM SYAIKHONA KHOLIL BANGKALAN,5,syawal haul syaikhona muhammad kholil bangkalan,1,positive,1
MAKAM SYAIKHONA KHOLIL BANGKALAN,5,bangunan mewah beribadah tenang nyaman saran mandi makam maksunya parkiran pusat oleholeh nya airnya segar bersih kamar mandi nya luas air doa eh promosi kalau ziarah wali senang sekali kesini,1,positive,1
MAKAM SYAIKHONA KHOLIL BANGKALAN,5,ziarah ngalap berkah,1,positive,1
MAKAM SYAIKHONA KHOLIL BANGKALAN,5,nyaman,1,positive,-1
MAKAM SYAIKHONA KHOLIL BANGKALAN,5,suka fasilitas nyaman kurangnya sampah berserak manamana terurus,1,positive,-1
MAKAM SYAIKHONA KHOLIL BANGKALAN,5,nengok orang tua kakak sempetin masjid makam beliau,1,positive,1
MAKAM SYAIKHONA KHOLIL BANGKALAN,5,indah tidak peraturan,1,positive,0
MAKAM SYAIKHONA KHOLIL BANGKALAN,5,rame tidak sepi adem bersih,1,positive,-1
MAKAM SYAIKHONA KHOLIL BANGKALAN,5,ziarah terkenal madura makam ulama kondang bergelar syaikhona kholil bangkalan,1,positive,1
MAKAM SYAIKHONA KHOLIL BANGKALAN,5,parkir yang luas masjidnya megah air mck melimpah,1,positive,1
MAKAM SYAIKHONA KHOLIL BANGKALAN,5,wisata menarik,1,positive,3
MAKAM SYAIKHONA KHOLIL BANGKALAN,5,wisata religi tujuan peziarah penjuru tujuan masingmasing barokah kealiman beliau syaikhona cholil bin k h abdul latif,1,positive,1
MAKAM SYAIKHONA KHOLIL BANGKALAN,5,masya allah adem sekali serasa makkah pedagang ramah ramah,1,positive,1
MAKAM SYAIKHONA KHOLIL BANGKALAN,5,alhamdullilah sowan makam mbah kholil fasilitas lengakapsemoga terawat,1,positive,1
MAKAM SYAIKHONA KHOLIL BANGKALAN,5,rumah berita sepakbola hukum kriminal budaya wisata kuliner bisnis jatim moncer foto video indeks detikjatimwisata makam syaikhona kholil bangkalan sejarah harga tiket jam bukanya rindang krisnawati detikjatim senin sep wib bagikan komentar foto kamaluddin wisata religi pilihan orang memiliki ketertarikan agama wisata religi diartikan kegiatan wisata memiliki tujuan kegiatan keagamaan indonesia wisata religi terkenal mengunjungi makam sunan masjidmasjid berziarah wisata religi menarik jawa timur makam syaikhona kholil makam syaikhona kholil bangkalan madura makam salah destinasi wisata religi sepi pengunjung kirakira ya sejarahnya tarif dikenakan mengunjungi makam ayo simak artikel makam syaikhona kholil sejarah makam syaikhona kholil bangkalan syaikhona muhammad kholil salah ulama berasal bangkalan madura beliau lahir tanggal mei tanggal beliau lahir bertepatan shafar hijriah syaikhona gelar beliau dianggap memiliki derajat ilmu syaikhona kholil memiliki siswa ratusan ulamaulama nahdlatul ulama muridmuridnya kh hasyim asyari kh abdurrahman wahid kakek presiden keempat kh asad syamsul arifin syaikhona kholil anak kh abdul lathif memiliki hubungan sunan gunung jati abdul lathif anak kyai bernama hamim keturunan kiai abdul karim disimpulkan syaikhona kholil berasal keluarga ulama latar keluarganya syaikhona kholil tertarik mempelajari ilmu agama syaikhona kholil menghafal seribu bait nadzom alfiyah ibnu malik dilansir darul amanah syaikhona kholil menimba ilmu keagamaan pesantren jazirah arab hidupnya syaikhona kholil berguru tuan guru agung dikenal bhujuk agung menimba ilmu beliau pelajaran teori praktik pesantren bangkalan dikenal metode pembelajaran unik pesantren pembelajaran agama berjalan mengelilingi kota bersantai pohon pinggir sungai syaikhona kholil pesantren indonesia beliau wafat berusia bertepatan ramadhan hijriah lokasi makamnya terletak desa martajasah kabupaten bangkalan madura jawa timur lokasi makam syaikhona kholil masjid sengaja dibangun simbol penghormatan beliau masjid pesantren dibangun banyaknya peziarah masjid memiliki gaya arsitektur indah ornamen kaligrafi sentuhan emas menghiasi dinding masjid daya tarik heran makam syaikhona kholil sepi pengunjung pasalnya makam memiliki daya tariknya makam bapak syaikhona kholil abdul latif makam anggota keraton makam waliyullah sumur tua dipercaya rezeki melempar koin dalamnya masjid syaikhona muhammad kholil memiliki arsitektur indah plafon mengikuti bentuk kubah fasilitas fasilitas makam syaikhona kholil kamar mandi masjid beribadah bangku istirahat bergantian menung,1,positive,1
MAKAM SYAIKHONA KHOLIL BANGKALAN,5,ziarah,1,positive,-1
MAKAM SYAIKHONA KHOLIL BANGKALAN,5,sejarah syaikhona kholil ulama karismatik bangkalan syaikhona kholil kh muhammad kholil ulama bangkalan madura lahir beliau dikenal guru ulama pejuang kemerdekaan kh hasyim asyari pendiri nahdlatul ulama nu syaikhona kholil kecerdasan pendidikannya pesantren milik ayahnya kh abdul latif melanjutkan pesantren jawa pesantren sidogiri pasuruan kecintaannya ilmu membawanya mekkah berguru ulama syekh nawawi albantani sepulang mekkah syaikhona kholil mendirikan pesantren bangkalan pesantrennya pusat pembelajaran agama islam menarik santri nusantara gaya pengajarannya penuh kebijaksanaan melahirkan siswa hebat kh hasyim asyari kh asad syamsul arifin kh bisri syansuri syaikhona kholil ahli agama simbol perjuangan melawan penjajahan pesantrennya membangkitkan semangat perjuangan mengajarkan strategi perjuangan simbol isyarat muridmuridnya beliau wafat dimakamkan kompleks pemakaman bangkalan makam syaikhona kholil tujuan ziarah umat islam negeri kharisma ajarannya hidup tradisi pesantren organisasi islam indonesia syaikhona kholil guru ulama sosok menginspirasi perjuangan kemerdekaan keadilan,1,positive,1
MAKAM SYAIKHONA KHOLIL BANGKALAN,5,adem nyaman,1,positive,0
MAKAM SYAIKHONA KHOLIL BANGKALAN,5,suasana religi nya adem dsn,1,positive,1
MAKAM SYAIKHONA KHOLIL BANGKALAN,5,ter nyaman menjernihkan pikiran,1,positive,16
MAKAM SYAIKHONA KHOLIL BANGKALAN,5,subhanallah,1,positive,-1
MAKAM SYAIKHONA KHOLIL BANGKALAN,4,ziarah ramai untuk malam tenang ramai arsitektur bangunan masyallah bagusnya,1,positive,1
MAKAM SYAIKHONA KHOLIL BANGKALAN,5,alhamdulilah ziyaroh asatidz asatidzah kakak santri hidayatul mubtadiin jatireji kunir lumajang mugi angsal barokah amin,1,positive,1
MAKAM SYAIKHONA KHOLIL BANGKALAN,5,suka berziarah,1,positive,-1
MAKAM SYAIKHONA KHOLIL BANGKALAN,5,nyaman serba,1,positive,0
MAKAM SYAIKHONA KHOLIL BANGKALAN,5,masjid luas menampung jamaah berkunjung musim ziarah muat lenggang halaman masjid luas mobil keluarga masuk toilet bersih pengunjung menjaga kebersihan toilet bayar rb khusus mandi parkir luas menampung mobil elf bis parkir mobil bayar rb kuliner coba nasi campur rb selera sih minimarket kuliner rute pakai transjatim masjid persis pemberhentian transjatim makam cucunya area masjid,1,positive,1
MAKAM SYAIKHONA KHOLIL BANGKALAN,5,bagus,1,positive,4
MAKAM SYAIKHONA KHOLIL BANGKALAN,5,ziaroh,1,positive,-1
MAKAM SYAIKHONA KHOLIL BANGKALAN,5,kali kesini berziarah syekh kholil bangkalan tempatnya luas masjidnya megah makamnya sebelah pojok utara masjid pengunjung yang sepi jam parkirannya kumuh ya yang membuang sampah sembarangan minimnya petugas kebersihan area parkir tarif parkir mobil k,1,positive,1
MAKAM SYAIKHONA KHOLIL BANGKALAN,4,area masjid kotor,1,negative,-1
MAKAM SYAIKHONA KHOLIL BANGKALAN,5,vibes subuh bagus bngtt orang penjual oleholeh tapi parkirannya sampah,1,positive,-1
MAKAM SYAIKHONA KHOLIL BANGKALAN,5,salah wisata religi terbaik menenangkan hati,1,positive,3
MAKAM SYAIKHONA KHOLIL BANGKALAN,5,tempatnya bersih nyaman,1,positive,11
MAKAM SYAIKHONA KHOLIL BANGKALAN,5,ziarah makam yang terlewat jawa timur,1,positive,1
MAKAM SYAIKHONA KHOLIL BANGKALAN,5,mesjidnya enakbersih,1,positive,1
MAKAM SYAIKHONA KHOLIL BANGKALAN,5,apip plafon pvc jatiwarna distributor plafon pvc sejabodetabek,1,positive,-1
MAKAM SYAIKHONA KHOLIL BANGKALAN,5,kamar mandinya enak parkiran bus nya lumayan,1,positive,-1
MAKAM SYAIKHONA KHOLIL BANGKALAN,5,suka makan sate kesini,1,positive,-1
MAKAM SYAIKHONA KHOLIL BANGKALAN,5,beliau guru kh hasyim asyari kh ahmad dahlan,1,positive,1
MAKAM SYAIKHONA KHOLIL BANGKALAN,5,parkiran penuh,1,positive,0
MAKAM SYAIKHONA KHOLIL BANGKALAN,5,rami,1,positive,0
MAKAM SYAIKHONA KHOLIL BANGKALAN,5,masjid megah ramai makam mbah kholil disebelah kanan imam,1,positive,1
MAKAM SYAIKHONA KHOLIL BANGKALAN,4,ziaroh kesitu pengalaman,1,positive,13
MAKAM SYAIKHONA KHOLIL BANGKALAN,5,wisata religiagamiscocok menenangkan hati yang galau,1,positive,3
MAKAM SYAIKHONA KHOLIL BANGKALAN,5,alhamdulilah lancar,1,positive,14
MAKAM SYAIKHONA KHOLIL BANGKALAN,5,salah makam yang diyakini waliyullah hidupnya akses jalan yang mudah bagus dilewati kendaraan lahan parkir luas yang dikelola mobil pribadi disertai dengan kuliner juga penginapan yang menginap,1,positive,-1
MAKAM SYAIKHONA KHOLIL BANGKALAN,5,nyaman,1,positive,-1
MAKAM SYAIKHONA KHOLIL BANGKALAN,5,masyaallah kesekian kali kesini destinasi wisata madura meningkatkan iman taqwa kematian allah,1,positive,1
MAKAM SYAIKHONA KHOLIL BANGKALAN,5,salah makam ulama bangkalan masjid agung bangkalan orang ziarah makam syaihhona kholil ulama hormati kalangan masyarakat bangkalan madura banyaknya peziarah penginapan transit sekedar mandi wudlu istirahat perjalanan terparkir luas sisi masjidmakam roda parkir area parkir masjid masjidnya bersih tersedia air suci sampah berdoa makam beliau sisi kanan masjid masjid masjid orang jualan makanan khas madura,1,positive,1
MAKAM SYAIKHONA KHOLIL BANGKALAN,5,kali masjid tempatnya indah adik pengalaman sotu,1,positive,1
MAKAM SYAIKHONA KHOLIL BANGKALAN,5,masjid terletak sisi barat bangkalan beribadah ber ziarah makam syaikhona kholil masjidnya luas area parkir diseberang luas kualan souvenir masjid kuwatir kelaparan penjual makanan minuman area masjid transportasi bus transjatim bangkalan turun halte terdekat smkn bangkalan berjarak meter,1,positive,1
MAKAM SYAIKHONA KHOLIL BANGKALAN,5,masjid makam tokoh kharismatik madura kh syaikhona kholil peziarah pulau madura madura seputaran masjid penjual makanan minuman area wudhu terpisah jamaah lakilaki perempuan parkir luas,1,positive,1
MAKAM SYAIKHONA KHOLIL BANGKALAN,5,damai,1,positive,0
MAKAM SYAIKHONA KHOLIL BANGKALAN,5,alhamdulilah smp senang sekali,1,positive,1
MAKAM SYAIKHONA KHOLIL BANGKALAN,4,ramai peziarah,1,positive,13
MAKAM SYAIKHONA KHOLIL BANGKALAN,5,kirim doa leluhur,1,positive,1
MAKAM SYAIKHONA KHOLIL BANGKALAN,4,cari berkah badas kediri,1,positive,1
MAKAM SYAIKHONA KHOLIL BANGKALAN,5,wisata religi luas aman,1,positive,3
MAKAM SYAIKHONA KHOLIL BANGKALAN,5,istimewa sejuk adem menenangkan,1,positive,0
MAKAM SYAIKHONA KHOLIL BANGKALAN,5,semoga kelak berkumpul dengan beliau dengan waliyullah yang amin,1,positive,1
MAKAM SYAIKHONA KHOLIL BANGKALAN,5,sungguh sejuk lingkungan pesarean wali mbah kholil bangkalan,1,positive,1
MAKAM SYAIKHONA KHOLIL BANGKALAN,5,susana nyaman adem syahdu sakral penuh sejarah,1,positive,-1
MAKAM SYAIKHONA KHOLIL BANGKALAN,5,semoga ada ziaroh kemakom shekhona holil,1,positive,1
MAKAM SYAIKHONA KHOLIL BANGKALAN,5,kesini hujan pengunjungnya dikit siangnya dari ampel disana pengunjung ramai hujan jd peziarah menunda kedatangannya kesini penduduk ramah minjami sandal wudlu,1,positive,2
MAKAM SYAIKHONA KHOLIL BANGKALAN,5,alhamdulilah kesempatan ziarah syajkhona kholil bangkalan bareng temanteman bengkel semoga istiqomah,1,positive,1
MAKAM SYAIKHONA KHOLIL BANGKALAN,5,menyenangkan perjalanan melewati jembatan suramadu parkir luas ciri khas makanan sate ayam identik kaos peralatan pisaudll,1,positive,1
MAKAM SYAIKHONA KHOLIL BANGKALAN,5,alhamdulilah saget dugi mriki sareng keluarga,1,positive,-1
MAKAM SYAIKHONA KHOLIL BANGKALAN,5,nyaman aman tentram smg berkahnya mbah kholil,1,positive,1
MAKAM SYAIKHONA KHOLIL BANGKALAN,5,smoga smua barokahnya beliau,1,positive,1
MAKAM SYAIKHONA KHOLIL BANGKALAN,5,menyenangkan,1,positive,-1
MAKAM SYAIKHONA KHOLIL BANGKALAN,5,tempatnya bagus luas,1,positive,11
MAKAM SYAIKHONA KHOLIL BANGKALAN,5,insya allah,1,positive,1
MAKAM SYAIKHONA KHOLIL BANGKALAN,5,bagus,1,positive,4
MAKAM SYAIKHONA KHOLIL BANGKALAN,5,alhamdulilah berziarah kesini masjid indah,1,positive,1
MAKAM SYAIKHONA KHOLIL BANGKALAN,5,alhamdulilah,1,positive,14
MAKAM SYAIKHONA KHOLIL BANGKALAN,5,nyaman menyenangkan,1,positive,0
MAKAM SYAIKHONA KHOLIL BANGKALAN,5,semoga hadir ber jiarah,1,positive,1
MAKAM SYAIKHONA KHOLIL BANGKALAN,5,menyejukkan suasana hati,1,positive,16
MAKAM SYAIKHONA KHOLIL BANGKALAN,5,bagus untukziaroh waliyullah,1,positive,1
MAKAM SYAIKHONA KHOLIL BANGKALAN,5,parkir bus jorok gundukan sampah mengganggu,1,negative,5
MAKAM SYAIKHONA KHOLIL BANGKALAN,5,makan tokoh perjalanan islam nusantara tercinta recommended,1,positive,1
MAKAM SYAIKHONA KHOLIL BANGKALAN,5,alhamdulilah ziarah makam mbah kholil bangkalan madura lokasi makam berdekatan pengimaman masjid samping masjidnya adem ancles wudlu mandi luas bersih,1,positive,1
MAKAM SYAIKHONA KHOLIL BANGKALAN,5,hey kidz salah makam wali bertemu cucunya mbah kholis pas mondok,1,positive,1
MAKAM SYAIKHONA KHOLIL BANGKALAN,5,ya allah mudahkan silahturahmi syaikhona kholil semoga mudahkan rezeki biaya perjalannya amin yaa rabbalaalamiin,1,positive,1
MAKAM SYAIKHONA KHOLIL BANGKALAN,5,setahun kesini bikin rindu,1,positive,-1
MAKAM SYAIKHONA KHOLIL BANGKALAN,5,alhamdulilah,1,positive,14
MAKAM SYAIKHONA KHOLIL BANGKALAN,5,berkah barokah,1,positive,1
MAKAM SYAIKHONA KHOLIL BANGKALAN,4,alhamdulilah ziarah kesinii lagi des smg th ziarah amin,1,positive,1
MAKAM SYAIKHONA KHOLIL BANGKALAN,5,bersyukur mendekatkan sang khaliq,1,positive,1
MAKAM SYAIKHONA KHOLIL BANGKALAN,5,mengunjungi situs muslim,1,positive,-1
MAKAM SYAIKHONA KHOLIL BANGKALAN,5,masyaa allah masjidnya bagus,1,positive,1
MAKAM SYAIKHONA KHOLIL BANGKALAN,5,bersih nyaman megah,1,positive,0
MAKAM SYAIKHONA KHOLIL BANGKALAN,5,alhamdulilah di hidayah untuk ziarah k makam beliau pas di malam jumat semoga keberkahan dapatkan,1,positive,1
MAKAM SYAIKHONA KHOLIL BANGKALAN,4,makam salah tokoh ulama terpandang pulau madura makamnya bangunan masjid,1,positive,1
MAKAM SYAIKHONA KHOLIL BANGKALAN,5,khusus muslimin muslimah yang suka ziarah makam waliyulloh,1,positive,1
MAKAM SYAIKHONA KHOLIL BANGKALAN,5,bismillahirrahmanirrahim suasana sejuk lingkungan masjid makam rekomendasi ibadah religi semoga karomah beliau amin,1,positive,1
MAKAM SYAIKHONA KHOLIL BANGKALAN,5,salah dikunjungi wisata religi,1,positive,-1
MAKAM SYAIKHONA KHOLIL BANGKALAN,5,alhamdulilah ziarah makam mbah kholil semoga masjidnya terawat dijaga kebersihan nya lampu menyala terang semoga mampir,1,positive,1
MAKAM SYAIKHONA KHOLIL BANGKALAN,5,mantap keren,1,positive,8
MAKAM SYAIKHONA KHOLIL BANGKALAN,5,ziarah,1,positive,-1
MAKAM SYAIKHONA KHOLIL BANGKALAN,5,ppnurul qodiri lampung ziarah wali songo makam mbh kholil bangkalan mugio berkahamin,1,positive,1
MAKAM SYAIKHONA KHOLIL BANGKALAN,5,ya allah berkahilah junjungan muhammad,1,positive,1
MAKAM SYAIKHONA KHOLIL BANGKALAN,5,alhamdulilah sabtu subuh parkiran bersih bersih jamaah subuh ziarah,1,positive,1
MAKAM SYAIKHONA KHOLIL BANGKALAN,5,area makam masjid bersih nyaman berkunjung musim ziarah longgar berdesakan area parkir luas letak diseberang jalan area makam mobil pribadi kendarran motor area makam masjid penjual disekitar parkiran kendaraan,1,positive,1
MAKAM SYAIKHONA KHOLIL BANGKALAN,5,ramai pengunjung lokasi luas parkir luas,1,positive,15
MAKAM SYAIKHONA KHOLIL BANGKALAN,5,bilbarokah masayikh,1,positive,1
MAKAM SYAIKHONA KHOLIL BANGKALAN,5,salah destinasi religi yang wajib kunjungi,1,positive,3
MAKAM SYAIKHONA KHOLIL BANGKALAN,5,alhamdulillahirobbilalamin barakallah bersilaturahim ziarah makam syaikhona mbah kholil bangkalan keluarga wushu wanoro seto cab jember,1,positive,1
MAKAM SYAIKHONA KHOLIL BANGKALAN,5,lokasi nyaman,1,positive,-1
MAKAM SYAIKHONA KHOLIL BANGKALAN,5,alhamdulilah oktober sekeluarga berziarah semoga keberkahan amin tempatnya bagus nyaman parkir mobilnya murahhhhhhh hehe,1,positive,1
MAKAM SYAIKHONA KHOLIL BANGKALAN,5,ziarah mendoakan syaihona kholil bangkalan,1,positive,1
MAKAM SYAIKHONA KHOLIL BANGKALAN,5,bagus,1,positive,4
MAKAM SYAIKHONA KHOLIL BANGKALAN,5,bagus dari parkiran,1,positive,0
MAKAM SYAIKHONA KHOLIL BANGKALAN,5,maqom waliyuloh ulama kharismatik madura lingkungan masjidparkiran luasarsitektur masjid yang modern klasik,1,positive,1
MAKAM SYAIKHONA KHOLIL BANGKALAN,5,mencari inspirasi ilahi robbi,1,positive,1
MAKAM SYAIKHONA KHOLIL BANGKALAN,5,tenang hati,1,positive,16
MAKAM SYAIKHONA KHOLIL BANGKALAN,5,semoga yang pasang atm lokasi biar blanja dadakan mudah,1,positive,-1
MAKAM SYAIKHONA KHOLIL BANGKALAN,5,fatabarokallah,1,positive,-1
MAKAM SYAIKHONA KHOLIL BANGKALAN,5,masjidnya bagus,1,positive,1
MAKAM SYAIKHONA KHOLIL BANGKALAN,4,bagus toilet cewek wudhu berbayar wkwk kali dikasih tulisan saja mandi wudhu biar,1,positive,1
MAKAM SYAIKHONA KHOLIL BANGKALAN,5,kisah mbah kholil bangkalan ilmu laduni mbah kholil bangkalan muda semangatsemangatnya mengaji menuntut ilmu mendengar kiai alim daerah winongan pasuruan kiai abu dzarrin namanya menunggu langsung pasuruan berguru sang kiai peduli menempuh jarak membutuhkan berharihari sesampainya winongan disambut kabar buruk kiai abu dzarrin wafat kedatangannya mbah kholil muda menangis hancur harapannya menimba ilmu kiai abu dzarrin berziarah makam beliau mengucap salam lantas kiai berguru kiai kiai meninggal mbah kholil duduk makam kiai abu dzarrin membaca alquran bertawassul calon gurunya berkat ketulusan keikhlasannya beliau tertidur bermimpi mimpinya bertemu sosok lelaki berjubah putih mengenalkan kiai abu dzarrin mimpi beliau mengajari kiai kholil kitab fan nahwu ajaibnya bangun maklumatmaklumat dengar alam mimpi melekat ingatannya konon kitab diajarkan kiai abu dzarrin mimpi kiai kholil jurumiah alfiah imrithy kejadian tercatat makam syaikh abu dzarrin kain kelambu makamnya tertulis makam syaikh abu dzarrin waliyullah ilmu ladunni syaikhuna kholil bin abdullathif demangan bangkalan waliyullah beritikaf tiba kakak wahhabi nyeletuk ah syaikh buty mbah kholil ulama barubaru ulamaulama salaf tidak berdoa kuburan bidah syirik sak ulamaulamakmu salaf dibanding imam syafii buka tarikh baghdad juz halaman situ tercatat pengakuan imam syafii ngalap berkah imam hanafi berziarah makamnya memiliki hajat sholat rakaat lantas makam imam hanafi berdoa allah disana berselang hajat dimudahkan allah subhanahu whatsapp taala mari bertawassul barokah mbah kholil syaikh buty syaikh abu dzarrin ibnu athoillah poro ulama lainnyasemoga hajathajat dimudahkan allah subhanahu whatsapp taala,1,positive,1
MAKAM SYAIKHONA KHOLIL BANGKALAN,5,ibadah ziarah terbaik,1,positive,-1
MAKAM SYAIKHONA KHOLIL BANGKALAN,5,arsitektur masjidnya keren sekali,1,positive,1
MAKAM SYAIKHONA KHOLIL BANGKALAN,5,alhamdullilahbisa zaroh sinihanya kehendak allah taala,1,positive,1
MAKAM SYAIKHONA KHOLIL BANGKALAN,5,alhamdulilah,1,positive,14
MAKAM SYAIKHONA KHOLIL BANGKALAN,4,binatang,1,positive,0
MAKAM SYAIKHONA KHOLIL BANGKALAN,2,kesini tidak pakai baju masjid bikin takut kamar mandi samping masjid airnya kotor pintu tidak kunci,0,negative,1
MAKAM SYAIKHONA KHOLIL BANGKALAN,5,luas nya semoga berziaroh lagi makam syaikhona kholil bangkalan,1,positive,1
MAKAM SYAIKHONA KHOLIL BANGKALAN,5,masyaallah barakallah subhanallah allah akbar subhanallah melewati jembatan suramadu barakallahpuas luas masjidnya arsitekturnya istimiwir bagus,1,positive,1
MAKAM SYAIKHONA KHOLIL BANGKALAN,5,alhamdulilah berziarah pesarean syaikhona kholil bangkalan saran parkir wudhu solat dab mukenah memadai tolong petugas khusus kebersihan area parkir yang siaga sampah berserakan bau air yang hawatir najis baju terkena kamar mandi khusus wanita licin bau bsa petugas wanita khusus yang tinggal sunan ampel pengunjung nyaman tidak was terkena najis mhoon maaf perkataan yang berkenan sy terimakasih,1,positive,1
MAKAM SYAIKHONA KHOLIL BANGKALAN,5,pelaku penziarah syaikhona kholil dikunjungi akhir pekan larangan kamu berziarah beda pengunjung membludak pengkondisian,1,positive,1
MAKAM SYAIKHONA KHOLIL BANGKALAN,5,makam syaikhona kholil bangkalan madura,1,positive,1
MAKAM SYAIKHONA KHOLIL BANGKALAN,5,ziarah makam masjid nya yang bersih nuansa yang religi parkiran yang luas lapar minum sdh tersedia area makan yang pilihannya,1,positive,1
MAKAM SYAIKHONA KHOLIL BANGKALAN,5,agenda rutin semoga kesini ziarah,1,positive,1
MAKAM SYAIKHONA KHOLIL BANGKALAN,5,sayang,1,positive,-1
MAKAM SYAIKHONA KHOLIL BANGKALAN,5,makam salah wali tanah madura,1,positive,1
MAKAM SYAIKHONA KHOLIL BANGKALAN,5,bsok ziarah tidak,1,positive,0
MAKAM SYAIKHONA KHOLIL BANGKALAN,5,syahdu,1,positive,8
MAKAM SYAIKHONA KHOLIL BANGKALAN,5,rame paling kalau liburan alhamdulilah sudah kalinya kesini,1,positive,-1
MAKAM SYAIKHONA KHOLIL BANGKALAN,5,ramai,1,positive,13
MAKAM SYAIKHONA KHOLIL BANGKALAN,5,menyenangkan berkesan,1,positive,-1
MAKAM SYAIKHONA KHOLIL BANGKALAN,4,indah nyaman pusat makanan barang harga pas dikantong,1,positive,15
MAKAM SYAIKHONA KHOLIL BANGKALAN,5,wisata religi yang menyejukan hati,1,positive,3
MAKAM SYAIKHONA KHOLIL BANGKALAN,5,lahan parkir mobil di arahkan parkirkrn sdh parkir di sruhbpenjual pindah jauhan takut tertutup dagangannya,1,negative,2
MAKAM SYAIKHONA KHOLIL BANGKALAN,5,bersyukur,1,positive,-1
MAKAM SYAIKHONA KHOLIL BANGKALAN,5,jasa pwmbuatan software custom jogja,1,positive,-1
MAKAM SYAIKHONA KHOLIL BANGKALAN,5,parkir luas deket makamjadi tidak,1,positive,15
MAKAM SYAIKHONA KHOLIL BANGKALAN,5,masyaallah bersih,1,positive,-1
MAKAM SYAIKHONA KHOLIL BANGKALAN,5,sate asli madura,1,positive,3
MAKAM SYAIKHONA KHOLIL BANGKALAN,4,cikal berdirinya nu,1,positive,-1
MAKAM SYAIKHONA KHOLIL BANGKALAN,5,alhamdulilah bersih nyaman,1,positive,0
MAKAM SYAIKHONA KHOLIL BANGKALAN,4,khusus kamar mandi butuh rajin petugasnya,1,positive,-1
MAKAM SYAIKHONA KHOLIL BANGKALAN,5,melayani,1,positive,0
MAKAM SYAIKHONA KHOLIL BANGKALAN,5,kesana,1,positive,-1
MAKAM SYAIKHONA KHOLIL BANGKALAN,5,rindukan,1,positive,0
MAKAM SYAIKHONA KHOLIL BANGKALAN,5,syaikhona kholil lahir selasa maret m jumadil h,1,positive,1
MAKAM SYAIKHONA KHOLIL BANGKALAN,5,nyaman aman,1,positive,0
MAKAM SYAIKHONA KHOLIL BANGKALAN,5,makam tokoh ulama tokoh agama terkenal pengunjung makam padat mengantri berjubel alhamdulilah lokasi berkumandang adzan ashar berjamaah berburu shof terdepan alhamdulilah kesempatan menunaikan sholat ashar siswa guru berdoa makam dipimpin mbah modin,1,positive,1
MAKAM SYAIKHONA KHOLIL BANGKALAN,5,mari berziarah,1,positive,1
MAKAM SYAIKHONA KHOLIL BANGKALAN,4,lumayan ramai berkunjung minggu yang,1,positive,-1
MAKAM SYAIKHONA KHOLIL BANGKALAN,5,smoga ziarah makam bapak yai syaikhona kholil bangkalan amiiiiin,1,positive,1
MAKAM SYAIKHONA KHOLIL BANGKALAN,5,wisata religi islam,1,positive,3
MAKAM SYAIKHONA KHOLIL BANGKALAN,5,sudah kali kesini,1,positive,-1
MAKAM SYAIKHONA KHOLIL BANGKALAN,5,ziarah nyaman,1,positive,0
MAKAM SYAIKHONA KHOLIL BANGKALAN,5,barokallah,1,positive,-1
MAKAM SYAIKHONA KHOLIL BANGKALAN,5,makam masjid ramai pengunjung,1,positive,1
MAKAM SYAIKHONA KHOLIL BANGKALAN,5,subhanallah barokah,1,positive,-1
MAKAM SYAIKHONA KHOLIL BANGKALAN,4,makam yang orang berkunjung ziarah wali pengunjungnya,1,positive,1
MAKAM SYAIKHONA KHOLIL BANGKALAN,5,kunjungan pondok pesantren gubuk al munir sememu pasirian,1,positive,1
MAKAM SYAIKHONA KHOLIL BANGKALAN,5,masjidnya pinggir jalan rayatempat parkirnya luas pedanganya,1,positive,1
MAKAM SYAIKHONA KHOLIL BANGKALAN,5,wisata religi ulama nusantara guru nya ulama nusantara ramai peziarah,1,positive,1
MAKAM SYAIKHONA KHOLIL BANGKALAN,5,menyenangkan,1,positive,-1
MAKAM SYAIKHONA KHOLIL BANGKALAN,4,yang penuh barokah tersedia boking istirahat rombongan,1,positive,-1
MAKAM SYAIKHONA KHOLIL BANGKALAN,5,ramai dikunjungi peziarah,1,positive,13
MAKAM SYAIKHONA KHOLIL BANGKALAN,5,bagus sekali,1,positive,0
MAKAM SYAIKHONA KHOLIL BANGKALAN,5,sidoarjo motor hati terpanggil sowan syaikhona kholil,1,positive,1
MAKAM SYAIKHONA KHOLIL BANGKALAN,5,alhamdulilah whatsapp syukru lillah semoga keberkahan syikhona kholil bangkalan allah memantaskan meraih keimanan ketaqwaan beliau aaamiiin yra,1,positive,1
MAKAM SYAIKHONA KHOLIL BANGKALAN,5,bersih luas nyaman,1,positive,0
MAKAM SYAIKHONA KHOLIL BANGKALAN,5,jam tempatnya ramaibanyak peziarah yang dtng silih berganti,1,positive,13
MAKAM SYAIKHONA KHOLIL BANGKALAN,5,alhamdulilah sekeluarga ziarah makam syekhona kholil bangkalan,1,positive,1
MAKAM SYAIKHONA KHOLIL BANGKALAN,5,nya sejuk masjid maqom langsung nyeessss adem ayem masyaallah pas langsung waaah panasnya disayangkan dari kebersihan semoga sadar buang sampah sembarangan berkah seperti,1,positive,1
MAKAM SYAIKHONA KHOLIL BANGKALAN,5,sebuah location of syaikhona kholil bangkalans grave adalah located di martajasah village bangkalan regency madura east java sheikh muhammad kholil bin abdul latif adalah often known sebagai syaikhona kholil atau sheikh kholil syaikhona kholil adalah an indonesian ulama teacher dan juga sebuah father of sebuah indonesian islamic boarding sekolah his siswa spread keluar dan established islamic boarding schools di various places,1,positive,1
MAKAM SYAIKHONA KHOLIL BANGKALAN,5,area masjid luas,1,positive,1
MAKAM SYAIKHONA KHOLIL BANGKALAN,5,wisata religi,1,positive,3
MAKAM SYAIKHONA KHOLIL BANGKALAN,4,semoga hidayah karomah pulang resepsi mampir mendoakan sesepuh makam syaikhona kholil kesini,1,positive,1
MAKAM SYAIKHONA KHOLIL BANGKALAN,5,makam terletak bangkalan madura ramai sepi penjual malampun jual ramai peziarah sekali kesini pas cuma pas sepii pokoknya bagus hati terpisah dengan rombongan,1,positive,1
MAKAM SYAIKHONA KHOLIL BANGKALAN,5,bagus,1,positive,4
MAKAM SYAIKHONA KHOLIL BANGKALAN,5,wisata religi kabupaten bangkalan,1,positive,3
MAKAM SYAIKHONA KHOLIL BANGKALAN,4,kali ziaroh madura,1,positive,3
MAKAM SYAIKHONA KHOLIL BANGKALAN,4,bagus parkir luas nyaman masjidnya luas bagus bingung kamar mandi perempuan bayar wudhu kamar mandi laki tidak ada yasudah gapapa worth it,1,positive,1
MAKAM SYAIKHONA KHOLIL BANGKALAN,5,semoga berkah barokah amin,1,positive,1
MAKAM SYAIKHONA KHOLIL BANGKALAN,5,religi,1,positive,0
MAKAM SYAIKHONA KHOLIL BANGKALAN,5,ramai peziarah masjidnya inetriornya bagus wudhu pria wanita dipisah parkirnya luas,1,positive,1
MAKAM SYAIKHONA KHOLIL BANGKALAN,5,wisata religi bikin adem hati,1,positive,3
MAKAM SYAIKHONA KHOLIL BANGKALAN,4,tinggal nyebrang via suramadu,1,positive,-1
MAKAM SYAIKHONA KHOLIL BANGKALAN,5,semoga kesini,1,positive,1
MAKAM SYAIKHONA KHOLIL BANGKALAN,4,kesini bos ziarah,1,positive,-1
MAKAM SYAIKHONA KHOLIL BANGKALAN,5,bismillah,1,positive,1
MAKAM SYAIKHONA KHOLIL BANGKALAN,5,bismillah,1,positive,1
MAKAM SYAIKHONA KHOLIL BANGKALAN,2,insya allah,0,positive,1
MAKAM SYAIKHONA KHOLIL BANGKALAN,5,peziarah ramai suasana adem,1,positive,13
MAKAM SYAIKHONA KHOLIL BANGKALAN,5,luas sekali tempatnya strategis,1,positive,11
MAKAM SYAIKHONA KHOLIL BANGKALAN,5,ziaroh,1,positive,-1
MAKAM SYAIKHONA KHOLIL BANGKALAN,5,mayuh nylase tretan,1,positive,-1
MAKAM SYAIKHONA KHOLIL BANGKALAN,5,masyaallah takjub pesona makam syekh kholil masjidnya madura pedagangnya ramaiingin kesana suami,1,positive,1
MAKAM SYAIKHONA KHOLIL BANGKALAN,5,tempatnya nyaman parkir luas air wudhu bersih,1,positive,15
MAKAM SYAIKHONA KHOLIL BANGKALAN,5,alhamdulilah masjidnya disertai arsitektur indah kamar mandinya bersih nyaman melaksanakan shalat berziarah makam syaikhona pengunjungnya ramai berziarah,1,positive,1
MAKAM SYAIKHONA KHOLIL BANGKALAN,5,kali kesini mts itupun nekad alhamdulilah ketenangan masjid fenomenal peziarah parkiran luas fasilitas memadai,1,positive,1
MAKAM SYAIKHONA KHOLIL BANGKALAN,2,luas parkir pkl tertata rapi jalan berlubang,0,negative,5
MAKAM SYAIKHONA KHOLIL BANGKALAN,5,wajib dikunjungi masyarakat madura,1,positive,3
MAKAM SYAIKHONA KHOLIL BANGKALAN,5,bagus rapi bersihaman nyamancocok beribadah,1,positive,15
MAKAM SYAIKHONA KHOLIL BANGKALAN,5,tempatnya nyaman masjidnya bagus top peziarah nusantara,1,positive,1
MAKAM SYAIKHONA KHOLIL BANGKALAN,5,bagus,1,positive,4
MAKAM SYAIKHONA KHOLIL BANGKALAN,5,parkir luas toilet bersih pedagang khusunya kuliner khas madura,1,positive,1
MAKAM SYAIKHONA KHOLIL BANGKALAN,5,alhamdulilah malam ramadan kesini,1,positive,1
MAKAM SYAIKHONA KHOLIL BANGKALAN,5,rutinan tahunan sekaligusmampir sinjay,1,positive,-1
MAKAM SYAIKHONA KHOLIL BANGKALAN,5,ibadah umat muslim,1,positive,-1
MAKAM SYAIKHONA KHOLIL BANGKALAN,5,apapun terima kasih tuhan,1,positive,1
MAKAM SYAIKHONA KHOLIL BANGKALAN,5,alhamdulilah ziarah bangkalan maqbaroh syaikhona kholil bangkalan,1,positive,1
MAKAM SYAIKHONA KHOLIL BANGKALAN,5,bagus,1,positive,4
MAKAM SYAIKHONA KHOLIL BANGKALAN,2,cocok,0,positive,0
MAKAM SYAIKHONA KHOLIL BANGKALAN,5,ziyarah makam seh onah hotel,1,positive,1
MAKAM SYAIKHONA KHOLIL BANGKALAN,5,rameee,1,positive,10
MAKAM SYAIKHONA KHOLIL BANGKALAN,5,tempatnya megah luas parkir kendaraan roda roda terpisah nyaman susah masuk tarif parkir standar wisata religi bersejarah kabupaten bangkalan tempatnya jalan raya sulit menemukan lokasinya favorit wilayah madura wisata religi pasar mavam disediakan khas madura,1,positive,1
MAKAM SYAIKHONA KHOLIL BANGKALAN,5,alhamdulilah diberikah kemudahan kesini kali november kesini januari bersamaan hadir haul malang semoga barokah wali allah amin,1,positive,1
MAKAM SYAIKHONA KHOLIL BANGKALAN,5,makam syaikhona kholil bangkalan,1,positive,1
MAKAM SYAIKHONA KHOLIL BANGKALAN,5,tempatnya luas terminal bus makam,1,positive,-1
MAKAM SYAIKHONA KHOLIL BANGKALAN,4,parkiran luas sekali,1,positive,-1
MAKAM SYAIKHONA KHOLIL BANGKALAN,5,ngalap barokah syaikhona kholil bangkalan,1,positive,1
MAKAM SYAIKHONA KHOLIL BANGKALAN,5,ziarah,1,positive,-1
MAKAM SYAIKHONA KHOLIL BANGKALAN,5,kunjungan peziarah sangar banyakdan semoga doa barokahamiin,1,positive,1
MAKAM SYAIKHONA KHOLIL BANGKALAN,5,suana teduh banyak peziarah dari berbagi kota yang dtg,1,positive,13
MAKAM SYAIKHONA KHOLIL BANGKALAN,5,allah akbar,1,positive,1
MAKAM SYAIKHONA KHOLIL BANGKALAN,5,butuh energi kesini rekomendasi,1,positive,0
MAKAM SYAIKHONA KHOLIL BANGKALAN,5,nyaman berdoa dalam masjidnya,1,positive,1
MAKAM SYAIKHONA KHOLIL BANGKALAN,5,masya allah masjid nya penuh bertepatan rajab libur nasional,1,positive,1
MAKAM SYAIKHONA KHOLIL BANGKALAN,5,jiarah,1,positive,-1
MAKAM SYAIKHONA KHOLIL BANGKALAN,5,alhamdulilah sowan,1,positive,14
MAKAM SYAIKHONA KHOLIL BANGKALAN,3,masyallah ta barakallah dipertemukan ziarah mbah kolil masjid nya bagus sekali interiornya sampai kagum sayang wudhu toilet kotor padahal dirawat dibersihkan baiksemoga kebersihan ditingkatkan ya,0,positive,1
MAKAM SYAIKHONA KHOLIL BANGKALAN,5,semoga berkah umur n rizkiq,1,positive,1
MAKAM SYAIKHONA KHOLIL BANGKALAN,5,tpq asholah bagus,1,positive,0
MAKAM SYAIKHONA KHOLIL BANGKALAN,4,mbah kholil bangkalan,1,positive,1
MAKAM SYAIKHONA KHOLIL BANGKALAN,5,ngalap barokah semoga akui santri syaikhona amin,1,positive,1
MAKAM SYAIKHONA KHOLIL BANGKALAN,5,spesial,1,positive,0
MAKAM SYAIKHONA KHOLIL BANGKALAN,5,makam ulama mahaguru kyai nusantara abad,1,positive,1
MAKAM SYAIKHONA KHOLIL BANGKALAN,4,mantap bebas pengemis yang meresahkan pengunjung,1,positive,5
MAKAM SYAIKHONA KHOLIL BANGKALAN,5,nyaman,1,positive,-1
MAKAM SYAIKHONA KHOLIL BANGKALAN,5,alhamdulilah silaturrahmi berziarah,1,positive,1
MAKAM SYAIKHONA KHOLIL BANGKALAN,5,ziarah ramai,1,positive,13
MAKAM SYAIKHONA KHOLIL BANGKALAN,1,alhamdulilah kemarin minggu kali kesini alangkah disayangkan wudhu wanita yang terawat berbayar penjaganya sopan menagih uang berteriak mencuri pengelola mohon dibenahi peringatan oknum nyaman jamaah yang berziarah,0,negative,-1
MAKAM SYAIKHONA KHOLIL BANGKALAN,5,adem suasana sejuk lokasi bersih petugas ramah sempurna peziarah,1,positive,-1
MAKAM SYAIKHONA KHOLIL BANGKALAN,5,muhammad kholil dipanggil kiai kholil bangkalan hidup beliau menuliskan kitab almatn asysyarf al silh f bayn alnikh sadah addraini fi asshalti ala annabiyyi ats tsaqolaini karya,1,positive,1
MAKAM SYAIKHONA KHOLIL BANGKALAN,5,ramai peziarah indonesia,1,positive,13
MAKAM SYAIKHONA KHOLIL BANGKALAN,4,orang ziarah rame fasilitas tersedia toilet kamar mandi do,1,positive,15
MAKAM SYAIKHONA KHOLIL BANGKALAN,5,makam waliyullah syaikhona kholil yang penuh barokah rame peziarah masjidnya bagus wudhu khusus pria wanita parkiran juga luas,1,positive,1
MAKAM SYAIKHONA KHOLIL BANGKALAN,5,bikin hati adem ayem,1,positive,16
MAKAM SYAIKHONA KHOLIL BANGKALAN,5,semoga tawassul ijabah allah swt,1,positive,1
MAKAM SYAIKHONA KHOLIL BANGKALAN,5,allah akbar,1,positive,1
MAKAM SYAIKHONA KHOLIL BANGKALAN,5,semoga barokahnya amin,1,positive,1
MAKAM SYAIKHONA KHOLIL BANGKALAN,5,alhamdulilah berziarah wisata religi,1,positive,1
MAKAM SYAIKHONA KHOLIL BANGKALAN,5,semoga mengalir barokahnya,1,positive,1
MAKAM SYAIKHONA KHOLIL BANGKALAN,5,sungguh indah penuh berkah,1,positive,12
MAKAM SYAIKHONA KHOLIL BANGKALAN,5,tenang,1,positive,16
MAKAM SYAIKHONA KHOLIL BANGKALAN,3,seru,0,positive,-1
MAKAM SYAIKHONA KHOLIL BANGKALAN,5,jamaah yasin tahlil desa ledok sambong blora,1,positive,1
MAKAM SYAIKHONA KHOLIL BANGKALAN,5,yang menenangkan,1,positive,-1
MAKAM SYAIKHONA KHOLIL BANGKALAN,5,ziarah,1,positive,-1
MAKAM SYAIKHONA KHOLIL BANGKALAN,4,yang ramai peziarah,1,positive,13
MAKAM SYAIKHONA KHOLIL BANGKALAN,5,membatasi,1,positive,0
MAKAM SYAIKHONA KHOLIL BANGKALAN,5,bismillahirrahmanirrahim,1,positive,1
MAKAM SYAIKHONA KHOLIL BANGKALAN,5,bagus tenang,1,positive,0
MAKAM SYAIKHONA KHOLIL BANGKALAN,4,smoga berkesempatan sowan kesana,1,positive,1
MAKAM SYAIKHONA KHOLIL BANGKALAN,5,al fatihah alhamdulillahsudah kali berziarah makam,1,positive,1
MAKAM SYAIKHONA KHOLIL BANGKALAN,5,alhamdulilah menyempatkan ziarah makam syech kholil bangkalan,1,positive,1
MAKAM SYAIKHONA KHOLIL BANGKALAN,5,masjid makam syaikhona kholil bangkalan alaalim alallaamah asysyekh alhaajji muhammad kholil bin abdul lathif albangkalani almaduri aljawi asysyafii dikenal nama syaikhona kholil syekh kholil lahir kemayoran bangkalan bangkalan masehi shofar hijriyah wafat martajasah bangkalan bangkalan masehi ulama kharismatik pulau madura provinsi jawa timur indonesia masyarakat santri syaikhona kholil dikenal waliyullah cerita wali songo cerita kelebihan akal karamah syekh kholil terkisah lisan lisan lingkungan masyarakat madura siswa beliau ulama kh hasyim asyari pendiri nahdlatul ulama pondok pesantren tebuireng jombang kh bisri mustofa pendiri pondok pesantren raudlatut thalibin rembang kh manaf abdul karim pendiri pondok pesantren lirboyo kediri siswa beliau,1,positive,1
MAKAM SYAIKHONA KHOLIL BANGKALAN,5,salah wisata religi terbaik bebas pengemis deket parkiran bus,1,positive,3
MAKAM SYAIKHONA KHOLIL BANGKALAN,5,mencari berkah jalan wasilah mbah kholili bangkalan tersedia kamar mandi toilet makan tersedia menu parkir bus luas kerajinan pisau murah meriah,1,positive,1
MAKAM SYAIKHONA KHOLIL BANGKALAN,5,religi,1,positive,0
MAKAM SYAIKHONA KHOLIL BANGKALAN,5,cocok referrnsi jamaah ziarah wali allah ulama terkenal madura lokasi tersedia suasana asri parkiran luas jenis kendaraan peziarah,1,positive,1
MAKAM SYAIKHONA KHOLIL BANGKALAN,5,makam waliallah yang,1,positive,1
MAKAM SYAIKHONA KHOLIL BANGKALAN,5,bagus,1,positive,4
MAKAM SYAIKHONA KHOLIL BANGKALAN,5,alhamdulilah mampir kesini,1,positive,1
MAKAM SYAIKHONA KHOLIL BANGKALAN,5,nyaman,1,positive,-1
MAKAM SYAIKHONA KHOLIL BANGKALAN,1,smoga barokah x amin,0,positive,1
MAKAM SYAIKHONA KHOLIL BANGKALAN,5,parkir tempatnya,1,negative,0
MAKAM SYAIKHONA KHOLIL BANGKALAN,2,kesana sepeda motor kaget sekali byr parkir ribu coiii ngalahin parkir mall sudah gitu tidak karcistanda bukti tetap uang parkirnya ditilep tidak masuk pemda gunanya bayar parkir berlangganan,0,negative,2
MAKAM SYAIKHONA KHOLIL BANGKALAN,5,alhamdulilah,1,positive,14
MAKAM SYAIKHONA KHOLIL BANGKALAN,5,wisatareligi,1,positive,3
MAKAM SYAIKHONA KHOLIL BANGKALAN,5,lokasi strategis penuh berkah anugerah berziarah niat madad beliau syaikh kholil bangkalan,1,positive,1
MAKAM SYAIKHONA KHOLIL BANGKALAN,5,wisata religi,1,positive,3
MAKAM SYAIKHONA KHOLIL BANGKALAN,1,ziarah ngambil wudhu dikenakan tarifbukan rb peraknya si wudhu yang priabagusposisi terbuka berbayar wudhu wanita layak karena disatukan toilet toilet kotorbaudan kran wudhu yang berfungsi antri bgddi jaga orang orang penjaga yang teriak jangan lupa bayar rb rb sampai tidak oercayanya sampai tnyawudhu doang bayar kakak jawabannya iya juga bayar kakak kenapa dibedakan bgtu wudhu pria wanitasangat rocomend,0,negative,2
MAKAM SYAIKHONA KHOLIL BANGKALAN,5,bagus,1,positive,4
MAKAM SYAIKHONA KHOLIL BANGKALAN,5,keren sudah gede nya bagus sekali,1,positive,0
MAKAM SYAIKHONA KHOLIL BANGKALAN,5,wisata religi ponpes uniq al ikromiyyah makam syeikhina mbah kholil bangkalan madura,1,positive,1
MAKAM SYAIKHONA KHOLIL BANGKALAN,5,tempatnya nyamantempat wudhu bagusparkiran luas,1,positive,15
MAKAM SYAIKHONA KHOLIL BANGKALAN,5,masya allah,1,positive,-1
MAKAM SYAIKHONA KHOLIL BANGKALAN,5,tenang damai,1,positive,16
MAKAM SYAIKHONA KHOLIL BANGKALAN,5,masyarakatnya ramah,1,positive,-1
MAKAM SYAIKHONA KHOLIL BANGKALAN,5,tujuan salah wisata sejarah religi,1,positive,-1
MAKAM SYAIKHONA KHOLIL BANGKALAN,5,bersejarah,1,positive,-1
MAKAM SYAIKHONA KHOLIL BANGKALAN,5,masyaallah indah sejuk ramah lingkungan,1,positive,1
MAKAM SYAIKHONA KHOLIL BANGKALAN,5,alhamdulilah,1,positive,14
MAKAM SYAIKHONA KHOLIL BANGKALAN,5,ramai peziaroh,1,positive,13
MAKAM SYAIKHONA KHOLIL BANGKALAN,5,sempurna,1,positive,-1
MAKAM SYAIKHONA KHOLIL BANGKALAN,5,sejukkhusyuk,1,positive,-1
MAKAM SYAIKHONA KHOLIL BANGKALAN,5,ziarah sebelum pugar,1,positive,-1
MAKAM SYAIKHONA KHOLIL BANGKALAN,5,ruame polllll pas acara kliatan e lengkap fasilitas parkir toilet kamar mandi dsb suasana sakral makam syaikhona kholil ingin meningkatkan kapasitas spiritual,1,positive,1
MAKAM SYAIKHONA KHOLIL BANGKALAN,4,berkunjung dilaksanakan sore malam pagi siang panas arena parkirnya nyaman keliling mencari suvenir parkir kendaraan mestinya petugas mengaturmengarahkan kendaraan tertata rapi sopir mencaricari parkirnya gratis,1,positive,-1
MAKAM SYAIKHONA KHOLIL BANGKALAN,4,mantap,1,positive,8
MAKAM SYAIKHONA KHOLIL BANGKALAN,4,alhamdulilah,1,positive,14
MAKAM SYAIKHONA KHOLIL BANGKALAN,5,makam wali allah,1,positive,1
MAKAM SYAIKHONA KHOLIL BANGKALAN,5,alhamdulilah pertemuan yang masya allah,1,positive,1
MAKAM SYAIKHONA KHOLIL BANGKALAN,5,kangen ziarah kesana yang september rombongan anak lelaki sowan makam mbah kholil bangkalan jujur sungguh bahagia dimana yang dari trenggalek batal syukur anak ajak biar tau patut bersyukur makam poro wali mbah kholil guru poro wali tanah jawa generasi wali songo jadi mudah mudahan sowan amiiin,1,positive,1
MAKAM SYAIKHONA KHOLIL BANGKALAN,5,recomended,1,positive,8
MAKAM SYAIKHONA KHOLIL BANGKALAN,4,semoga barokah beliau amin,1,positive,1
MAKAM SYAIKHONA KHOLIL BANGKALAN,5,tujuan ziarah ramai pengunjung pulau madura,1,positive,3
MAKAM SYAIKHONA KHOLIL BANGKALAN,5,bersih ramai pengunjung,1,positive,-1
MAKAM SYAIKHONA KHOLIL BANGKALAN,5,alhamdulilah saget berziarah,1,positive,1
MAKAM SYAIKHONA KHOLIL BANGKALAN,4,kalinya menginjakkan kaki pulau madura tujuan utamanya makam syaikhona kholil bangkalan disana jam pagi ramai berziarah makam salat masjid tiduran serambi masjid tempatnya luas masjidnya halamannya kesana rombongan bertemu salah keturunan mbah kholil beliau mengajak ziarah ditempat makam kerabat mbah kholil gurugurunya pengalaman menambah kesan tersendiri sekedar pesan pengelola memperhatikan kebersihan lingkungan area parkir sampah berserakan ditambah kurangnya sampah tersedia,1,positive,1
MAKAM SYAIKHONA KHOLIL BANGKALAN,5,semoga kebersihan tempatnya diperhatikan ditingkatkan,1,positive,-1
MAKAM SYAIKHONA KHOLIL BANGKALAN,5,syaikhona muhammad kholil ulama bangkalan madura jawa timur ulama berumur meninggal dunia ulama kharismatik memiliki ratusan siswa ulamaulama nadhatul ulama jawa madura,1,positive,1
MAKAM SYAIKHONA KHOLIL BANGKALAN,5,menakjubkan perjalanan membahagiakan kali melintasi suromadu wow sekali tanah madura ramah bersih makam syaikhona kholil bangkalan indah alhamdulilah semoga kesempatan kesehatan siniamin,1,positive,1
MAKAM SYAIKHONA KHOLIL BANGKALAN,5,ziarah dideket rmh mertua bareng keluarga,1,positive,1
MAKAM SYAIKHONA KHOLIL BANGKALAN,5,ibadah yang ramah penuh sejarah spiritual ulama ulama indonesia,1,positive,1
MAKAM SYAIKHONA KHOLIL BANGKALAN,4,ziaroh makam mbah cholil bangkalan madura,1,positive,1
MAKAM SYAIKHONA KHOLIL BANGKALAN,5,alhamdulilah kesempatan ziarah khatmil quran maqbarah gurunya wali semoga keberkahan,1,positive,1
MAKAM SYAIKHONA KHOLIL BANGKALAN,5,senang ziarah langsung istri,1,positive,1
MAKAM SYAIKHONA KHOLIL BANGKALAN,5,pengalaman religius mbah saikhonah kholil bangkalan madura,1,positive,1
MAKAM SYAIKHONA KHOLIL BANGKALAN,5,ziarah rutin tahunan dengan keluarga,1,positive,1
MAKAM SYAIKHONA KHOLIL BANGKALAN,5,ya tuhan alhamdulilah,1,positive,14
MAKAM SYAIKHONA KHOLIL BANGKALAN,4,masjidnya bagusbersih kotoransangat terawat,1,positive,1
MAKAM SYAIKHONA KHOLIL BANGKALAN,5,jati manusia,1,positive,0
MAKAM SYAIKHONA KHOLIL BANGKALAN,5,barokah makamnya aulia madura,1,positive,1
MAKAM SYAIKHONA KHOLIL BANGKALAN,5,mengherankan,1,positive,0
MAKAM SYAIKHONA KHOLIL BANGKALAN,5,indah dzohir batin,1,positive,1
MAKAM SYAIKHONA KHOLIL BANGKALAN,5,menyenangkan mendamaikan hati pusat,1,positive,16
MAKAM SYAIKHONA KHOLIL BANGKALAN,5,wisata religi pulau madura masjid lengkap kamar mandi pedagang kaki dagangan barang barang khas madura sabit pisau buah buahan makanan sate baju baju adat,1,positive,1
MAKAM SYAIKHONA KHOLIL BANGKALAN,5,ziarah makam syekhona kholil,1,positive,1
MAKAM SYAIKHONA KHOLIL BANGKALAN,5,alhamdulilah,1,positive,14
MAKAM SYAIKHONA KHOLIL BANGKALAN,5,berkah,1,positive,1
MAKAM SYAIKHONA KHOLIL BANGKALAN,5,alhamdulilah ziarah makam gurunya guru,1,positive,1
MAKAM SYAIKHONA KHOLIL BANGKALAN,5,insya allah,1,positive,1
MAKAM SYAIKHONA KHOLIL BANGKALAN,4,bersih sejuk,1,positive,0
MAKAM SYAIKHONA KHOLIL BANGKALAN,5,mencari barokah allah,1,positive,1
MAKAM SYAIKHONA KHOLIL BANGKALAN,5,masjid bersih nyaman,1,positive,-1
MAKAM SYAIKHONA KHOLIL BANGKALAN,4,rame haribiasa,1,positive,3
MAKAM SYAIKHONA KHOLIL BANGKALAN,4,pengelola disarankan toilet kawasan masjid makam dijaga dsan ditingkatkan kebersihannya dipungut biaya berbayar sediakan toilet kondisinya bersihdikawasan berbedasupaya peziarah nyaman suci,1,positive,1
MAKAM SYAIKHONA KHOLIL BANGKALAN,5,posisi makam area masjidjadi habis sholat langsung makammudahan penyakit n sakit yang qderita beserta keluarga lekas sembuh totalkembali sehat walafiataaamiiinnn,1,positive,1
MAKAM SYAIKHONA KHOLIL BANGKALAN,5,makam beliau komplek masjid ziarah shalat menikmati sate khas madura seberang jalan pusat semoga berkah waliyullah keberkahan kemudahan hidup dunia akhirat amin,1,positive,1
MAKAM SYAIKHONA KHOLIL BANGKALAN,5,makam salah wali allah dimadura,1,positive,1
MAKAM SYAIKHONA KHOLIL BANGKALAN,5,kamar mandi wudhu luas makam bersihparkiran mobil snagat luasharga makanan disajikan terjangkau,1,positive,15
MAKAM SYAIKHONA KHOLIL BANGKALAN,5,terbaik,1,positive,-1
MAKAM SYAIKHONA KHOLIL BANGKALAN,4,masjidnya bagus luas bersih bangunan megah nyaman kamar mandinya bersih semoga ditingkatkan peziarah nyaman,1,positive,1
MAKAM SYAIKHONA KHOLIL BANGKALAN,5,tempatnya nyaman peziarah,1,positive,-1
MAKAM SYAIKHONA KHOLIL BANGKALAN,5,masjid luas menampung peziarah sayangnya area parkiran tertata penjual terjaga kebersihan sampah sampah pengunjung,1,positive,1
MAKAM SYAIKHONA KHOLIL BANGKALAN,4,berkunjung bangkalan makan syekh kholil madura panas ya jatim skarng ramai banyak yang jualan kebersihan sdikit mningkat bnyak prubahan yang menarik air yang pnting krena banyak peziarah ya biar yang brkunjung lbih nyamn kuliner khas madura kynya harus di perkenalkan aku tidak tau maknn khas madura iya teman,1,positive,2
MAKAM SYAIKHONA KHOLIL BANGKALAN,5,tempatnya nyaman bersih halaman parkir luasrecomemded,1,positive,15
MAKAM SYAIKHONA KHOLIL BANGKALAN,5,adem sejuk parkiran luas,1,positive,-1
MAKAM SYAIKHONA KHOLIL BANGKALAN,5,semoga sowan maleh,1,positive,1
MAKAM SYAIKHONA KHOLIL BANGKALAN,5,bismillah semoga lancar makam syaikhona kholil bangkalan madura,1,positive,1
MAKAM SYAIKHONA KHOLIL BANGKALAN,5,indah ziarah ibadah disediakan transliteistirahat,1,positive,-1
MAKAM SYAIKHONA KHOLIL BANGKALAN,5,lapangan parkir nya luas warung rumah makan sekelilingnya penginapan membantu kota tuk ziarah syekh kholil bangkalan madura,1,positive,1
MAKAM SYAIKHONA KHOLIL BANGKALAN,5,alhamdulilah saget sowan mriki a great mosquen,1,positive,-1
MAKAM SYAIKHONA KHOLIL BANGKALAN,5,semoga ziaroh kesini secepatnya,1,positive,1
MAKAM SYAIKHONA KHOLIL BANGKALAN,5,ramai pengunjung orang berjualan,1,positive,-1
MAKAM SYAIKHONA KHOLIL BANGKALAN,4,wisata religi makam masjid sebrang masjid kawasan belanja oleholrh khas madura,1,positive,1
MAKAM SYAIKHONA KHOLIL BANGKALAN,5,ramai,1,positive,13
MAKAM SYAIKHONA KHOLIL BANGKALAN,5,tempatnya nyamanbersih mantap berziarah bertafakur,1,positive,1
MAKAM SYAIKHONA KHOLIL BANGKALAN,5,alhamdulilah,1,positive,14
MAKAM SYAIKHONA KHOLIL BANGKALAN,5,alhamdulilah bagus,1,positive,0
MAKAM SYAIKHONA KHOLIL BANGKALAN,5,warga ngembal rejo kudus jawa,1,positive,1
MAKAM SYAIKHONA KHOLIL BANGKALAN,5,masyallah tabarrakallah wisata masjid makan syaikona kholil padat peziarah bayar parkir fasilitas kamar mandi dsb bersih suka khusyuk beribadah,1,positive,1
MAKAM SYAIKHONA KHOLIL BANGKALAN,4,makam aulia,1,positive,1
MAKAM SYAIKHONA KHOLIL BANGKALAN,5,menjauhkan kekhawatiran kecuali berdoa wali salah syekh dikenal khalil bagglan alfatihah untuknya,1,positive,1
MAKAM SYAIKHONA KHOLIL BANGKALAN,5,ramai,1,positive,13
MAKAM SYAIKHONA KHOLIL BANGKALAN,5,alhamdulilah hidayah,1,positive,14
MAKAM SYAIKHONA KHOLIL BANGKALAN,5,rumah peristirahatan waliyulloh yang sepi doa peziarahsemoga ditingkatkan kebersihannya,1,positive,1
MAKAM SYAIKHONA KHOLIL BANGKALAN,5,madura wajib mampir ziarah kesini tabarukan mbah kholil area maqbaroh nya area masjid luas memadai didukung fasilitas kamar mandi toilet yang sisi selatan didekat area masjid maqbaroh umkm pedagang kaki yang berjualan kawasan cocok ziarah belanja khas madura,1,positive,1
MAKAM SYAIKHONA KHOLIL BANGKALAN,5,qobull hajatt amin,1,positive,1
MAKAM SYAIKHONA KHOLIL BANGKALAN,5,tenang nyaman berkah,1,positive,0
MAKAM SYAIKHONA KHOLIL BANGKALAN,5,yang singgahi kalau,1,positive,-1
MAKAM SYAIKHONA KHOLIL BANGKALAN,5,keren nuansa religinya menarik,1,positive,1
MAKAM SYAIKHONA KHOLIL BANGKALAN,5,masjidnya bagus,1,positive,1
MAKAM SYAIKHONA KHOLIL BANGKALAN,5,kamar mandi masjid memakai membayar berbeda masjid bangkalan mbayar ikhlasnya memakai fasilitas kamar mandi,1,positive,1
MAKAM SYAIKHONA KHOLIL BANGKALAN,5,smoga berkah,1,positive,1
MAKAM SYAIKHONA KHOLIL BANGKALAN,5,sejuk nyaman,1,positive,0
MAKAM SYAIKHONA KHOLIL BANGKALAN,5,indah sekali masyaallah semoga kesana ngalap berkah,1,positive,1
MAKAM SYAIKHONA KHOLIL BANGKALAN,5,tempatnya bersihrapi,1,positive,11
MAKAM SYAIKHONA KHOLIL BANGKALAN,5,masyaallah salah favorit ditempuh jarak motor kesal malas bersemangat ziarah makam syaikhona kholil ramai peziarah daerah manapun parkirnya luas kamar mandi ditingkatkan kebersihan kamar mandinya sebrangnya penjual oleholeh khas madura,1,positive,1
MAKAM SYAIKHONA KHOLIL BANGKALAN,5,ziarah makam salah remainder kematian ziarah makam waliyullah membawa berkah,1,positive,1
MAKAM SYAIKHONA KHOLIL BANGKALAN,5,ziarah makam wali allah,1,positive,1
MAKAM SYAIKHONA KHOLIL BANGKALAN,5,bersih luas wali allah guru ulama nusantara,1,positive,1
MAKAM SYAIKHONA KHOLIL BANGKALAN,5,bebas berziarah,1,positive,1
MAKAM SYAIKHONA KHOLIL BANGKALAN,5,ramai peziaroh,1,positive,13
MAKAM SYAIKHONA KHOLIL BANGKALAN,5,berkah,1,positive,1
MAKAM SYAIKHONA KHOLIL BANGKALAN,5,tempatnya luas nyaman,1,positive,11
MAKAM SYAIKHONA KHOLIL BANGKALAN,5,ya syaikhona undhur ilaina,1,positive,1
MAKAM SYAIKHONA KHOLIL BANGKALAN,5,syaikhina kholil bangkalan,1,positive,1
MAKAM SYAIKHONA KHOLIL BANGKALAN,5,nyaman,1,positive,-1
MAKAM SYAIKHONA KHOLIL BANGKALAN,5,bagus pelayananan ramah,1,positive,11
MAKAM SYAIKHONA KHOLIL BANGKALAN,5,ziaroh makam mbah kholil siswa kelas vi mi maarif nu bebekan,1,positive,1
MAKAM SYAIKHONA KHOLIL BANGKALAN,5,ziarah makam,1,positive,-1
MAKAM SYAIKHONA KHOLIL BANGKALAN,5,nderek yai,1,positive,-1
MAKAM SYAIKHONA KHOLIL BANGKALAN,5,sepenggal cerita,1,positive,0
MAKAM SYAIKHONA KHOLIL BANGKALAN,5,ayem,1,positive,16
MAKAM SYAIKHONA KHOLIL BANGKALAN,5,alhamdulilah,1,positive,14
MAKAM SYAIKHONA KHOLIL BANGKALAN,5,masjid nya sangat baguss,1,positive,1
MAKAM SYAIKHONA KHOLIL BANGKALAN,5,salah malam ulama nusantara,1,positive,1
MAKAM SYAIKHONA KHOLIL BANGKALAN,5,kenangan ziarah matajasah,1,positive,1
MAKAM SYAIKHONA KHOLIL BANGKALAN,1,tukang parkir nya ramah kasar pengunjung pakai mobil omongan nya kasar tolong khusus bus kendaraan pribadi kasih tanda area parkirnya sebelah,0,negative,2
MAKAM SYAIKHONA KHOLIL BANGKALAN,5,ngalap barokah,1,positive,1
MAKAM SYAIKHONA KHOLIL BANGKALAN,5,jam peziarah sholat nderes quran dimasjidnya tahlil,1,positive,1
MAKAM SYAIKHONA KHOLIL BANGKALAN,5,menyenangkan semga kesana,1,positive,-1
MAKAM SYAIKHONA KHOLIL BANGKALAN,4,ciri khas pedagang sate ayam alatalat besi pisau,1,positive,3
MAKAM SYAIKHONA KHOLIL BANGKALAN,5,luas halamannya nyaman,1,positive,0
MAKAM SYAIKHONA KHOLIL BANGKALAN,5,mugi deian kesana,1,positive,-1
MAKAM SYAIKHONA KHOLIL BANGKALAN,4,bagus indah semunyalah pokok nya titik fto menarik tapi jajananya mahal hehee,1,positive,6
MAKAM SYAIKHONA KHOLIL BANGKALAN,5,wisata religi ramai,1,positive,3
MAKAM SYAIKHONA KHOLIL BANGKALAN,4,lokasi parkir luas,1,positive,15
MAKAM SYAIKHONA KHOLIL BANGKALAN,5,makam kematianbukan untuk aku doa hajatmeminta hajat untuk doa tetap kpd allah swt,1,positive,1
MAKAM SYAIKHONA KHOLIL BANGKALAN,5,amiiinnnnn,1,positive,1
MAKAM SYAIKHONA KHOLIL BANGKALAN,5,profesional,1,positive,0
MAKAM SYAIKHONA KHOLIL BANGKALAN,5,semoga sowan malih,1,positive,1
MAKAM SYAIKHONA KHOLIL BANGKALAN,5,masjidx megahbanyak yang jual makanan n khas madura,1,positive,1
MAKAM SYAIKHONA KHOLIL BANGKALAN,5,astaghfirulloh al adzim semoga allah swt tansah peparing lancar rezeki barokah,1,positive,1
MAKAM SYAIKHONA KHOLIL BANGKALAN,5,barakallah menyejukkan hati,1,positive,1
MAKAM SYAIKHONA KHOLIL BANGKALAN,2,tol tapi jalan raya muter muter,0,negative,6
MAKAM SYAIKHONA KHOLIL BANGKALAN,5,bagus bermanfaat,1,positive,0
MAKAM SYAIKHONA KHOLIL BANGKALAN,5,wisata religi,1,positive,3
MAKAM SYAIKHONA KHOLIL BANGKALAN,5,harta berharga keluarga,1,positive,0
MAKAM SYAIKHONA KHOLIL BANGKALAN,5,terletak daerah bangkalan madura masjid ornamen indah kaligrafi lantainya marmer dingin,1,positive,1
MAKAM SYAIKHONA KHOLIL BANGKALAN,5,agung,1,positive,0
MAKAM SYAIKHONA KHOLIL BANGKALAN,5,makam salah ulama jawa timur tempatnya adem sejuk cocok bermunajad allah,1,positive,1
MAKAM SYAIKHONA KHOLIL BANGKALAN,5,salah maqbarah muassis nahdlatul ulama,1,positive,1
MAKAM SYAIKHONA KHOLIL BANGKALAN,5,salah destinasi wisata religi dikota madura,1,positive,3
MAKAM SYAIKHONA KHOLIL BANGKALAN,5,insya allah sowan ziarah,1,positive,1
MAKAM SYAIKHONA KHOLIL BANGKALAN,5,alhamdulilah semoga berkah peziarah amin fasilitas nyaman,1,positive,1
MAKAM SYAIKHONA KHOLIL BANGKALAN,5,bagus tempatnya tertata rapi parkiran ziarahnya,1,positive,-1
MAKAM SYAIKHONA KHOLIL BANGKALAN,5,tempatnya bersih luas indah alhamdulilah,1,positive,-1
MAKAM SYAIKHONA KHOLIL BANGKALAN,5,subhanalloh walhamdulillah ziarah kemakam beliau semoga berkah,1,positive,1
MAKAM SYAIKHONA KHOLIL BANGKALAN,5,parkir luas toilet bersih air melimpah food court area pusat masjid luas bersebelahan langsung makam mbah kholil,1,positive,1
MAKAM SYAIKHONA KHOLIL BANGKALAN,5,pengalaman wisata religi kental sekali suasana pesantrennya berbeda ziarah makam waliyullah kali menemukan orang pemintaminta sampai masuk komplek makam sungguh oiya berziarah makam syekh kholil lupa bawa pulang khas madura pastinya membeli mendapatkannya pasar sekitaran masjid syaikhona kholil barakallah semoga keberkahan waliyullah syaikhona kholil bangkalan amiin,1,positive,1
MAKAM SYAIKHONA KHOLIL BANGKALAN,5,wisata religi masjidnya bagus indah luas sayangnya parkirnya mahal ribu mampir bentar saran pengunjung jaga kebersihan buang sampah sembarang an,1,positive,1
MAKAM SYAIKHONA KHOLIL BANGKALAN,4,serasa adem kegundahan hati mendekat wali allah,1,positive,1
MAKAM SYAIKHONA KHOLIL BANGKALAN,5,nya masyaallah sekali ingin ksini,1,positive,-1
MAKAM SYAIKHONA KHOLIL BANGKALAN,5,subhanallah,1,positive,-1
MAKAM SYAIKHONA KHOLIL BANGKALAN,5,alhamdulilah hati tentram ziarah makam syaikhona kholil,1,positive,1
MAKAM SYAIKHONA KHOLIL BANGKALAN,5,alhamdulilah ziarah makam syekh kholil bangkalan madura,1,positive,1
MAKAM SYAIKHONA KHOLIL BANGKALAN,5,bagus,1,positive,4
MAKAM SYAIKHONA KHOLIL BANGKALAN,5,berkah kh kholil bangkalan guru ulama nusantara,1,positive,1
MAKAM SYAIKHONA KHOLIL BANGKALAN,5,kisah syaikhona kholil mengubah arah kiblat masjid st kyai kholil ng masjid ng ng dibangun mnnt kyai muntaha ktk mt arah kt m tt kyai kholil menegur senang mnnt ng m t ntk membetulkan arah kt masjid ng dibangunnya t sg orang tidak m kyai muntaha alasan mnntkn kiblat argumen ditunjukan kyai kholil nntn kiblat tt menantunya tk tntanda ntk mendengar nasihatnya kyai kholil tersenyum berjalan kearah pengimaman ikuti sang menantu kyai kholil mngm s k melubangi nng tmk arah kt n menyuruh kyai muntaha ntk ng nng masjid tmt pengimaman betapa kagetnya kyai muntaha mt lubang senang mnnt mt m lubang tt k ng makkah ngn ngtn kyai muntaha n n sadar aku kiblat ng kt ngnn masjidnya salah kiblat ngnn m miring n terbukti ng koreksi kyai kholil,1,positive,1
MAKAM SYAIKHONA KHOLIL BANGKALAN,5,ketenangan hati,1,positive,16
MAKAM SYAIKHONA KHOLIL BANGKALAN,5,ramai,1,positive,13
MAKAM SYAIKHONA KHOLIL BANGKALAN,5,makam syaikhona muhammad kholil bin abdul lathif bangkalan madura syaikhuna kholil guru hadrotus syaikh kh muhammad hasyim asyari pendiri jamiyyah nahdlatul ulama syaikh kh abdul karim pendiri pondok pesantren lirboyo kediri makam beliau disamping imaman masjid sholat pintu makam masjid ditutup samping masjidnya adem fasilitas parkir roda roda luas toilet bersih fasilitas mandi peziarah kota,1,positive,1
MAKAM SYAIKHONA KHOLIL BANGKALAN,5,ramai kebersihan kamar mandi,1,positive,0
MAKAM SYAIKHONA KHOLIL BANGKALAN,4,indah religi ziarah,1,positive,-1
MAKAM SYAIKHONA KHOLIL BANGKALAN,5,mohon akses jalan perbaiki,1,positive,-1
MAKAM SYAIKHONA KHOLIL BANGKALAN,5,nyaman pengunjung,1,positive,0
MAKAM SYAIKHONA KHOLIL BANGKALAN,5,makam mbah kholil,1,positive,1
MAKAM SYAIKHONA KHOLIL BANGKALAN,5,tempatnya luas bersih,1,positive,11
MAKAM SYAIKHONA KHOLIL BANGKALAN,5,kesini dengar biografi beliau kajian berdoa mengunjungi makamnya sibuk nugas bikin laporan tes rosarch ditegur tidak ziarah sunan ampel main kesini parkirnya luas kamar mandinya bersih ya kategori gini sayang kebersihan masjid terjaga sehabis acara pelataran masjid kotor tisu bekas kemasan ringan gitu,1,positive,1
MAKAM SYAIKHONA KHOLIL BANGKALAN,5,indah menyambung wasilah taqarrub ilallah makanan beraneka ragam lengkap makanan khas makan daerah khawatir harga,1,positive,1
MAKAM SYAIKHONA KHOLIL BANGKALAN,5,syaikhona kholil tokoh keagamaan sosok kebangsaan,1,positive,1
MAKAM SYAIKHONA KHOLIL BANGKALAN,5,istimewa menyenangkan,1,positive,-1
MAKAM SYAIKHONA KHOLIL BANGKALAN,5,alhamdulilah,1,positive,14
MAKAM SYAIKHONA KHOLIL BANGKALAN,5,salah makam waliyullah dimadura,1,positive,1
MAKAM SYAIKHONA KHOLIL BANGKALAN,5,beliau guru ulama nusantara menziarahi beliau karomah wali benarbenar pengaruh khazanah keislaman nusantara sadar keilmuan islam barangkali bersumber beliau semoga kelimpahan berkahnya amin,1,positive,1
MAKAM SYAIKHONA KHOLIL BANGKALAN,5,penuh barokah,1,positive,1
MAKAM SYAIKHONA KHOLIL BANGKALAN,5,masjid didalamnya makam syaikona kholil bangkalan,1,positive,1
MAKAM SYAIKHONA KHOLIL BANGKALAN,5,bersih rapi tertata rekomended,1,positive,0
MAKAM SYAIKHONA KHOLIL BANGKALAN,5,makam salah wali penyebar agama islam indonesia sosok ulama guru ulama daerah jawa madura bangunan masjid luas parkir luas memadai sepi peziarah direkomendasikan didatangi,1,positive,1
MAKAM SYAIKHONA KHOLIL BANGKALAN,5,semoha berkah,1,positive,1
MAKAM SYAIKHONA KHOLIL BANGKALAN,5,alhamdulilah berziarah kesini,1,positive,1
MAKAM SYAIKHONA KHOLIL BANGKALAN,5,religius,1,positive,0
MAKAM SYAIKHONA KHOLIL BANGKALAN,5,makam keramat maha guru mbah kholil terletak km kota bangkalan km jembatan suramadu ramai peziarah makam penginapan kuliner khas madura pengemis yang suka,1,positive,1
MAKAM SYAIKHONA KHOLIL BANGKALAN,5,alhamdulilah ziarah makam syaikhona cholil bangkalan madura guru khhasyim asyari abdurrahman wahidgusdur,1,positive,1
MAKAM SYAIKHONA KHOLIL BANGKALAN,5,tempatnya nyaman parkirannya luas akses mudah,1,positive,-1
MAKAM SYAIKHONA KHOLIL BANGKALAN,5,mantulg bosan,1,positive,8
MAKAM SYAIKHONA KHOLIL BANGKALAN,5,nikmat ziarah bangkalan wali allah,1,positive,1
MAKAM SYAIKHONA KHOLIL BANGKALAN,5,keagamaan,1,positive,0
MAKAM SYAIKHONA KHOLIL BANGKALAN,5,ulama karismatik,1,positive,0
MAKAM SYAIKHONA KHOLIL BANGKALAN,5,ibadah ziaroh,1,positive,-1
MAKAM SYAIKHONA KHOLIL BANGKALAN,5,masjidnya megah indah adem subhanallah,1,positive,1
MAKAM SYAIKHONA KHOLIL BANGKALAN,5,desember ramai kunjungi pejairah,1,positive,1
MAKAM SYAIKHONA KHOLIL BANGKALAN,5,alhamdulilah kesana,1,positive,1
MAKAM SYAIKHONA KHOLIL BANGKALAN,5,wisata religi makam kh cholil luas parkir bis nyaman pedagang pisau krupuk lorjuk dsb makanan khas madura masjid luas wudhu luas muat orang,1,positive,1
MAKAM SYAIKHONA KHOLIL BANGKALAN,5,makam salah guru pendiri nu,1,positive,1
MAKAM SYAIKHONA KHOLIL BANGKALAN,5,okelah keren,1,positive,17
MAKAM SYAIKHONA KHOLIL BANGKALAN,5,alhamdulilah pejarahan syeh holil bangkalan madura hatam juz alquran rombongan jiarah majlis talim muhibbin bogawati serang banten,1,positive,1
MAKAM SYAIKHONA KHOLIL BANGKALAN,5,maqbarah syaikhona kholil bangkalan sejarah nya lingkungankeadaan disekitar maqbarah halaman masjid sekedar ambil wudhu mandi kamar mandi sebelah masjid sisi kanannya kamar mandi bagus lebar bersih area masjid bersih halaman parkir mobil motor tersedia lebar alias memadai rombongan penjual makanan minuman penjual cilok sate khas madura bangkalan tersedia pakaian beli sekedar oleholeh keluarga rumah,1,positive,1
MAKAM SYAIKHONA KHOLIL BANGKALAN,5,sejuk,1,positive,-1
MAKAM SYAIKHONA KHOLIL BANGKALAN,5,masjidnya bagus semoga kesini,1,positive,1
MAKAM SYAIKHONA KHOLIL BANGKALAN,5,pengobat hati,1,positive,16
MAKAM SYAIKHONA KHOLIL BANGKALAN,4,wisata religis wajib dikunjungi main bangkalan,1,positive,3
MAKAM SYAIKHONA KHOLIL BANGKALAN,5,berkunjung perubahan,1,positive,0
MAKAM SYAIKHONA KHOLIL BANGKALAN,5,alhamdulilah sholat subuh kali ziaroh makam mbah kholil bangkalan,1,positive,1
MAKAM SYAIKHONA KHOLIL BANGKALAN,5,subhanallah,1,positive,-1
MAKAM SYAIKHONA KHOLIL BANGKALAN,5,semoga kesini,1,positive,1
MAKAM SYAIKHONA KHOLIL BANGKALAN,5,siang malam pagi sobre padat peziarah,1,positive,13
MAKAM SYAIKHONA KHOLIL BANGKALAN,5,makam waliyullah ibadah,1,positive,1
MAKAM SYAIKHONA KHOLIL BANGKALAN,5,reme masjid nya meggah,1,positive,-1
MAKAM SYAIKHONA KHOLIL BANGKALAN,5,terharu sedih semoga paringi umir sehat rezekinya silaturrah berziarah makbaroh mbah kholil amin,1,positive,1
MAKAM SYAIKHONA KHOLIL BANGKALAN,5,pengelola tempatnya pokoknya peziarah nyaman,1,positive,-1
MAKAM SYAIKHONA KHOLIL BANGKALAN,1,semoga kesini,0,positive,1
MAKAM SYAIKHONA KHOLIL BANGKALAN,5,nyaman indah barokah,1,positive,0
MAKAM SYAIKHONA KHOLIL BANGKALAN,5,disayangkan disayangkan menjaga kebersihan area parkir mobil bus sampah berderakan dimana sampah membusuk lalat tong sampah dimana panuh penuh berserakan titik genangan air are parkir paving block air hitam bau sedap semoga pengurusnya memperhatikan sampah pengunjung nyaman kebersihan iman kawasan wisata religi yang jaga kebersihannya dengan kesadaran,1,positive,-1
MAKAM SYAIKHONA KHOLIL BANGKALAN,3,terkesan,0,negative,-1
MAKAM SYAIKHONA KHOLIL BANGKALAN,5,subhanalloh,1,positive,-1
MAKAM SYAIKHONA KHOLIL BANGKALAN,5,alhamdulilah ziarah makam waliyullah syaikhona kholil bangkalan pulau madura,1,positive,1
MAKAM SYAIKHONA KHOLIL BANGKALAN,5,ziarah walisongo madura pp nurul haromain yogyakarta,1,positive,1
MAKAM SYAIKHONA KHOLIL BANGKALAN,5,sepi pengunjung entah ziaroh sekedar mampir sholat masjid makam,1,positive,1
MAKAM SYAIKHONA KHOLIL BANGKALAN,5,wisata religi recommended mengenang jasa jasa waliyullah hadratus syech syaichona cholil menyebarkan syiar islam pulau madura,1,positive,1
MAKAM SYAIKHONA KHOLIL BANGKALAN,5,ziarah kesini biar tau daerah masjidnya bagus,1,positive,1
MAKAM SYAIKHONA KHOLIL BANGKALAN,5,semoga kesehatan istiqomah amin yra,1,positive,1
MAKAM SYAIKHONA KHOLIL BANGKALAN,5,senang bersyukur berkunjung kesini,1,positive,1
MAKAM SYAIKHONA KHOLIL BANGKALAN,5,perjalanan purwokerto bangkalan perjalanan penuh cerita,1,positive,3
MAKAM SYAIKHONA KHOLIL BANGKALAN,5,bagus,1,positive,4
MAKAM SYAIKHONA KHOLIL BANGKALAN,5,sunggu indah,1,positive,0
MAKAM SYAIKHONA KHOLIL BANGKALAN,5,suka masjidnya adeem bagus,1,positive,1
MAKAM SYAIKHONA KHOLIL BANGKALAN,5,wisata religi ziaroh makam muhammad syaikhona kholil bangkalan salah wisata kampung senenan desa kemayoran kecamatan bangkalan kabupaten bangkalan ujung barat pulau madura jawa timur indonesia wisata makam muhammad syaikhona kholil bangkalan wisata ramai wisatawan liburan menenangkan sensasi berbeda aktivitas sehari makam muhammad kholil terletak desa martajasah kabupaten bangkalan makam umat islam era wali songo terletak km pusat kota bersebelahan pantai sambilangan makam mbah kholil dikunjungi ziarah daerah,1,positive,1
MAKAM SYAIKHONA KHOLIL BANGKALAN,5,sarana prasarana peziarah lengkap kamar mandi terawat widhu luas area parkir luas depot makan jajanan buka jam disana mantap,1,positive,-1
MAKAM SYAIKHONA KHOLIL BANGKALAN,5,alhamdulilah kesini sengaja terimakasih syaikhona kholil bangkalan madura,1,positive,1
MAKAM SYAIKHONA KHOLIL BANGKALAN,5,makamnya orang soleh orang wali beliau gurunya wali ulama tanah madura berziarah kemakam beliau mengambil barokah terletak dbagian masjid dibangkalan semoga berziarah kesana membawa keluarga amin ya robbal aalaamiin,1,positive,1
MAKAM SYAIKHONA KHOLIL BANGKALAN,5,asalamualaikum barokallah,1,positive,-1
MAKAM SYAIKHONA KHOLIL BANGKALAN,5,ziarah nyaman warga n pkl nya ramah,1,positive,-1
MAKAM SYAIKHONA KHOLIL BANGKALAN,5,suasananya ramai menenangkan,1,positive,-1
MAKAM SYAIKHONA KHOLIL BANGKALAN,5,semoga berkah,1,positive,1
MAKAM SYAIKHONA KHOLIL BANGKALAN,5,bismillah bagus ber ibadah doa,1,positive,1
MAKAM SYAIKHONA KHOLIL BANGKALAN,5,berkah,1,positive,1
MAKAM SYAIKHONA KHOLIL BANGKALAN,5,alhamdulilah,1,positive,14
MAKAM SYAIKHONA KHOLIL BANGKALAN,4,parkirnya ribet,1,negative,-1
MAKAM SYAIKHONA KHOLIL BANGKALAN,5,makam gurunya ulama indonesia ramai sahut sahutan kalimat toyyibah,1,positive,1
MAKAM SYAIKHONA KHOLIL BANGKALAN,5,napak tilas ziaroh wali allah,1,positive,1
MAKAM SYAIKHONA KHOLIL BANGKALAN,5,masyaallah waliyullah bersejarah insyaallah pinaringan keberkahan,1,positive,1
MAKAM SYAIKHONA KHOLIL BANGKALAN,5,makam wali manfaat dhahir batin,1,positive,1
MAKAM SYAIKHONA KHOLIL BANGKALAN,5,suci syekh muhammad kholil syekh abad siswa membangun sekolah islam tradisional indonesia lulus sekolahnya suci terletak masjid dinamai namanya kawasan dikelola kawasannya rapi bersih akses parkir kendaraan roda roda mudah dijangkau,1,positive,1
MAKAM SYAIKHONA KHOLIL BANGKALAN,4,bagus nya luas nyaman peziarah,1,positive,-1
MAKAM SYAIKHONA KHOLIL BANGKALAN,5,ziarah,1,positive,-1
MAKAM SYAIKHONA KHOLIL BANGKALAN,5,mantap,1,positive,8
MAKAM SYAIKHONA KHOLIL BANGKALAN,5,mantap,1,positive,8
MAKAM SYAIKHONA KHOLIL BANGKALAN,5,masjidnya megah sekali,1,positive,1
MAKAM SYAIKHONA KHOLIL BANGKALAN,5,masjid yang indah keberkahan syaikhona kholil,1,positive,1
MAKAM SYAIKHONA KHOLIL BANGKALAN,5,bismillahirrahmanirrahim bismillahirrahmanirrahim bismillahirrahmanirrahim bismillahirrahmanirrahim bismillahirrahmanirrahim bismillahirrahmanirrahim bismillahirrahmanirrahim bismillahirrahmanirrahim bismillahirrahmanirrahim bismillahirrahmanirrahim bismillahirrahmanirrahim bismillahirrahmanirrahim,1,positive,1
MAKAM SYAIKHONA KHOLIL BANGKALAN,5,makam syekhona kholil bangkalan,1,positive,1
MAKAM SYAIKHONA KHOLIL BANGKALAN,5,makam masjid syaikhona kholil bangkalan pulau madura posisi geografis laut jawa membuatnya memiliki obyek wisata pantai pantainya wajib kunjungi pergi madura obyek wisata religi patut datangi makam muhammad syaikhona kholil madura dikenal wisata religinya wisata alamnya wisata sayang lewatkan mengunjungi pulau garam kh moh kholil dikenal waliullah guru orang suci negara konsep gagasan pembentukan nahdatul ulama siswa kh hasyim asyari almarhum kakek presiden keempat indonesia kh abdurahman wahid kh asad syamsul arifin almarhum pendiri pondok asem bagus ulama pertalian darah sunan gunung jati sang bapak kh abdul lathif dididik dasardasar ilmu agama ayahnya memutuskan memperdalam ilmu agama pesantren bangkalan tuan guru dawuh desa majaleh bangkalan terkenal metode pengajaran unik pelajarannya menetap pesantren kadang pelajaran berjalan mengelilingi kota bangkalan terkadang pohon pinggir sungai bukit syech kholil syaikhona kholil berguru tuan guru agung bhujuk agung pengajaran beliau terbatas teori ilmu lahir batin memadukan teori praktik hidupnya kyai muhammad kholil menimba ilmu pesantren indonesia jazirah arab,1,positive,1
MAKAM SYAIKHONA KHOLIL BANGKALAN,5,berziarah usahakan pintar memilah milah penjual barang pedang dsb kadang harganya tidak masuk akal,1,positive,5
MAKAM SYAIKHONA KHOLIL BANGKALAN,1,ziarah kesekian,0,positive,-1
MAKAM SYAIKHONA KHOLIL BANGKALAN,5,bagus,1,positive,4
MAKAM SYAIKHONA KHOLIL BANGKALAN,5,makan mbah kholil terletak sebelah kanan masjid mbah kholil bangkalannini waliyullah guru ulama salah siswa mbah hasyim asyari salah pendiri nu masjid bersih indah parkir mobik area makan jalannya tidak kesal,1,positive,1
MAKAM SYAIKHONA KHOLIL BANGKALAN,5,lancar,1,positive,0
MAKAM SYAIKHONA KHOLIL BANGKALAN,5,ziarah luas parkir bus tersedia disebelahnya yang jual sate pisau kerupuk baju madura dsb wudhu makam sekali shalat,1,positive,1
MAKAM SYAIKHONA KHOLIL BANGKALAN,5,peziarah masuk kedalam masjidbisa sholat sunan tahyatulmasjid berziarah makamnya samping kanan pengimbaran imam,1,positive,1
MAKAM SYAIKHONA KHOLIL BANGKALAN,5,ziarah ibadah nyaman,1,positive,-1
MAKAM SYAIKHONA KHOLIL BANGKALAN,5,alhamdulillahmasih ziarah makam waliyullah,1,positive,1
MAKAM SYAIKHONA KHOLIL BANGKALAN,5,masyaalloh subhanalloh ramai semuga barokah beliau mengalir aaamiin,1,positive,1
MAKAM SYAIKHONA KHOLIL BANGKALAN,5,subhanallah,1,positive,-1
MAKAM SYAIKHONA KHOLIL BANGKALAN,5,alhamdulilah pengalaman yang direncanakan thn terkabulkan,1,positive,1
MAKAM SYAIKHONA KHOLIL BANGKALAN,5,mudahan barokah pengunjung,1,positive,1
MAKAM SYAIKHONA KHOLIL BANGKALAN,5,wisata religi,1,positive,3
MAKAM SYAIKHONA KHOLIL BANGKALAN,5,subhanallah,1,positive,-1
MAKAM SYAIKHONA KHOLIL BANGKALAN,5,wisata religi,1,positive,3
MAKAM SYAIKHONA KHOLIL BANGKALAN,5,makam karomah mesjid nya penuh berkah,1,positive,1
MAKAM SYAIKHONA KHOLIL BANGKALAN,5,wisata religi,1,positive,3
MAKAM SYAIKHONA KHOLIL BANGKALAN,5,ziarah makam saykhona kholil bangkalan luas gmpang jangkau area parkir luas alfatihah,1,positive,1
MAKAM SYAIKHONA KHOLIL BANGKALAN,5,peziarah madura,1,positive,13
MAKAM SYAIKHONA KHOLIL BANGKALAN,5,alhamdulilah ziarahsemoga pengurusnya keberkahan kesehatanaamiin saran fasilitas mesin atm pemerintah perhatikan karena orang ziara warga perekonomian warga lancar pusat menarik umkmnya kota menggerakanyang benak senjata tajamhehe ziara sabtu jun keamanan kwatir karena pengalaman pribadi kunci kontak nempel alhamdulilah motor belajar mencintai penghulu berjasa salam sittong dhere,1,positive,2
MAKAM SYAIKHONA KHOLIL BANGKALAN,5,masjidnya always bersih tidak prnah kecewa kalau kesini ziarah tidak terlewat dikunjungi parkiran luas bus luas wudhu penjual makanan,1,positive,1
MAKAM SYAIKHONA KHOLIL BANGKALAN,4,wisata religi yang bangkalan suasananya ramai jam solat beli oleholeh khas madura yang murah murah,1,positive,1
MAKAM SYAIKHONA KHOLIL BANGKALAN,4,kesini untuk kalinya untuk wudhu perbaikan,1,positive,-1
MAKAM SYAIKHONA KHOLIL BANGKALAN,5,pikir tentram ayem,1,positive,16
MAKAM SYAIKHONA KHOLIL BANGKALAN,5,makam syech ada madura ramai datengin penziarah,1,positive,1
MAKAM SYAIKHONA KHOLIL BANGKALAN,5,kitab kh kholil bangkalan jawa timur,1,positive,1
MAKAM SYAIKHONA KHOLIL BANGKALAN,5,mohon bantu doanya moga kesana,1,positive,1
MAKAM SYAIKHONA KHOLIL BANGKALAN,5,ziarah syaikhona kholil bangkalan tujuh santri pm ummul quro,1,positive,1
MAKAM SYAIKHONA KHOLIL BANGKALAN,5,alhamdulillahaaaahhh,1,positive,-1
MAKAM SYAIKHONA KHOLIL BANGKALAN,5,tujuan memasuki pulau madura ngaji refleksi berdzikir berdoa pengunjung fasilitas baikkamar mandi wudhu sayang parkiran mestinya diatur dipaving utara memudahkan kendaraan lalang,1,positive,-1
MAKAM SYAIKHONA KHOLIL BANGKALAN,5,makam syaikhona kholil bangkalan,1,positive,1
MAKAM SYAIKHONA KHOLIL BANGKALAN,5,subhanallah,1,positive,-1
MAKAM SYAIKHONA KHOLIL BANGKALAN,5,masyaallah semarang mobil pribadi madura x semoga berkahaamiin,1,positive,1
MAKAM SYAIKHONA KHOLIL BANGKALAN,5,tempatnya indah hati tenang alhamdulilah hajatku,1,positive,1
MAKAM SYAIKHONA KHOLIL BANGKALAN,5,sepanasnya madura masuk langsung adem parkir bayar seikhlasnya dimasukin kotak,1,positive,2
MAKAM SYAIKHONA KHOLIL BANGKALAN,5,salah makam ulama terkemuka pulau madura penuh peziarah jam oleholeh lupa beli pisau sabit dijamin kualitasnya bagus,1,positive,1
MAKAM SYAIKHONA KHOLIL BANGKALAN,5,mugi angsal barokah ipun syaikhona kholil,1,positive,1
MAKAM SYAIKHONA KHOLIL BANGKALAN,5,bersih rapi parkiran sangat luas rekomendasi beli sate ayam madura k porsi hanya toilet masjid berbayar,1,positive,1
MAKAM SYAIKHONA KHOLIL BANGKALAN,5,wisata religius makam syekh hona holil bangkala yang kunjungi jutaan pensiyaroh negara,1,positive,1
MAKAM SYAIKHONA KHOLIL BANGKALAN,5,waliallah tomb,1,positive,1
MAKAM SYAIKHONA KHOLIL BANGKALAN,5,lahirnya santriulamabesar indonesia,1,positive,1
MAKAM SYAIKHONA KHOLIL BANGKALAN,5,makannya nyaman didalam masjidnyaternyata orang jualan cluritsenjata petani wihhhh mengerikan,1,positive,-1
MAKAM SYAIKHONA KHOLIL BANGKALAN,5,tempatnya masya allah indah,1,positive,11
MAKAM SYAIKHONA KHOLIL BANGKALAN,5,masjid megah yang mewah luas bersebelahan dengan maha guru syaikhona muhammad kholil bin abdullatif al bangkalani beliau guru dari ulama di pulau jawa madura bnyak cerita karomah beliau hidup di zaman nya mohon tertib khusyu di masjid mohon matikan hpmode diam menggangu peziarahjamaah di masjid,1,positive,1
MAKAM SYAIKHONA KHOLIL BANGKALAN,5,bersih terawat,1,positive,0
MAKAM SYAIKHONA KHOLIL BANGKALAN,5,alhamdulilah menjelang ramadhan th sowan makam mbah kholilsemoga jamaah masjid kharomah mbah kholil izin allahaminyarob cuaca panas tdak berasa gerahkepanasan,1,positive,1
MAKAM SYAIKHONA KHOLIL BANGKALAN,5,makam kh kholil bangkalan,1,positive,1
MAKAM SYAIKHONA KHOLIL BANGKALAN,5,assalamualaikum nderek ziarah syaikhona kholil bangkalan,1,positive,1
MAKAM SYAIKHONA KHOLIL BANGKALAN,5,hamba tuhan abdi tuhan bantu tuhan hadapan tuhan melangkah maju berkat tuhan,1,positive,1
MAKAM SYAIKHONA KHOLIL BANGKALAN,3,asri,0,positive,0
MAKAM SYAIKHONA KHOLIL BANGKALAN,5,parkir luas kamar mandi memadai semoga barokah perjalanan religi bawa anak sehat selamat amin,1,positive,1
MAKAM SYAIKHONA KHOLIL BANGKALAN,5,suasanya damai tenang berkunjung kesana,1,positive,-1
MAKAM SYAIKHONA KHOLIL BANGKALAN,5,megah lokasi mudah dijangkau,1,positive,-1
MAKAM SYAIKHONA KHOLIL BANGKALAN,5,tempatnya sejuk juga teneng setenang hati,1,positive,6
MAKAM SYAIKHONA KHOLIL BANGKALAN,5,ziarah bangkalan madura gurunya kh hasyim asyari pendiri nahdlatul ulama,1,positive,1
MAKAM SYAIKHONA KHOLIL BANGKALAN,5,makam ulama tersuhur madura,1,positive,1
MAKAM SYAIKHONA KHOLIL BANGKALAN,5,rame peziarah makam syaikhona mohammad kholil bin abdul latif,1,positive,1
MAKAM SYAIKHONA KHOLIL BANGKALAN,5,yang sakral religius,1,positive,-1
MAKAM SYAIKHONA KHOLIL BANGKALAN,5,barokallah,1,positive,-1
MAKAM SYAIKHONA KHOLIL BANGKALAN,5,ramai kunjungi peziarah salah wali allahulamakyai gurunya kyai indonesia,1,positive,1
MAKAM SYAIKHONA KHOLIL BANGKALAN,5,assalamualaikum mohon bantuannya nama faizal hidayatullah melaporkan kehilangan dompet shalat wanita utara isinya berharga ada yang menemukan kasih imbalan yang setimpal hasil kejujurannyakami berterimakasih bantuannya hub,1,positive,-1
MAKAM SYAIKHONA KHOLIL BANGKALAN,5,semoga ziarah kesini,1,positive,1
MAKAM SYAIKHONA KHOLIL BANGKALAN,5,indah,1,positive,0
MAKAM SYAIKHONA KHOLIL BANGKALAN,5,indah religius,1,positive,0
MAKAM SYAIKHONA KHOLIL BANGKALAN,5,ulamanya ulama syaikhona kholil bangkalan maduraturun dari bus langsung disambut pedagang satenamun yang mengesankanpedagang area ziarah jd mengganggunya khusuan berziarahthe terbaik lahh,1,positive,1
MAKAM SYAIKHONA KHOLIL BANGKALAN,5,gurunya guru,1,positive,0
MAKAM SYAIKHONA KHOLIL BANGKALAN,5,makam syaikhona kholil bangkalan,1,positive,1
MAKAM SYAIKHONA KHOLIL BANGKALAN,5,wisata religi pulau madura,1,positive,3
MAKAM SYAIKHONA KHOLIL BANGKALAN,4,yang haruskan ziarohi,1,positive,-1
MAKAM SYAIKHONA KHOLIL BANGKALAN,5,penataan mangkin mantap,1,positive,-1
MAKAM SYAIKHONA KHOLIL BANGKALAN,5,nyelase yang xmn,1,positive,-1
MAKAM SYAIKHONA KHOLIL BANGKALAN,5,makam syaikhona kholil bangkalan bersejarah peradaban islam indonesia almahfurlah syaikhona kholil guru guruguru indonesia manca negara beliau pemegang sanad keilmuan gurugurunya rosululloh,1,positive,1
MAKAM SYAIKHONA KHOLIL BANGKALAN,5,kh maruf amin berziarah makam syaichona moh cholil bangkalan,1,positive,1
MAKAM SYAIKHONA KHOLIL BANGKALAN,5,makam syaikho kholil,1,positive,1
MAKAM SYAIKHONA KHOLIL BANGKALAN,5,masjidnya bagus,1,positive,1
MAKAM SYAIKHONA KHOLIL BANGKALAN,5,masjid megah,1,positive,1
MAKAM SYAIKHONA KHOLIL BANGKALAN,5,tempatnya bagus toiletnya penjual makanan parkir luas,1,positive,-1
MAKAM SYAIKHONA KHOLIL BANGKALAN,5,ibu auliya,1,positive,0
MAKAM SYAIKHONA KHOLIL BANGKALAN,5,salah wisata religi jawa timur pulau madura makam salah ulama tanah jawa peziarah dari kota provinsi pulau negeri pelajarilah sejarah pendahulu alim ulama tanah jawa jawatimur semoga barokah pendoa peziarah amin,1,positive,1
MAKAM SYAIKHONA KHOLIL BANGKALAN,5,hati tentram,1,positive,16
MAKAM SYAIKHONA KHOLIL BANGKALAN,4,wudhu masjid bangunan terpisah sarankan bawa sandal jepit biar nyaman bawa mukenah mukena masjid terbatas,1,positive,1
MAKAM SYAIKHONA KHOLIL BANGKALAN,5,alhamdulilah anak semangat,1,positive,14
MAKAM SYAIKHONA KHOLIL BANGKALAN,5,yang sejuk,1,positive,-1
MAKAM SYAIKHONA KHOLIL BANGKALAN,5,senang sekali pokoknya semoga berkah yang selasa syaikhonah kholil,1,positive,1
MAKAM SYAIKHONA KHOLIL BANGKALAN,5,asyik,1,positive,-1
MAKAM SYAIKHONA KHOLIL BANGKALAN,5,bagus,1,positive,4
MAKAM SYAIKHONA KHOLIL BANGKALAN,5,alhamdulilahbangunan masjid yang megah,1,positive,1
MAKAM SYAIKHONA KHOLIL BANGKALAN,5,salah auliya allah terbaik,1,positive,1
MAKAM SYAIKHONA KHOLIL BANGKALAN,5,bagus,1,positive,4
MAKAM SYAIKHONA KHOLIL BANGKALAN,5,tempatnya rame pandemi,1,positive,11
MAKAM SYAIKHONA KHOLIL BANGKALAN,4,makam syaikhona kholil bangkalanmasjidnya indah bget,1,positive,1
MAKAM SYAIKHONA KHOLIL BANGKALAN,3,mesjid bangkalan madura,0,positive,3
MAKAM SYAIKHONA KHOLIL BANGKALAN,5,barokallah,1,positive,-1
MAKAM SYAIKHONA KHOLIL BANGKALAN,5,ramai asri orang berdoa,1,positive,13
MAKAM SYAIKHONA KHOLIL BANGKALAN,5,buka lurd monggo ziaroh,1,positive,-1
MAKAM SYAIKHONA KHOLIL BANGKALAN,5,insyallhmudahn ziarah siniamiin,1,positive,1
MAKAM SYAIKHONA KHOLIL BANGKALAN,5,insyalloh ziaroh makam mbah,1,positive,1
MAKAM SYAIKHONA KHOLIL BANGKALAN,5,bintang yang bicara,1,positive,0
MAKAM SYAIKHONA KHOLIL BANGKALAN,5,salah wali allah rindukan semoga allah rezeki sehat umur berziarah amin,1,positive,1
MAKAM SYAIKHONA KHOLIL BANGKALAN,5,ziarah makam mbah kholel mbangkalan,1,positive,1
MAKAM SYAIKHONA KHOLIL BANGKALAN,5,peziarah pandemi,1,positive,13
MAKAM SYAIKHONA KHOLIL BANGKALAN,3,menyesap,0,positive,-1
MAKAM SYAIKHONA KHOLIL BANGKALAN,5,guru kiyai,1,positive,0
MAKAM SYAIKHONA KHOLIL BANGKALAN,5,wisata religi mantap sekali,1,positive,3
MAKAM SYAIKHONA KHOLIL BANGKALAN,5,salah wisata religi pulau madura,1,positive,3
MAKAM SYAIKHONA KHOLIL BANGKALAN,5,tujuan wisata religi yang menyenangkan syaikhona mbah kholilasjid bagus ziarahnya juga bersih rapi bikin gerah areanya,1,positive,1
MAKAM SYAIKHONA KHOLIL BANGKALAN,5,jiaroh makam syeikhona kholil dihari maulid nabi saw,1,positive,1
MAKAM SYAIKHONA KHOLIL BANGKALAN,5,mencari barokah makam waliyulloh masjidnya indah nyaman ibadah,1,positive,1
MAKAM SYAIKHONA KHOLIL BANGKALAN,5,masjid yang indah,1,positive,1
MAKAM SYAIKHONA KHOLIL BANGKALAN,4,masjid makam khmuhamad kholil,1,positive,1
MAKAM SYAIKHONA KHOLIL BANGKALAN,4,tenang damai bersih bagus tuk menenangkan,1,positive,-1
MAKAM SYAIKHONA KHOLIL BANGKALAN,5,ziarah langsung masjid nya,1,positive,1
MAKAM SYAIKHONA KHOLIL BANGKALAN,5,barokallah,1,positive,-1
MAKAM SYAIKHONA KHOLIL BANGKALAN,4,penuh makna,1,positive,0
MAKAM SYAIKHONA KHOLIL BANGKALAN,5,area pemakaman bersih parkir luas kamar mandi bersih,1,positive,15
MAKAM SYAIKHONA KHOLIL BANGKALAN,5,wisata religi,1,positive,3
MAKAM SYAIKHONA KHOLIL BANGKALAN,5,salah pelaku sejarah sesepuh ulama madura indonesia rujukan guru sudut pandang agama amaliah nya cikal berdirinya organisasi islam terbesar indonesia semoga barokah beliau semangat penerus nya ulama yang alim berkualitas mnjadi bermanfaat agama negara indonesia tercinta,1,positive,1
MAKAM SYAIKHONA KHOLIL BANGKALAN,5,tempatnya enak nyaman sekali enak istirahat halaman luas parkiran luas kamar mandi bersih wudhu penjual oleholeh makanan sate,1,positive,-1
MAKAM SYAIKHONA KHOLIL BANGKALAN,5,alhamdulilah tempatnya asri,1,positive,11
MAKAM SYAIKHONA KHOLIL BANGKALAN,5,alhamdulilah sudah semoga allah amin,1,positive,1
MAKAM SYAIKHONA KHOLIL BANGKALAN,5,sial,1,negative,0
MAKAM SYAIKHONA KHOLIL BANGKALAN,5,mnuju kesana insya allah semoga kemudahan kelancaran dalam perjalanan dalam menjemput barokah wali,1,positive,1
MAKAM SYAIKHONA KHOLIL BANGKALAN,5,ibadah indah muslim,1,positive,-1
MAKAM SYAIKHONA KHOLIL BANGKALAN,5,waliyullah kh moh kholil bin kh abd latif,1,positive,1
MAKAM SYAIKHONA KHOLIL BANGKALAN,5,menyejukan hati tempatnya bagus,1,positive,-1
MAKAM SYAIKHONA KHOLIL BANGKALAN,5,ramadhan rutin sunan ampel kecuali ramadhan pandemic absen berangkat habis taraweh pulang pas sahur alhamdulilah semoga rezeki ziarah mensakralkan makam berdoa harapan allah berdoa kakak kholil syafaatnya,1,positive,1
MAKAM SYAIKHONA KHOLIL BANGKALAN,5,yang kukunjungi,1,positive,0
MAKAM SYAIKHONA KHOLIL BANGKALAN,5,masjid indah wisata religi syaban semoga doa diberkahi dikabulkam allah swt amiiiin,1,positive,1
MAKAM SYAIKHONA KHOLIL BANGKALAN,4,alhamdulilah jogja bangkalan tanggal april berangkat jam malam mesjid bangkalan jam subuh alhamdulilah jamaah kota masuk mematuhi protokol,1,positive,1
MAKAM SYAIKHONA KHOLIL BANGKALAN,5,islam,1,positive,0
MAKAM SYAIKHONA KHOLIL BANGKALAN,5,tenang,1,positive,16
MAKAM SYAIKHONA KHOLIL BANGKALAN,5,mendoakan salah tokoh agama,1,positive,1
MAKAM SYAIKHONA KHOLIL BANGKALAN,5,parkir luas,1,positive,-1
MAKAM SYAIKHONA KHOLIL BANGKALAN,5,masjid megah ukiran ornamen ornamen nyaman,1,positive,1
MAKAM SYAIKHONA KHOLIL BANGKALAN,5,alfatihah menyebut nama tuhan maha pemurah maha penyayang puji allah tuhan semesta alam maha pengasih maha penyayang menguasai pembalasan engkaulah sembah kepadamu memohon pertolongan bimbinglah jalan lurus jalan orangorang engkau nikmat orangorang marah orangorang sesat,1,positive,1
MAKAM SYAIKHONA KHOLIL BANGKALAN,5,mabruk,1,positive,0
MAKAM SYAIKHONA KHOLIL BANGKALAN,5,wisata religi penuh barokah,1,positive,3
MAKAM SYAIKHONA KHOLIL BANGKALAN,5,barokallahu,1,positive,-1
MAKAM SYAIKHONA KHOLIL BANGKALAN,5,tersedia kuliner khas madura komplek masjid,1,positive,3
MAKAM SYAIKHONA KHOLIL BANGKALAN,5,ziarah ketempat orang sholeh,1,positive,1
MAKAM SYAIKHONA KHOLIL BANGKALAN,4,istirahat menyejukan,1,positive,16
MAKAM SYAIKHONA KHOLIL BANGKALAN,5,mempesona,1,positive,0
MAKAM SYAIKHONA KHOLIL BANGKALAN,5,wisata religi,1,positive,3
MAKAM SYAIKHONA KHOLIL BANGKALAN,5,kompleksnya nyaman memiliki parkir luas seberang masjid barakallah,1,positive,1
MAKAM SYAIKHONA KHOLIL BANGKALAN,5,salah makam guru pendiri ponpes lirboyo kediri mbah abdul karim dulunya siswa syaikhona kholil,1,positive,1
MAKAM SYAIKHONA KHOLIL BANGKALAN,4,wisata religi parkir luas masjid makam bersih,1,positive,1
MAKAM SYAIKHONA KHOLIL BANGKALAN,5,wisata religi bangkalan madura,1,positive,3
MAKAM SYAIKHONA KHOLIL BANGKALAN,5,alhamdulilah,1,positive,14
MAKAM SYAIKHONA KHOLIL BANGKALAN,5,alhamdulilah,1,positive,14
MAKAM SYAIKHONA KHOLIL BANGKALAN,5,sejuk hati kali,1,positive,16
MAKAM SYAIKHONA KHOLIL BANGKALAN,5,salah makam ulama waliyullah bangkalan merupakah salah guru ulama nusantara,1,positive,1
MAKAM SYAIKHONA KHOLIL BANGKALAN,5,destinasi wisata religi bangkalan,1,positive,3
MAKAM SYAIKHONA KHOLIL BANGKALAN,5,alchamdulillah semoga rochmad gusti allah,1,positive,1
MAKAM SYAIKHONA KHOLIL BANGKALAN,5,lokasi makam familiar list rute ziarah masyarakat bertujuan madura lokasinya kabupaten barat madura bangkalan arah surabaya lurus melintasi jembatan suramadu mengambil arah kiri makam sepi ya saikhona kholil diragukan kontribusinya lahirnya kiyaikiyai mendirikan pesanyren k hasyim asari dsb semoga senantiasa bertabarruk beliau barokah amiin,1,positive,1
MAKAM SYAIKHONA KHOLIL BANGKALAN,5,masji luas bersih,1,positive,0
MAKAM SYAIKHONA KHOLIL BANGKALAN,5,syaikhona muhammad kholil beliau waliullahbeliau melahirkan siswa pendiri pesantren yang terkenal indonesiabeliau sebutan pesantren indonesiauntuk menghormati jasanya dibangunlah masjid diarea makam destinasi wisata realigi yang ikon kabupaten bangkalansetiap sepi peziarah pelosok daerahdisini penginapan pasar sovenir dllletaknya daerah mertajasahbuat yang ingin ziarah akses jalannya mudah,1,positive,1
MAKAM SYAIKHONA KHOLIL BANGKALAN,4,parkir bus kotor masjid bersihmakam didalam masjid,1,positive,1
MAKAM SYAIKHONA KHOLIL BANGKALAN,5,pandemi ziarah makam mbah kholil buka,1,positive,1
MAKAM SYAIKHONA KHOLIL BANGKALAN,5,rindu,1,positive,0
MAKAM SYAIKHONA KHOLIL BANGKALAN,5,gurunya guru nusantara,1,positive,0
MAKAM SYAIKHONA KHOLIL BANGKALAN,5,masjid megah bersih,1,positive,1
MAKAM SYAIKHONA KHOLIL BANGKALAN,5,bismillah ngalap barokah,1,positive,1
MAKAM SYAIKHONA KHOLIL BANGKALAN,5,berkunjung sholat hati tenang plongamin ya allah,1,positive,1
MAKAM SYAIKHONA KHOLIL BANGKALAN,5,yang nyaman parkir luas pengunjung membludak makam mbah kholil bangkalan madura berlokasi dibelakang masjid,1,positive,1
MAKAM SYAIKHONA KHOLIL BANGKALAN,5,santri berkumpulnyaman tenang,1,positive,3
MAKAM SYAIKHONA KHOLIL BANGKALAN,5,makam salah ulama terkenal madura tepatnya bangkalan,1,positive,1
MAKAM SYAIKHONA KHOLIL BANGKALAN,5,subhanallahhh,1,positive,-1
MAKAM SYAIKHONA KHOLIL BANGKALAN,5,mantap,1,positive,8
MAKAM SYAIKHONA KHOLIL BANGKALAN,5,wisata religi,1,positive,3
MAKAM SYAIKHONA KHOLIL BANGKALAN,5,masjid terletak bangkalan tujuan ziaroh umat muslim tempatnya nyaman bersih menenangkan,1,positive,1
MAKAM SYAIKHONA KHOLIL BANGKALAN,5,mantap,1,positive,8
MAKAM SYAIKHONA KHOLIL BANGKALAN,5,bilbarokah wal karomah waliyullah mbah kholil bangkalan whatsapp bisyafaati rosulillahi shallallahu alaihi whatsapp sallam,1,positive,1
MAKAM SYAIKHONA KHOLIL BANGKALAN,5,ramai,1,positive,13
MAKAM SYAIKHONA KHOLIL BANGKALAN,5,tempatnya nyaman bersih aman,1,positive,-1
MAKAM SYAIKHONA KHOLIL BANGKALAN,5,biografi kh kholil bangkalan madura selasa tanggal jumadil h januari m abdul lathif kyai kampung senenan desa kemayoran kecamatan bangkalan kabupaten bangkalan ujung barat pulau madura jawa timur merasakan kegembiraan teramat rahim istrinya lahir anak lakilaki sehat diberinya nama muhammad kholil kelak terkenal nama mbah kholil kh abdul lathif berharap anaknya pemimpin umat nenek moyangnya mengadzani telinga kanan mengiqamati telinga kiri sang bayi kh abdul lathif memohon allah mengabulkan permohonannya mbah kholil berasal keluarga ulama ayahnya kh abdul lathif pertalian darah sunan gunung jati bapak abdul lathif kyai hamim anak kyai abdul karim anak kyai muharram bin kyai asror karomah bin kyai abdullah bin sayyid sulaiman sayyid sulaiman cucu sunan gunung jati salah kh abdul lathif mendambakan anaknya kelak mengikuti jejak sunan gunung jati terhitung keturunannya ayahnya dididik ketat mbah kholil bakat istimewa kehausannya ilmu ilmu fiqh nahwu hafal nazham alfiyah ibnu malik seribu bait ilmu nahwu usia muda memenuhi harapan kehausannya ilmu fiqh ilmu orang tua mbah kholil mengirimnya pesantren menimba ilmu,1,positive,1
MAKAM SYAIKHONA KHOLIL BANGKALAN,5,ramai orang beribadah,1,positive,13
MAKAM SYAIKHONA KHOLIL BANGKALAN,3,wisata religi auliya pulau madura jawa timur,0,positive,3
MAKAM SYAIKHONA KHOLIL BANGKALAN,5,ngalab berkah,1,positive,1
MAKAM SYAIKHONA KHOLIL BANGKALAN,5,tidak sepi pengunjung,1,positive,-1
MAKAM SYAIKHONA KHOLIL BANGKALAN,5,makam mbah kholil bangkalan menjadikannya wisata religi mengkaji sejarah ulama makamnya terletak mesjid disekitarnya penjual makanan khas madura contohnya sate madura,1,positive,1
MAKAM SYAIKHONA KHOLIL BANGKALAN,5,mantap masjid nya gede parkiran luas alhamdulilah kesampean juga ziarah kesini perjalanan nya lumayan juga ber jam jam tujuan masih daerah situ juga,1,positive,2
MAKAM SYAIKHONA KHOLIL BANGKALAN,4,bersih aman,1,positive,0
MAKAM SYAIKHONA KHOLIL BANGKALAN,5,syaikhona kholil bangkalan,1,positive,1
MAKAM SYAIKHONA KHOLIL BANGKALAN,3,masjidnya bagus airnya bayar toilet bayar,0,negative,1
MAKAM SYAIKHONA KHOLIL BANGKALAN,5,bersih parkir luas beli suvenir,1,positive,15
MAKAM SYAIKHONA KHOLIL BANGKALAN,5,lingkungan mesjidnya sungguh megah berkah ulama dijugjug anggang diteang semoga berkahnya,1,positive,1
MAKAM SYAIKHONA KHOLIL BANGKALAN,5,kenalkan buah hati waliyullah tiada belajar mengenang jasa,1,positive,1
MAKAM SYAIKHONA KHOLIL BANGKALAN,5,alhamdulilah semoga barokah,1,positive,1
MAKAM SYAIKHONA KHOLIL BANGKALAN,4,parkir enk,1,negative,0
MAKAM SYAIKHONA KHOLIL BANGKALAN,4,alhamdulilah berziarah mbah cholil bangkalan,1,positive,1
MAKAM SYAIKHONA KHOLIL BANGKALAN,5,masjidnya bagus bersih,1,positive,1
MAKAM SYAIKHONA KHOLIL BANGKALAN,5,hati adem ayem nyamanilakes,1,positive,16
MAKAM SYAIKHONA KHOLIL BANGKALAN,5,barokah,1,positive,1
MAKAM SYAIKHONA KHOLIL BANGKALAN,5,peziarah kota mobil bis sabar antri,1,positive,13
MAKAM SYAIKHONA KHOLIL BANGKALAN,5,bagus menenangkan hati,1,positive,16
MAKAM SYAIKHONA KHOLIL BANGKALAN,5,semoga barokahnya,1,positive,1
MAKAM SYAIKHONA KHOLIL BANGKALAN,5,nyaman fasilitas memadai bersih,1,positive,-1
MAKAM SYAIKHONA KHOLIL BANGKALAN,4,masjidnya indah nyaman halaman parkir luas makanan harganya ekonomis,1,positive,1
MAKAM SYAIKHONA KHOLIL BANGKALAN,5,makom auliya sesepuh nu,1,positive,1
MAKAM SYAIKHONA KHOLIL BANGKALAN,5,kali ketempat inisangat bagus masjidnya,1,positive,1
MAKAM SYAIKHONA KHOLIL BANGKALAN,5,makam syaikhona muhammad kholil bangkalan madura beliau guru pendiri organisasi masyarakat ormas islam belajar sejarah disana berdoa allah tempatnya nyaman tersedia masjid wudhu lakilaki perempuan terpisah tempatnya bersih terawat pokoknya,1,positive,1
MAKAM SYAIKHONA KHOLIL BANGKALAN,5,alham dulillah bismillah smoga barkah,1,positive,1
MAKAM SYAIKHONA KHOLIL BANGKALAN,5,masjid yang bersihindahmakam mbah cholili dalam masjid,1,positive,1
MAKAM SYAIKHONA KHOLIL BANGKALAN,5,ziarah pendiri nahdhlotul ulama,1,positive,1
MAKAM SYAIKHONA KHOLIL BANGKALAN,3,alhamdulilah mbah kholil bangkalan,0,positive,1
MAKAM SYAIKHONA KHOLIL BANGKALAN,5,syaikhona mohammad kholil bin abdul latit gurunya ulama tokohtokoh indonesia pulau madura jawa semoga barokah n manfaat ilmu dari beliau amin,1,positive,1
MAKAM SYAIKHONA KHOLIL BANGKALAN,5,masjidnya masya allah leluasa pintu masuk jual beli ya kalau kasih saran bikin stand mesjidnya teras masjid dilarang aqad jual beli mesjid sepengetahuan kirqng lebij mohon maaf terimakasih,1,positive,1
MAKAM SYAIKHONA KHOLIL BANGKALAN,5,masjid indah halaman parkir luas berbelanja makanan khas madura,1,positive,1
MAKAM SYAIKHONA KHOLIL BANGKALAN,4,kesana jalur pelabuhan ujungkamal pelabuhan jalannya sdh beraspal tempatnya mudah diakses mata air yang dikelola mata air kemas botol plastik lt dijual rb airnya segar dibeli serambi masjid,1,positive,2
MAKAM SYAIKHONA KHOLIL BANGKALAN,5,semoga mendapatkah barokahnya,1,positive,1
MAKAM SYAIKHONA KHOLIL BANGKALAN,5,wisata religi,1,positive,3
MAKAM SYAIKHONA KHOLIL BANGKALAN,1,mantabb,0,positive,8
MAKAM SYAIKHONA KHOLIL BANGKALAN,5,alhamdulilah sowan dateng pesarean nipun romo yai kholil bangkalan madura dimana beliau salah ulama menyebarkan agama islam dipulau jawa pulau madura oh iya madura sampai lupa makan makanan khasnya ya teman sate madura lupa membeli oleholeh yang sdh tersedia standstand penjual area parkir kendaraan ya teman,1,positive,1
MAKAM SYAIKHONA KHOLIL BANGKALAN,5,ziarah bangkalan madura wisata religi,1,positive,3
MAKAM SYAIKHONA KHOLIL BANGKALAN,5,semoga akuin santrinya,1,positive,1
MAKAM SYAIKHONA KHOLIL BANGKALAN,5,subhanallah,1,positive,-1
MAKAM SYAIKHONA KHOLIL BANGKALAN,5,ditata menpesona,1,positive,-1
MAKAM SYAIKHONA KHOLIL BANGKALAN,5,lokasi makam fasilitas lengkap masjid yang halaman parkir luas belanja,1,positive,1
MAKAM SYAIKHONA KHOLIL BANGKALAN,5,makam waliyullah kh kholil bangkalan madura,1,positive,1
MAKAM SYAIKHONA KHOLIL BANGKALAN,4,masjid megah,1,positive,1
MAKAM SYAIKHONA KHOLIL BANGKALAN,5,alhamdulilah,1,positive,14
MAKAM SYAIKHONA KHOLIL BANGKALAN,5,rombongan watucongol kh agus aly qoisor,1,positive,1
MAKAM SYAIKHONA KHOLIL BANGKALAN,5,jam malam makam mbah kholil bangkalan rame peziarah,1,positive,1
MAKAM SYAIKHONA KHOLIL BANGKALAN,5,bukti janji allah swt menurunkan keberkahan dari langit bumi penduduk beriman bertaqwa,1,positive,1
MAKAM SYAIKHONA KHOLIL BANGKALAN,5,ketenangan rohani,1,positive,0
MAKAM SYAIKHONA KHOLIL BANGKALAN,4,wisara religi,1,positive,0
MAKAM SYAIKHONA KHOLIL BANGKALAN,5,bersih nyaman,1,positive,0
MAKAM SYAIKHONA KHOLIL BANGKALAN,5,lokasi makam berjarak km jembatan nasional suramadu ditempuh kisaran menit akses lokasi mudah lahan parkir kendaraan bermotor tersedia memadai parkir roda parkir kendaraan,1,positive,2
MAKAM SYAIKHONA KHOLIL BANGKALAN,5,syaikhona kholil ulama kekasih allah yang menelurkan ulama ulama tanah jawa seindonesia beliau memiliki karomah yang ulama tdak diajarkan pesantren tapi cambuk riyadhoh mengabdi total pulang kampung halamanya ulama ulama semoga bermanfaat,1,positive,1
MAKAM SYAIKHONA KHOLIL BANGKALAN,5,subhanallah,1,positive,-1
MAKAM SYAIKHONA KHOLIL BANGKALAN,5,alhamdulilah mbah kholil,1,positive,1
MAKAM SYAIKHONA KHOLIL BANGKALAN,5,semoga ziarah beliau sekeluarga,1,positive,1
MAKAM SYAIKHONA KHOLIL BANGKALAN,5,makam nya terletak masjid masjid nya bersih luas are parkir luas toilet kamar mandi pedagang nya banyak lupa beli khas madura yah teman,1,positive,1
MAKAM SYAIKHONA KHOLIL BANGKALAN,5,alhamdulilah,1,positive,14
MAKAM SYAIKHONA KHOLIL BANGKALAN,5,tempatnya bagus,1,positive,11
MAKAM SYAIKHONA KHOLIL BANGKALAN,5,semoga rutin ziaroh makam syaikhona kholil amin,1,positive,1
MAKAM SYAIKHONA KHOLIL BANGKALAN,5,karomah beliau jam ramai peziarah,1,positive,13
MAKAM SYAIKHONA KHOLIL BANGKALAN,5,pulau madura lupa ziarah makam mbah kholil bangkalan hajatnya kabulkan allah swt aamiinn,1,positive,1
MAKAM SYAIKHONA KHOLIL BANGKALAN,5,bersyukur,1,positive,-1
MAKAM SYAIKHONA KHOLIL BANGKALAN,5,tempatnya megah artistik recommended sekali sudah pokoknya,1,positive,-1
MAKAM SYAIKHONA KHOLIL BANGKALAN,5,masjid yang megah bersih parkiran luas untuk berziarah makam khcholil didalam masjid,1,positive,1
MAKAM SYAIKHONA KHOLIL BANGKALAN,5,ziarah lupa makan sate madura,1,positive,-1
MAKAM SYAIKHONA KHOLIL BANGKALAN,5,bagus ziarah kematian,1,positive,0
MAKAM SYAIKHONA KHOLIL BANGKALAN,5,ramai jamaah,1,positive,13
MAKAM SYAIKHONA KHOLIL BANGKALAN,4,masjidnya apike paling,1,positive,-1
MAKAM SYAIKHONA KHOLIL BANGKALAN,4,rombongan jamaah wisata religi clumpritdegayupekalongan utarajawa,1,positive,-1
MAKAM SYAIKHONA KHOLIL BANGKALAN,5,teduh pantai panas,1,positive,-1
MAKAM SYAIKHONA KHOLIL BANGKALAN,5,kebanggaan bangkalan ramai didatangi pengunjung harinya bangkalan pengunjung pergi silih berganti peziarah batu ampar sampang langsung kota sumenep asta makam raja raja sumenep dilanjutkan asta sayyid yusuf pulau talango oke,1,positive,1
MAKAM SYAIKHONA KHOLIL BANGKALAN,5,jiarah kubur,1,positive,-1
MAKAM SYAIKHONA KHOLIL BANGKALAN,5,alhamdulilah,1,positive,14
MAKAM SYAIKHONA KHOLIL BANGKALAN,5,pulau madura lupa ziarah makam mbah kholil bangkalan semoga perjalanan ridhoi allah amin,1,positive,1
MAKAM SYAIKHONA KHOLIL BANGKALAN,5,salah wajib datengin berkunjung madura,1,positive,-1
MAKAM SYAIKHONA KHOLIL BANGKALAN,5,ziarah,1,positive,-1
MAKAM SYAIKHONA KHOLIL BANGKALAN,3,menambah wawasan spritual beliau mediator pendiri organisasi nu karismatik beliau kekuatan spritual beliau harapkan perantara terkabulkan doa rabbul semesta alam,0,positive,1
MAKAM SYAIKHONA KHOLIL BANGKALAN,5,yang bersejarah suka bersejarah,1,positive,-1
MAKAM SYAIKHONA KHOLIL BANGKALAN,5,makam waliyulloh daerah madura yang penuh dngn karomah,1,positive,1
MAKAM SYAIKHONA KHOLIL BANGKALAN,5,perjalanan spiritual,1,positive,0
MAKAM SYAIKHONA KHOLIL BANGKALAN,1,maaf kali kasih review toiletkamar mandi karena salah fasilitas ditarik uang rporang kebersihannya buruk bangeeeet toilet parkir airnya kuning lantai jorok bau toilet masjidnya jorok bangeeeeeet,0,negative,1
MAKAM SYAIKHONA KHOLIL BANGKALAN,5,ziarah yang mengagumkan kangen ingin lagi,1,positive,-1
MAKAM SYAIKHONA KHOLIL BANGKALAN,5,makam mbah kholil sisi kanan masjid ramai datangi peziarah pelosok negeri parkiran masjid luas tapi seberang masjid parkiran tambahan untuk mengantisipasi lonjakan peziarah,1,positive,1
MAKAM SYAIKHONA KHOLIL BANGKALAN,5,tempatnya tenang tidak pengemis,1,positive,11
MAKAM SYAIKHONA KHOLIL BANGKALAN,5,bismillah sih berubah berubah sekali masjid halamannya parkirnya pedagang kaki limanya berubah total sih ramai salah ulama indonesia pedagang kaki limanya berjualan clurit baju samper khas madura snack krupuk khas madura tidak ketinggalan sate madura siapa yang kesana,1,positive,1
MAKAM SYAIKHONA KHOLIL BANGKALAN,5,kesini ketemu hanafii,1,positive,-1
MAKAM SYAIKHONA KHOLIL BANGKALAN,5,alhamdulilah bisa berziarah makam mbah kholil bangkalanmadurauntuk mencapai harus menyebrangi jembatan suramadu yang panjangnya lbih dari kmpengalaman yang mengesankandi trdapat banyak pedagang makanan trutama sate madura yang harganya terjangkau,1,positive,1
MAKAM SYAIKHONA KHOLIL BANGKALAN,5,barokallah mbah kholil,1,positive,1
MAKAM SYAIKHONA KHOLIL BANGKALAN,5,megah,1,positive,0
MAKAM SYAIKHONA KHOLIL BANGKALAN,5,suci tenangalhamdulillah nyampek lokasi membawa ketenangan,1,positive,-1
MAKAM SYAIKHONA KHOLIL BANGKALAN,5,karena makam waliyulloh,1,positive,1
MAKAM SYAIKHONA KHOLIL BANGKALAN,5,salah berziarah kabupaten bangkalan letaknya strategis pusat kota bangkalan berziarah umat muslim tokoh disemayamkan kh m kholil mbah kholil beliau salah penyebar agama islam pulau madura makam beliau masjid makam wali songo ramai dikunjungi,1,positive,1
MAKAM SYAIKHONA KHOLIL BANGKALAN,4,ramai peziarah makam mbah kholil bangkalan madura,1,positive,1
MAKAM SYAIKHONA KHOLIL BANGKALAN,5,ziarah makam syaikhona muhammad kholil,1,positive,1
MAKAM SYAIKHONA KHOLIL BANGKALAN,5,allah akbar,1,positive,1
MAKAM SYAIKHONA KHOLIL BANGKALAN,5,makam mbah kholil bangkalan,1,positive,1
MAKAM SYAIKHONA KHOLIL BANGKALAN,5,syaikhona salah sejarah kiyai nusantara yang makam beliau padat peziarah yang kesinibkn dari pulau madura jawa yang kesimni nama beliau masyhur nusantara kalangan santri parkir luas souvenir makananya istimewa murah harga dl membeli,1,positive,1
MAKAM SYAIKHONA KHOLIL BANGKALAN,4,pesarean kiai yang dihormati masyarakat jd dengan masjid yang luas,1,positive,1
MAKAM SYAIKHONA KHOLIL BANGKALAN,5,subhanallah,1,positive,-1
MAKAM SYAIKHONA KHOLIL BANGKALAN,5,religi maqbaroh guru ulama nusantara,1,positive,1
MAKAM SYAIKHONA KHOLIL BANGKALAN,5,makam suci salah ulam makamnya areal masjid indah arsitektur masjid megah halamannya luas parkir bis sebelah masjid parkirnya luas penjual makanan warung warung penjual khas madura pisau pakaian sate lainlain fasilitas kamar mandi toilet bersih,1,positive,1
MAKAM SYAIKHONA KHOLIL BANGKALAN,5,subhanaallah peristirahatan ulama indonesia beliau salah guru kakek buyut terletak kanan masjid makam ramai dikunjungi peziarah siang malam disediakan alquran masjid fasilitas memadai interior mewah disediakan peziarah menunaikan shalat ibadah sunnah wudhu nya bersih luas dilengkapi kamar mandi bersih disekitar makam minimarket kios oleholeh khas madura beli jarak gapura pintu masuk patung alquran bertuliskan makam kyai kholil bangkalan makamnya km kendaraan pribadi,1,positive,1
MAKAM SYAIKHONA KHOLIL BANGKALAN,5,alhamdulilah jua ziaroh ksini mudahan bertaan berkat sidin amin ya rabbal alamin,1,positive,1
MAKAM SYAIKHONA KHOLIL BANGKALAN,5,bagus tentram,1,positive,0
MAKAM SYAIKHONA KHOLIL BANGKALAN,5,menyesap,1,positive,-1
MAKAM SYAIKHONA KHOLIL BANGKALAN,4,cocok wisata religi,1,positive,3
MAKAM SYAIKHONA KHOLIL BANGKALAN,5,mbah kholil bangkalan guru kiyai nusantarabarokalloh,1,positive,1
MAKAM SYAIKHONA KHOLIL BANGKALAN,5,makam guru ulama nusantara,1,positive,1
MAKAM SYAIKHONA KHOLIL BANGKALAN,5,wisata religi,1,positive,3
MAKAM SYAIKHONA KHOLIL BANGKALAN,5,masjid megah,1,positive,1
MAKAM SYAIKHONA KHOLIL BANGKALAN,5,makam mbah kholil bangkalan madura mewah interior eksterior indah masjidmasjid turki makam mudah dijangkau google map mudah makam mbah kholil bangkalan tersedia kamar mandi wudhu parkir luas seberang jalan masjid toko menyediakan oleholeh cantik manis dibawa keluarga destinasi wisata religi direkomendasikan pelancong kabupaten bangkalan direkomendasikan berziarah mengunjungi masjid syaikhona kholil bangkalan masjid lampu arsitektur indah disediakan mata air air minum dijual petugas masjid makam syeh khona kholil pengunjung namanya martajesah lupa abadikan peristiwa peristiwa makam syeh khona kholil berfoto berkunjung bangkalan lengkap masjid makam syeh khona kholil berziarah wisata religi keluarga tercinta,1,positive,1
MAKAM SYAIKHONA KHOLIL BANGKALAN,5,lokasi makam syekh kholil musholah barisan masjid enak nyaman rapi kmar mandi mantap,1,positive,1
MAKAM SYAIKHONA KHOLIL BANGKALAN,5,suasana sejuk bikin hati adem,1,positive,-1
MAKAM SYAIKHONA KHOLIL BANGKALAN,5,makam ulama kharismatik pulau madura kh moh kholil lupa berziaroh membeli khas madura pernak pernik cindera mata,1,positive,1
MAKAM SYAIKHONA KHOLIL BANGKALAN,5,salah makam waliyullah nusantara,1,positive,1
MAKAM SYAIKHONA KHOLIL BANGKALAN,5,penumpang makam kyai chalil,1,positive,1
MAKAM SYAIKHONA KHOLIL BANGKALAN,5,makam mbah holil bangkalan semoga barokah,1,positive,1
MAKAM SYAIKHONA KHOLIL BANGKALAN,5,bagus,1,positive,4
MAKAM SYAIKHONA KHOLIL BANGKALAN,5,sampai kondisinya,1,positive,0
MAKAM SYAIKHONA KHOLIL BANGKALAN,4,bagus,1,positive,4
MAKAM SYAIKHONA KHOLIL BANGKALAN,4,diperhatikan jenis kamar mandi berbayar dikelola masyarakat gratis dikelola masjid sungkan uang penjaga kamar mandi kecuali berniat shadaqah oleholeh khas celurit penjual celurit celurit asli gantungan kunci motif celurit,1,positive,1
MAKAM SYAIKHONA KHOLIL BANGKALAN,2,masjid makamnya bersih kamar mandi parkirnya kotor,0,negative,1
MAKAM SYAIKHONA KHOLIL BANGKALAN,2,ziarahnya nyaman makan gandeng masjid parkir busnya yang sangat kemprohterkwmproh indonesiamiris,0,positive,1
MAKAM SYAIKHONA KHOLIL BANGKALAN,5,dimakamkanya syaikhona kholil cicit beliau al majdub ra lilur,1,positive,1
MAKAM SYAIKHONA KHOLIL BANGKALAN,5,salah ulama jawa berdakwah tanah madura masyhur kiprahnya penyebaran agama islam teladan wafatnya memajukan ekonomi masyarakat pengaruhnya lekang,1,positive,1
MAKAM SYAIKHONA KHOLIL BANGKALAN,5,menarik luas bersih pas musim hujan air menggenang,1,positive,9
MAKAM SYAIKHONA KHOLIL BANGKALAN,5,kerja bagus,1,positive,0
MAKAM SYAIKHONA KHOLIL BANGKALAN,5,makam guru dari pendiri nu,1,positive,1
MAKAM SYAIKHONA KHOLIL BANGKALAN,5,alalim alallamah asysyekh haji muhammad kholil bin abdul lathif basyaiban albangkalani almaduri aljawi asysyafii dikenal nama syaikhona kholil syekh kholil ulama kharismatik pulau madura provinsi jawa timur indonesia,1,positive,1
MAKAM SYAIKHONA KHOLIL BANGKALAN,5,masjit e indah jembar,1,positive,-1
MAKAM SYAIKHONA KHOLIL BANGKALAN,5,mantul,1,positive,8
MAKAM SYAIKHONA KHOLIL BANGKALAN,5,saja rame sekali area makam luas masjidnya parkir luas penjual makanan toilet bersih,1,positive,1
MAKAM SYAIKHONA KHOLIL BANGKALAN,5,tempatnya luas masjidnya bagus,1,positive,1
MAKAM SYAIKHONA KHOLIL BANGKALAN,5,makam waliyullah masjid indah sejuk luas wudhu nyaman kamar mandi minimarket parkir luas,1,positive,1
MAKAM SYAIKHONA KHOLIL BANGKALAN,5,jam suasana ramai zairin zairat,1,positive,3
MAKAM SYAIKHONA KHOLIL BANGKALAN,5,lokasi parkir luas,1,positive,15
MAKAM SYAIKHONA KHOLIL BANGKALAN,5,ziarah ulama nu,1,positive,1
MAKAM SYAIKHONA KHOLIL BANGKALAN,4,sejuk hati rekomendasi,1,positive,16
MAKAM SYAIKHONA KHOLIL BANGKALAN,5,salah ulama madura terkenal kewalianya,1,positive,1
MAKAM SYAIKHONA KHOLIL BANGKALAN,5,menghilangkan sakit hati,1,positive,16
MAKAM SYAIKHONA KHOLIL BANGKALAN,5,wisata religi recomend parkir luas fasilitas penziarah kota,1,positive,1
MAKAM SYAIKHONA KHOLIL BANGKALAN,5,oke,1,positive,17
MAKAM SYAIKHONA KHOLIL BANGKALAN,5,berziarah peziarah mencintai mengembangkan nilainilai religius belantara nusantara,1,positive,1
MAKAM SYAIKHONA KHOLIL BANGKALAN,5,alasan,1,positive,0
MAKAM SYAIKHONA KHOLIL BANGKALAN,5,salah makam ulama dikunjungi wisatan religi,1,positive,1
MAKAM SYAIKHONA KHOLIL BANGKALAN,5,salah wisata religi dibangkalan,1,positive,-1
MAKAM SYAIKHONA KHOLIL BANGKALAN,5,makam wali yuloh,1,positive,1
MAKAM SYAIKHONA KHOLIL BANGKALAN,5,makam syaihona kholil bangkalan madura,1,positive,1
MAKAM SYAIKHONA KHOLIL BANGKALAN,4,beliau guru pendiri nu muhammadiyah,1,positive,1
MAKAM SYAIKHONA KHOLIL BANGKALAN,5,masjidnya bagus bersihdekat pasar malam anakanak suka kereta hias,1,positive,1
MAKAM SYAIKHONA KHOLIL BANGKALAN,5,dapat menenangkan pikiran yang galau,1,positive,16
MAKAM SYAIKHONA KHOLIL BANGKALAN,4,wajib dikunjungi bangkalan,1,positive,3
MAKAM SYAIKHONA KHOLIL BANGKALAN,5,ziarah terkenal kota bangkalan madurabanyak bus pariwisata peziarah kota indonesia masjidnya luas nyaman sekali betah berlama terus mata air air minum kemasan yang jual daerah pemakaman masjidnya lantai letak makamnya masjid batasi pagar posisi makamnya pagar parkirnya luas sekali panas pepohonan daerah pemakaman pusat makan minimarket kuatir kalau berkunjung kesini lengkap wisata religi wisata kuliner bisaenjoy traveling teman,1,positive,1
MAKAM SYAIKHONA KHOLIL BANGKALAN,5,mantap,1,positive,8
MAKAM SYAIKHONA KHOLIL BANGKALAN,5,waliyullah semoga berkah,1,positive,1
MAKAM SYAIKHONA KHOLIL BANGKALAN,5,bagus sekarg gimanah,1,positive,0
MAKAM SYAIKHONA KHOLIL BANGKALAN,5,makam salah tokoh ulama wilayah bangkalan madura makam mbah kholil salah ulama wali allah memiliki karomah makam masjid bagus luas sekali ramai peziarah wilayah tanah air,1,positive,1
MAKAM SYAIKHONA KHOLIL BANGKALAN,5,tempatnya luas masjidnya bagus sejuk hati berziarah,1,positive,1
MAKAM SYAIKHONA KHOLIL BANGKALAN,5,ziarah,1,positive,-1
MAKAM SYAIKHONA KHOLIL BANGKALAN,5,area parkir luas peziarah kota masjidnya bersih rapi penjual makanan khas madura biaya tiket masuk membayar parkir akses lokasi bagus peziarah jaga kebersihan ya,1,positive,1
MAKAM SYAIKHONA KHOLIL BANGKALAN,5,guru ulama menimbah ilmu guru nu,1,positive,1
MAKAM SYAIKHONA KHOLIL BANGKALAN,5,makam wali n wisata religi bangkalan madura adalah wali yang penuh keramat,1,positive,1
MAKAM SYAIKHONA KHOLIL BANGKALAN,5,satenya mantao,1,positive,-1
MAKAM SYAIKHONA KHOLIL BANGKALAN,4,masjid nya indah tempatnya makam mbah kholil tempatnya luas megah,1,positive,1
MAKAM SYAIKHONA KHOLIL BANGKALAN,5,makam beliau syaikhona kholil persis disebelah kanan pengimamaman masjid,1,positive,1
MAKAM SYAIKHONA KHOLIL BANGKALAN,5,makam guru pendiri ormas islam mayoritas indonesia,1,positive,1
MAKAM SYAIKHONA KHOLIL BANGKALAN,5,disarankan mampir kesini barokahnya nyata,1,positive,1
MAKAM SYAIKHONA KHOLIL BANGKALAN,5,kenangan hidup,1,positive,0
MAKAM SYAIKHONA KHOLIL BANGKALAN,5,bagus,1,positive,4
MAKAM SYAIKHONA KHOLIL BANGKALAN,5,menyejukkan hati,1,positive,16
MAKAM SYAIKHONA KHOLIL BANGKALAN,3,nya bersih rame sekali orang ziarah masjid nya adem tenang kamar mandi wc wudhu laki laki perempuan halaman parkir bis parkir motor sebrang masjid pondok jual unik samping makam yang jual benda tajam tani seperti pisau clurit arit tanggung dsb,0,positive,1
MAKAM SYAIKHONA KHOLIL BANGKALAN,5,semoga berkah,1,positive,1
MAKAM SYAIKHONA KHOLIL BANGKALAN,5,nya bagus adem sayang pengunjung nya jorok tidak jaga kebersihan buang sampah jdnya sampah dimana hmm kasihan pengelolanya,1,negative,2
MAKAM SYAIKHONA KHOLIL BANGKALAN,5,kh kholil bangkalan madura selasa tanggal jumadil h januari m abdul lathif kyai kampung senenan desa kemayoran kecamatan bangkalan kabupaten bangkalan ujung barat pulau madura jawa timur merasakan kegembiraan teramat rahim istrinya lahir anak lakilaki sehat diberinya nama muhammad kholil kelak terkenal nama mbah kholil mbah kholil berasal keluarga ulama ayahnya kh abdul lathif pertalian darah sunan gunung jati bapak abdul lathif kyai hamim anak kyai abdul karim anak kyai muharram bin kyai asror karomah bin kyai abdullah bin sayyid sulaiman sayyid sulaiman cucu sunan gunung jati salah kh abdul lathif mendambakan anaknya kelak mengikuti jejak sunan gunung jati terhitung keturunannya,1,positive,1
MAKAM SYAIKHONA KHOLIL BANGKALAN,5,bagus,1,positive,4
MAKAM SYAIKHONA KHOLIL BANGKALAN,5,lokasi ujung kabupaten bangkalan parkir luas warga ramah nunjukin jalan arah makam wc lakilaki perempuan wudhu makam terletak masjid sebelah kanan imam rombongan berziarah daerah jawa timur,1,positive,1
MAKAM SYAIKHONA KHOLIL BANGKALAN,5,adiwarna grup wisata makam syaikhona kholil bangkalanyg aksesnya,1,positive,1
MAKAM SYAIKHONA KHOLIL BANGKALAN,5,makam wali pulau garam,1,positive,1
MAKAM SYAIKHONA KHOLIL BANGKALAN,5,waaaahhh megah nyamannya bikin tidak pulang,1,positive,-1
MAKAM SYAIKHONA KHOLIL BANGKALAN,5,bagus,1,positive,4
MAKAM SYAIKHONA KHOLIL BANGKALAN,5,suka arsitektur bangunan masjid menggabungkan masjid nuansa keraton,1,positive,1
MAKAM SYAIKHONA KHOLIL BANGKALAN,5,semoga beruntung,1,positive,1
MAKAM SYAIKHONA KHOLIL BANGKALAN,5,barakallah semoga barokah amin,1,positive,1
MAKAM SYAIKHONA KHOLIL BANGKALAN,5,masjid suasana yang bisa hati tenang nyaman ranyanya pulang,1,positive,-1
MAKAM SYAIKHONA KHOLIL BANGKALAN,4,tempatnya bagus bangunannya bagus,1,positive,11
MAKAM SYAIKHONA KHOLIL BANGKALAN,5,insya allah penuh berkah,1,positive,1
MAKAM SYAIKHONA KHOLIL BANGKALAN,5,salah wali allah penyebar agama islam pulau madura bentuk trimah kasih beliau mari ki doakan,1,positive,1
MAKAM SYAIKHONA KHOLIL BANGKALAN,5,disarankan dalan perjalanan ziarah wali,1,positive,1
MAKAM SYAIKHONA KHOLIL BANGKALAN,3,sungguh bahagia aku di,0,positive,-1
MAKAM SYAIKHONA KHOLIL BANGKALAN,5,wisata religi bangkalan,1,positive,3
MAKAM SYAIKHONA KHOLIL BANGKALAN,5,bagus xaman n damai kamu sudah di,1,positive,0
MAKAM SYAIKHONA KHOLIL BANGKALAN,5,ukiran bangunannya detail sekali,1,positive,1
MAKAM SYAIKHONA KHOLIL BANGKALAN,4,masjid juga makam mbah kholil madura,1,positive,1
MAKAM SYAIKHONA KHOLIL BANGKALAN,5,makam syeikh holil bangkalan yang tokoh ulama waliyullah indonesia,1,positive,1
MAKAM SYAIKHONA KHOLIL BANGKALAN,5,nyaman ibadah,1,positive,0
MAKAM SYAIKHONA KHOLIL BANGKALAN,5,senang ziaroh kesini,1,positive,1
MAKAM SYAIKHONA KHOLIL BANGKALAN,3,ulama indonesia,0,positive,0
MAKAM SYAIKHONA KHOLIL BANGKALAN,3,toilet dimasjid gratis yang dipungut biaya payah,0,positive,5
MAKAM SYAIKHONA KHOLIL BANGKALAN,4,panas,1,positive,0
MAKAM SYAIKHONA KHOLIL BANGKALAN,5,nyaman sekali mendekatkan allah swt betah duduk masjidnya parkirnya luas,1,positive,1
MAKAM SYAIKHONA KHOLIL BANGKALAN,3,maqom syaikhona kholil bangkalan madura tertegun peziarah seakanakan tiada berhenti peziarah pergi tujuan mendoakan beliau almarhum syaikhona kholil bangkalan tokoh sentral pergerakan dakwah pesisir utara pulau jawa pulau madura,0,positive,1
MAKAM SYAIKHONA KHOLIL BANGKALAN,4,kpan ziarah lagi,1,positive,-1
MAKAM SYAIKHONA KHOLIL BANGKALAN,5,wisata religi,1,positive,3
MAKAM SYAIKHONA KHOLIL BANGKALAN,5,udara,1,positive,0
MAKAM SYAIKHONA KHOLIL BANGKALAN,5,alhamdulilah sampai ziarah salah ulama indonesia mbah kholil bangkalan,1,positive,1
MAKAM SYAIKHONA KHOLIL BANGKALAN,5,alhamdulilah smoga ziarah k makam syaikhona,1,positive,1
MAKAM SYAIKHONA KHOLIL BANGKALAN,5,barokalloh insya allah,1,positive,-1
MAKAM SYAIKHONA KHOLIL BANGKALAN,5,seni dalamnya nya bersih nyaman khusuk berdoa,1,positive,1
MAKAM SYAIKHONA KHOLIL BANGKALAN,4,masjid nya bagus,1,positive,1
MAKAM SYAIKHONA KHOLIL BANGKALAN,5,tidak nyangka k alhamdulilah,1,positive,-1
MAKAM SYAIKHONA KHOLIL BANGKALAN,5,teratur lega nyaman diziarahi,1,positive,0
MAKAM SYAIKHONA KHOLIL BANGKALAN,5,bersih nyaman,1,positive,0
MAKAM SYAIKHONA KHOLIL BANGKALAN,5,makam wali sepi pengunjungsubhanalloh,1,positive,1
MAKAM SYAIKHONA KHOLIL BANGKALAN,5,wisata religi,1,positive,3
MAKAM SYAIKHONA KHOLIL BANGKALAN,5,keramat mesti dijaga baikbaik nilai sejarah dipelihara dikelola orangorang bertanggung,1,positive,5
MAKAM SYAIKHONA KHOLIL BANGKALAN,5,indah,1,positive,0
MAKAM SYAIKHONA KHOLIL BANGKALAN,5,alhamdulilah ziarah martajazah tidak tau hati tenang sekali,1,positive,1
MAKAM SYAIKHONA KHOLIL BANGKALAN,5,wisata religi nyeeeess,1,positive,3
MAKAM SYAIKHONA KHOLIL BANGKALAN,4,masjid mbah kholil bertempat pulau madura tepatnya bangkalan,1,positive,1
MAKAM SYAIKHONA KHOLIL BANGKALAN,5,alhamdulilah kesana semoga kesana amiiin,1,positive,1
MAKAM SYAIKHONA KHOLIL BANGKALAN,5,wajib dikunjungi peziarah nusantara karena beliau adlah tokoh aswaja sejati dari madura,1,positive,1
MAKAM SYAIKHONA KHOLIL BANGKALAN,5,luass tempatnya,1,positive,0
MAKAM SYAIKHONA KHOLIL BANGKALAN,5,bagus,1,positive,4
MAKAM SYAIKHONA KHOLIL BANGKALAN,5,salah makam wali penyebar agama islam pulau madura,1,positive,1
MAKAM SYAIKHONA KHOLIL BANGKALAN,5,menambah pengalaman spiritual,1,positive,-1
MAKAM SYAIKHONA KHOLIL BANGKALAN,5,parkiran luas,1,positive,-1
MAKAM SYAIKHONA KHOLIL BANGKALAN,5,wisata religi menentramkan salah guru ulama nusantara,1,positive,1
MAKAM SYAIKHONA KHOLIL BANGKALAN,5,allahummaghfirlahu,1,positive,-1
MAKAM SYAIKHONA KHOLIL BANGKALAN,5,makam ulama masyhur nusantara berperan berdirinya ormas nu luas kamar mandi bersih parkir luas,1,positive,1
MAKAM SYAIKHONA KHOLIL BANGKALAN,5,parkir luas masjid nya megah indah utamanya pintu gerbang aulia tanah madura,1,positive,1
MAKAM SYAIKHONA KHOLIL BANGKALAN,5,perjalanan yang terbayar sudahalhamdulillah,1,positive,-1
MAKAM SYAIKHONA KHOLIL BANGKALAN,5,tempatnya ramai peziarah,1,positive,13
MAKAM SYAIKHONA KHOLIL BANGKALAN,5,bersejarah makam sesepuh ulama,1,positive,1
MAKAM SYAIKHONA KHOLIL BANGKALAN,5,yaa allah kesini,1,positive,1
MAKAM SYAIKHONA KHOLIL BANGKALAN,5,mbah kholil bangkalan madura gurunya ulama dijawa yang makamnya salah kunjungan wisata religi rangka mendekatkan allah swt,1,positive,1
MAKAM SYAIKHONA KHOLIL BANGKALAN,5,religius,1,positive,0
MAKAM SYAIKHONA KHOLIL BANGKALAN,5,barakallah,1,positive,1
MAKAM SYAIKHONA KHOLIL BANGKALAN,5,wisata religi,1,positive,3
MAKAM SYAIKHONA KHOLIL BANGKALAN,5,wisata religi sala pendiri nu,1,positive,1
MAKAM SYAIKHONA KHOLIL BANGKALAN,5,ramai,1,positive,13
MAKAM SYAIKHONA KHOLIL BANGKALAN,5,pemakaman maduradisinilah makam orang penjual ramah memaksa beli jualannya daerah pemakaman batu ampar aermata,1,positive,1
MAKAM SYAIKHONA KHOLIL BANGKALAN,5,tenang sekali sholat masjid,1,positive,1
MAKAM SYAIKHONA KHOLIL BANGKALAN,4,kedamaian hati yang selalu dapatkan kali singgah suasana pagi yang dingin menggigil semoga keberkahan didapatkan kali singgah amiin,1,positive,1
MAKAM SYAIKHONA KHOLIL BANGKALAN,5,bagus wudhu kamar mandi wc penuh peziarah kota,1,positive,1
MAKAM SYAIKHONA KHOLIL BANGKALAN,5,makam masjid sampingnya masjid penuh jamaah,1,positive,1
MAKAM SYAIKHONA KHOLIL BANGKALAN,5,wisata religi,1,positive,3
MAKAM SYAIKHONA KHOLIL BANGKALAN,5,semoga ziarah kesini dikabuli maksud tujuanya,1,positive,1
MAKAM SYAIKHONA KHOLIL BANGKALAN,4,yang bagus mempelajari sejarah mencari berkah allah yang keberkahan,1,positive,1
MAKAM SYAIKHONA KHOLIL BANGKALAN,5,makam beliau mbah kholil didalam masjid ziarah didalam masjid nyaman hanya jalan raya kebanyakan bus bus kemacetan antrean parkir,1,positive,1
MAKAM SYAIKHONA KHOLIL BANGKALAN,5,alhamdulilah barakallah,1,positive,1
MAKAM SYAIKHONA KHOLIL BANGKALAN,5,masjid,1,positive,1
MAKAM SYAIKHONA KHOLIL BANGKALAN,5,makam santo,1,positive,1
MAKAM SYAIKHONA KHOLIL BANGKALAN,5,kunjungan madura,1,positive,3
MAKAM SYAIKHONA KHOLIL BANGKALAN,5,makam wali keramat,1,positive,1
MAKAM SYAIKHONA KHOLIL BANGKALAN,5,makam syaikh makam nyaman,1,positive,1
MAKAM SYAIKHONA KHOLIL BANGKALAN,5,ramai akses masuk jalan raya bus bus ahrus antri masuk,1,positive,5
MAKAM SYAIKHONA KHOLIL BANGKALAN,5,nyaman,1,positive,-1
MAKAM SYAIKHONA KHOLIL BANGKALAN,5,tempatnya nyaman area parkir luas,1,positive,15
MAKAM SYAIKHONA KHOLIL BANGKALAN,5,wisata relizi,1,positive,3
MAKAM SYAIKHONA KHOLIL BANGKALAN,5,makam waliyulloh mbah holil ramai jiarahi warga,1,positive,1
MAKAM SYAIKHONA KHOLIL BANGKALAN,5,pesarean wali syeich masyayech,1,positive,1
MAKAM SYAIKHONA KHOLIL BANGKALAN,5,yang baikkk,1,positive,0
MAKAM SYAIKHONA KHOLIL BANGKALAN,5,gurunya ulama jawamadura,1,positive,1
MAKAM SYAIKHONA KHOLIL BANGKALAN,5,makam syaikhona kholil salah tujuan ziarah rute perjalanan ziarah wali songo makam syaikhona kholil terletak bangkalan madura tepatnya km suramadu,1,positive,1
MAKAM SYAIKHONA KHOLIL BANGKALAN,5,cocok muhasabah,1,positive,0
MAKAM SYAIKHONA KHOLIL BANGKALAN,1,ingin ziarah mbah kholil,0,positive,1
MAKAM SYAIKHONA KHOLIL BANGKALAN,5,allahumma sholli ala sayyidina muhammad,1,positive,-1
MAKAM SYAIKHONA KHOLIL BANGKALAN,5,salah makam yang terkenal asli wangi melati maasyaa allah,1,positive,1
MAKAM SYAIKHONA KHOLIL BANGKALAN,5,bagus cari ketenangan,1,positive,0
MAKAM SYAIKHONA KHOLIL BANGKALAN,5,parkir toko souvenir warung masjid makam lokasi memudahkan dijangkau ditambah toilet yang,1,positive,1
MAKAM SYAIKHONA KHOLIL BANGKALAN,5,ziarah makam syaichona kholil bangkalan madura,1,positive,1
MAKAM SYAIKHONA KHOLIL BANGKALAN,5,rindu bersua,1,positive,0
MAKAM SYAIKHONA KHOLIL BANGKALAN,5,wisata religi bangkalan madura pesarean saikhona kholil salah penggagas jamiyah nu,1,positive,1
MAKAM SYAIKHONA KHOLIL BANGKALAN,4,masjid mbah kholil,1,positive,1
MAKAM SYAIKHONA KHOLIL BANGKALAN,5,tamabah ramai,1,positive,13
MAKAM SYAIKHONA KHOLIL BANGKALAN,5,syekh kholil albangkalani berasal keluarga ulama ayahnya kh abdul lathif pertalian darah sunan gunung jati bapak abdul lathif kiai hamim putra kiai abdul karim bin kiai muharram bin kiai asror karomah bin kiai abdullah bin sayyid sulaiman sayyid sulaiman cucu sunan gunung jati usia syekh kholil menikahi nyai asyik putri lodra putih syekh kholil dididik ketat ayahnya mbah kholil memiliki keistimewaan haus ilmu ilmu fiqh nahwu hafal bait nadzam alfiyah ibnu malik usia muda dididik orang tua mbah kholil mengirimnya pesantren menimba ilmu mengawali pengembaraannya mbah kholil muda belajar kiai muhammad nur pondok pesantren langitan tuban jawa timur langitan pindah pondok pesantren cangaan bangil pasuruan pondok pesantren keboncandi belajar pondok pesantren beliau belajar kiai nur hasan menetap pondok pesantren sidogiri kilometer keboncandi perjalanannya keboncandi sidogiri lupa membaca surat yasin santri mbah kholil menghafal matan matan alfiyah ibnu malik disamping hafidz alquran membaca alquran qiraat sabah usianya mencapai menikah mbah kholil memutuskan pergi makkah utuk ongkos pelayaran tutupi hasil tabungannya nyantri banyuwangi makan pelayaran konon mbah kholil berpuasa dilakukannya rangka menghemat uang mendekatkan allah perjalanannya selamat sesuai namanya kitab almatnus syarif almulaqqab bi fathil latif kitab matan inti berbicara fundamen dasar hukum islam ilmu fiqih menarik kitab setebal halaman kemasyhuran penulisnya kitab menampilkan landscape keilmuan terkesan rumit lugas mudah difahami,1,positive,1
MAKAM SYAIKHONA KHOLIL BANGKALAN,5,wasilah syaikhona holil tabarrukan nyaman sekali,1,positive,1
MAKAM SYAIKHONA KHOLIL BANGKALAN,5,barakallah,1,positive,1
MAKAM SYAIKHONA KHOLIL BANGKALAN,5,salah wali yang ada di pulau madura,1,positive,3
MAKAM SYAIKHONA KHOLIL BANGKALAN,5,masjid makam,1,positive,1
MAKAM SYAIKHONA KHOLIL BANGKALAN,4,tempt realigi yang harus kunjungi makam wali,1,positive,1
MAKAM SYAIKHONA KHOLIL BANGKALAN,5,salah jalan mendekatkan sang pencipta,1,positive,1
MAKAM SYAIKHONA KHOLIL BANGKALAN,2,ziarah salah ulama madura bangkalan,0,positive,1
MAKAM SYAIKHONA KHOLIL BANGKALAN,5,alhamdulilah,1,positive,14
MAKAM SYAIKHONA KHOLIL BANGKALAN,4,giatkan siar islam nusantara madura,1,positive,1
MAKAM SYAIKHONA KHOLIL BANGKALAN,5,suasana menyejukan masjid makam aulia mbah kholil,1,positive,1
MAKAM SYAIKHONA KHOLIL BANGKALAN,4,masjid nya luas lumayan bersih arsitekturnya indah,1,positive,1
MAKAM SYAIKHONA KHOLIL BANGKALAN,3,subhanalloh,0,positive,-1
MAKAM SYAIKHONA KHOLIL BANGKALAN,5,wisata makam muhammad syaikhona kholil bangkalan wisata kunjungi pesona keindahannya duanya penduduk lokal daerah bangkalan ramah tamah wisatawan lokal wisatawan asing kota bangkalan terkenal wisata makam muhammad syaikhona kholil bangkalan menarik untu dikunjungi muhammad syaikhona kholil berasal keluarga ulama ayahnya kh abdul lathif pertalian darah sunan gunung jati bapak abdul lathif kyai hamim anak kyai abdul karim beliau dididik dasar dasar ilmu agama akidah syariah akhlak ayahnya kiai abdul latif syech kholil syaikhona kholil memperdalam ilmu agama pesantren bangkalan tuan guru dawuh desa majaleh bangkalan terkenal metode pengajaran unik dimana pelajarannya menetap pesantren kadang pelajaran berjalan mengelilingi kota bangkalan kadang dibawah pohon dipinggir sungai bukit guru syech kholil syaikhona kholil ulama mekkah tuna netra memiliki ketajaman batin syaikh ali rahbini gurunya syech kholil syaikhona kholildiminta pulang tanah kelahirannya menyebar ilmu umat ditempat pengunjung pengetahuan sejarah religi refresing,1,positive,1
MAKAM SYAIKHONA KHOLIL BANGKALAN,5,ramai,1,positive,13
MAKAM SYAIKHONA KHOLIL BANGKALAN,5,subhanallah,1,positive,-1
MAKAM SYAIKHONA KHOLIL BANGKALAN,5,suka wisata religi sih cocok karena disana,1,positive,-1
MAKAM SYAIKHONA KHOLIL BANGKALAN,5,bersemayam ulama syaikhona kholil yang ziarah wali parkir luas masjidnya yang megah,1,positive,1
MAKAM SYAIKHONA KHOLIL BANGKALAN,5,makam dewa penjaga,1,positive,1
MAKAM SYAIKHONA KHOLIL BANGKALAN,5,masjidnya indah,1,positive,1
MAKAM SYAIKHONA KHOLIL BANGKALAN,5,niat niat alfatihah,1,positive,1
MAKAM SYAIKHONA KHOLIL BANGKALAN,5,khusushon syechona kholil bangkalanal fatehah,1,positive,1
MAKAM SYAIKHONA KHOLIL BANGKALAN,5,bagus,1,positive,4
MAKAM SYAIKHONA KHOLIL BANGKALAN,5,syaikhona m cholil,1,positive,1
MAKAM SYAIKHONA KHOLIL BANGKALAN,5,masjid yang megah,1,positive,1
MAKAM SYAIKHONA KHOLIL BANGKALAN,5,oke,1,positive,17
MAKAM SYAIKHONA KHOLIL BANGKALAN,4,insaallah penuh barokah,1,positive,1
MAKAM SYAIKHONA KHOLIL BANGKALAN,5,makom hamba allah swt yang diridhoi ummat rosul musthofa saw yang dikasihi,1,positive,1
MAKAM SYAIKHONA KHOLIL BANGKALAN,4,mengharap berkah,1,positive,1
MAKAM SYAIKHONA KHOLIL BANGKALAN,4,tempatnya luas megah parkiran bus luas tertata cenderung jorok sampah digelar lapak jualan pakaian khas madura makanan khas madura sate peralatan dapur pisau dsb area masjidnya luas bersih masjid megah sejuk,1,positive,1
MAKAM SYAIKHONA KHOLIL BANGKALAN,5,wisata religi madura,1,positive,3
MAKAM SYAIKHONA KHOLIL BANGKALAN,4,ziaroh yang nyaman bersihtempat parkir luas,1,positive,15
MAKAM SYAIKHONA KHOLIL BANGKALAN,5,syekh kholil bangkalanmantaf wisata religi masjidnya nyaman beribadah barokah waliyulloh,1,positive,1
MAKAM SYAIKHONA KHOLIL BANGKALAN,5,allah,1,positive,1
MAKAM SYAIKHONA KHOLIL BANGKALAN,5,seru kesini lupa makan sate,1,positive,-1
MAKAM SYAIKHONA KHOLIL BANGKALAN,5,dimanapun disitulah berjuang ikutilah jalur wali menyebarkan agama islam disatu diseluruh indonesia,1,positive,1
MAKAM SYAIKHONA KHOLIL BANGKALAN,5,bangunan masjid kerendalam masjid bersihselalu ramai peziarahakses kesini terbilang mudah mobil bus,1,positive,1
MAKAM SYAIKHONA KHOLIL BANGKALAN,5,nama makam syaikhona kholil fasilitas gratis toilet bersih area parkir berbayar luas kedai makan ngopi dsb review senang ziyarah makam mbah kholil bangkalan beliau ulama pencetak wali ulamaulama lahir hasil didikan beliau mbah hasyim asyari pendiri nahdlatul ulama salah satunya semoga berkah wasilah beliau kritik saran pengunjung jagalah kebersihan indah nyaman jagalah adab tata krama mengganggu jamaah yang ibadah,1,positive,1
MAKAM SYAIKHONA KHOLIL BANGKALAN,5,perubahan peziarah kota semoga peziarah barokah amin amin yarobbal alamin,1,positive,1
MAKAM SYAIKHONA KHOLIL BANGKALAN,4,padat peziarah bangunannya bagus nyaman rehat sebentar keliling makam,1,positive,1
MAKAM SYAIKHONA KHOLIL BANGKALAN,4,fasilitas parkir rapi,1,negative,15
MAKAM SYAIKHONA KHOLIL BANGKALAN,5,subhanallah penuh keberkahan ditempat wali allah syaikhuna kholil dimakamkan semoga barokah beliau,1,positive,1
MAKAM SYAIKHONA KHOLIL BANGKALAN,5,indah ilmu bermanfaaat,1,positive,1
MAKAM SYAIKHONA KHOLIL BANGKALAN,5,masjid yang bagus indah,1,positive,1
MAKAM SYAIKHONA KHOLIL BANGKALAN,5,wisata religi,1,positive,3
MAKAM SYAIKHONA KHOLIL BANGKALAN,5,ulama bangsa indonesia sang initiator berdirinya organisasi nu,1,positive,1
MAKAM SYAIKHONA KHOLIL BANGKALAN,4,masjid yang nyaman megah,1,positive,1
MAKAM SYAIKHONA KHOLIL BANGKALAN,5,santriwan santriwati mengabdi pengetahuan mbah kholil,1,positive,1
MAKAM SYAIKHONA KHOLIL BANGKALAN,5,wisata religi madura mencari berkah masjidnya megah mewah,1,positive,1
MAKAM SYAIKHONA KHOLIL BANGKALAN,5,rindu berasa tanah suci wajib kalau bangkalan untuk mampir riuh gemuruh lantunan syahdu syair puja puji doa syurgawi meneduhkan hati,1,positive,1
MAKAM SYAIKHONA KHOLIL BANGKALAN,4,masjidnya nyaman toilet oke parkir luas penjual disekitar lokasi,1,positive,1
MAKAM SYAIKHONA KHOLIL BANGKALAN,4,subhanallah,1,positive,-1
MAKAM SYAIKHONA KHOLIL BANGKALAN,5,ziarahwisata religi nyang nyaman tidak seperti nyang laen nyang banyak sekali pungli sama gepengnyah kagak bayar inihituhhhh makam tidak terletak disamping masjid,1,positive,2
MAKAM SYAIKHONA KHOLIL BANGKALAN,4,bagus sejarah mbah kholil cari wiki,1,positive,1
MAKAM SYAIKHONA KHOLIL BANGKALAN,4,tubuh,1,positive,0
MAKAM SYAIKHONA KHOLIL BANGKALAN,5,wisata religi pulau garam,1,positive,3
MAKAM SYAIKHONA KHOLIL BANGKALAN,5,jualan,1,positive,0
MAKAM SYAIKHONA KHOLIL BANGKALAN,5,berziarah makam waliyullah barokah suasana masjid yang nyaman bersih juga desain yang indah menambah kekhusyukan dalam doa,1,positive,1
MAKAM SYAIKHONA KHOLIL BANGKALAN,5,acra ziarah wali songo thn yang mampir masjid slsai renovasi,1,positive,1
MAKAM SYAIKHONA KHOLIL BANGKALAN,5,ulama tersohor pulau madura,1,positive,1
MAKAM SYAIKHONA KHOLIL BANGKALAN,5,alhamdulilah nympe,1,positive,14
MAKAM SYAIKHONA KHOLIL BANGKALAN,5,wisata religi,1,positive,3
MAKAM SYAIKHONA KHOLIL BANGKALAN,4,pondok kota,1,positive,0
MAKAM SYAIKHONA KHOLIL BANGKALAN,5,liburan favorit keluargaku ya ziarah wali kalau ampel ya kesini,1,positive,-1
MAKAM SYAIKHONA KHOLIL BANGKALAN,5,alhamdulilah berziaroh maqom syaikhuna syekh kholil madura teman teman guru guru pondok pesantren alquran al itqon cibungbulang bogor,1,positive,1
MAKAM SYAIKHONA KHOLIL BANGKALAN,5,subahanallah,1,positive,1
MAKAM SYAIKHONA KHOLIL BANGKALAN,4,megahmasjid wajib dikunjung bangkalan,1,positive,3
MAKAM SYAIKHONA KHOLIL BANGKALAN,4,ott,1,positive,0
MAKAM SYAIKHONA KHOLIL BANGKALAN,4,wisata religi,1,positive,3
MAKAM SYAIKHONA KHOLIL BANGKALAN,5,pikir orangorang pergi spiritualitas islam rasakan syaikhona kholil diberkati allah terlibat peristiwa ajaib layak dikunjungi bertemu dengannya bertemu beristirahat,1,positive,1
MAKAM SYAIKHONA KHOLIL BANGKALAN,5,curam,1,positive,0
MAKAM SYAIKHONA KHOLIL BANGKALAN,5,barakallah,1,positive,1
MAKAM SYAIKHONA KHOLIL BANGKALAN,5,mendekatkan allah swt,1,positive,1
MAKAM SYAIKHONA KHOLIL BANGKALAN,5,tidak sabar,1,positive,-1
MAKAM SYAIKHONA KHOLIL BANGKALAN,4,fasilitas tersedia,1,positive,-1
MAKAM SYAIKHONA KHOLIL BANGKALAN,5,masjid nya mewah,1,positive,1
MAKAM SYAIKHONA KHOLIL BANGKALAN,5,makamnya guru,1,positive,1
MAKAM SYAIKHONA KHOLIL BANGKALAN,5,gurunya wali madura bangkalan syaikhona kholil bangkalan madura,1,positive,1
MAKAM SYAIKHONA KHOLIL BANGKALAN,5,ziarah yang bersih nyaman,1,positive,0
MAKAM SYAIKHONA KHOLIL BANGKALAN,5,nya luas posisi makom masjid serasa sejuk berdoa n hati tentram subhanalloh makom yai khona kholil megah semegah karomahnya amin,1,positive,1
MAKAM SYAIKHONA KHOLIL BANGKALAN,5,makam mbah kholil bangkalan salah makam ramai diziarahi umat muslim rangka ngalap berkah,1,positive,1
MAKAM SYAIKHONA KHOLIL BANGKALAN,5,suci,1,positive,0
MAKAM SYAIKHONA KHOLIL BANGKALAN,5,guru kh hasyim asyari,1,positive,1
MAKAM SYAIKHONA KHOLIL BANGKALAN,5,cari barokah wali wali allah,1,positive,1
MAKAM SYAIKHONA KHOLIL BANGKALAN,5,merindukanmu,1,positive,0
MAKAM SYAIKHONA KHOLIL BANGKALAN,5,tanah kelahiran,1,positive,-1
MAKAM SYAIKHONA KHOLIL BANGKALAN,4,ziarahnya makam mbah kholil didalam masjidpersis disamping kanan pengimaman posisi imam masjid,1,positive,1
MAKAM SYAIKHONA KHOLIL BANGKALAN,4,ziarah syeh khona khalil ramai raya idul fitri idul adha makam masjid,1,positive,1
MAKAM SYAIKHONA KHOLIL BANGKALAN,5,oke juga,1,positive,17
MAKAM SYAIKHONA KHOLIL BANGKALAN,4,masjid maqom cantiikk sip,1,positive,-1
MAKAM SYAIKHONA KHOLIL BANGKALAN,5,bersejarah populasi islam,1,positive,-1
MAKAM SYAIKHONA KHOLIL BANGKALAN,5,alhamdililah ngaji asta syaichona cholil bangkalan nya,1,positive,1
MAKAM SYAIKHONA KHOLIL BANGKALAN,5,makam mbah cholil bangkalan salah ulama wali allah madura,1,positive,1
MAKAM SYAIKHONA KHOLIL BANGKALAN,4,wisata religi nyaman,1,positive,3
MAKAM SYAIKHONA KHOLIL BANGKALAN,5,senang dengan sholawatnya kiyai fahkri,1,positive,1
MAKAM SYAIKHONA KHOLIL BANGKALAN,5,alhmdulillah sy sudah ziaroh makam syeikh kholil,1,positive,1
MAKAM SYAIKHONA KHOLIL BANGKALAN,4,bertawassul,1,positive,-1
MAKAM SYAIKHONA KHOLIL BANGKALAN,5,istimewa kagem syehk,1,positive,1
MAKAM SYAIKHONA KHOLIL BANGKALAN,5,masyarakatnya ramah,1,positive,-1
MAKAM SYAIKHONA KHOLIL BANGKALAN,1,ramai,0,positive,13
MAKAM SYAIKHONA KHOLIL BANGKALAN,5,kenali makam mbah kholil terletak bahagian kiblat sebelah kanan masjid sentiasa ziarah ramai orang,1,positive,1
MAKAM SYAIKHONA KHOLIL BANGKALAN,5,via jembatan suramadu,1,positive,3
MAKAM SYAIKHONA KHOLIL BANGKALAN,4,ziarah,1,positive,-1
MAKAM SYAIKHONA KHOLIL BANGKALAN,5,realigi akbar madura,1,positive,3
MAKAM SYAIKHONA KHOLIL BANGKALAN,5,tabarukan,1,negative,0
MAKAM SYAIKHONA KHOLIL BANGKALAN,1,tabarukn mbah kholil bangkalan madura,0,positive,1
MAKAM SYAIKHONA KHOLIL BANGKALAN,5,k musthofa pendiri pondok pesantren al musthofawiyah palang tuban juga belajar percaya diri beliau,1,positive,1
MAKAM SYAIKHONA KHOLIL BANGKALAN,5,pulau madura lupa ziarah kesini ya,1,positive,-1
MAKAM SYAIKHONA KHOLIL BANGKALAN,5,menakjubkan relaksasi spiritual,1,positive,-1
MAKAM SYAIKHONA KHOLIL BANGKALAN,5,makam tokoh agama islam jawa timur,1,positive,1
MAKAM SYAIKHONA KHOLIL BANGKALAN,5,orang yang berdoa barokah,1,positive,1
MAKAM SYAIKHONA KHOLIL BANGKALAN,3,detail mesjidnya kereen,0,positive,1
MAKAM SYAIKHONA KHOLIL BANGKALAN,5,berziarah makam syaikh kholil masjid memiliki arsitektur menakjubkan ingin kali kesini,1,positive,1
MAKAM SYAIKHONA KHOLIL BANGKALAN,5,makam santo,1,positive,1
MAKAM SYAIKHONA KHOLIL BANGKALAN,5,subhanallah bagus nya pangen kesitu,1,positive,0
MAKAM SYAIKHONA KHOLIL BANGKALAN,3,ksini waduch beli makanan minuman dsini mahal beda orang jawa gresik surabaya murah siapin dompet yang tebal kalau maw ksini,0,negative,2
MAKAM SYAIKHONA KHOLIL BANGKALAN,4,salah ulama terkenal yang termashur,1,positive,1
MAKAM SYAIKHONA KHOLIL BANGKALAN,5,parkiran luas wudlu nyaman,1,positive,15
MAKAM SYAIKHONA KHOLIL BANGKALAN,5,tabarruk hadzal namanya,1,positive,1
MAKAM SYAIKHONA KHOLIL BANGKALAN,5,bangkalan madura,1,positive,3
MAKAM SYAIKHONA KHOLIL BANGKALAN,5,menindaklanjuti,1,positive,0
MAKAM SYAIKHONA KHOLIL BANGKALAN,5,makam syaikhuna cholil,1,positive,1
MAKAM SYAIKHONA KHOLIL BANGKALAN,5,semoga barokah beliau,1,positive,1
MAKAM SYAIKHONA KHOLIL BANGKALAN,5,makam waliyulloh wahana tawassul beliau munajat kpd allah swt,1,positive,1
MAKAM SYAIKHONA KHOLIL BANGKALAN,5,tuhan melindungiku,1,positive,0
MAKAM SYAIKHONA KHOLIL BANGKALAN,5,bangga jasamu,1,positive,0
MAKAM SYAIKHONA KHOLIL BANGKALAN,5,masjid megah,1,positive,1
MAKAM SYAIKHONA KHOLIL BANGKALAN,4,alhamdulilah,1,positive,14
MAKAM SYAIKHONA KHOLIL BANGKALAN,5,salah wisata religi bangkalan madura,1,positive,3
MAKAM SYAIKHONA KHOLIL BANGKALAN,4,mantap,1,positive,8
MAKAM SYAIKHONA KHOLIL BANGKALAN,5,sekolah segudang prestasi,1,positive,-1
Stadion Gelora Bangkalan,4,bubur,1,positive,0
Stadion Gelora Bangkalan,3,senang,0,positive,-1
Stadion Gelora Bangkalan,5,stadion gelora bangkalan markas madura united fc rumput yang bagus lokasinya kota tidak susah dateng fasilitasnya oke yang jual sgala makanan minumanada playground penyewaan sepedamobil anak dibelakang stadion kafe aesthetic cocok ngopi santai,1,positive,-1
Stadion Gelora Bangkalan,5,malam rame pool jajanan wahana bermain anak,1,positive,3
Stadion Gelora Bangkalan,5,kisah berat hidupnya mengurangi mencari hiburan menyenangkan menemukan menikmati suasananya indah hiburan menyenangkan ditemani secangkir kopi camilan mengurangi beban pikiran orang,1,positive,-1
Stadion Gelora Bangkalan,3,tempatnya terurus,0,negative,11
Stadion Gelora Bangkalan,3,bintang ratarata,0,positive,0
Stadion Gelora Bangkalan,5,stadion milik bangkalan indah rumputnya impor negeri,1,positive,3
Stadion Gelora Bangkalan,5,oke,1,positive,17
Stadion Gelora Bangkalan,5,puas,1,positive,-1
Stadion Gelora Bangkalan,4,stadion kabupaten,1,positive,3
Stadion Gelora Bangkalan,5,tempatnya luas pedagang keliling kali acara,1,positive,-1
Stadion Gelora Bangkalan,5,bermain asyik,1,positive,-1
Stadion Gelora Bangkalan,5,bagus,1,positive,4
Stadion Gelora Bangkalan,3,fasilitas lengkap pusat kota,0,positive,-1
Stadion Gelora Bangkalan,5,bersyukur warga bangkalan memiliki stadion sekelas,1,positive,3
Stadion Gelora Bangkalan,3,terganggu bau sampah,0,negative,0
Stadion Gelora Bangkalan,5,berkunjung kesini,1,positive,-1
Stadion Gelora Bangkalan,5,siip,1,positive,0
Stadion Gelora Bangkalan,4,mampir rehat diparkiran,1,positive,3
Stadion Gelora Bangkalan,3,lumayan hiburan anak anak,0,positive,3
Stadion Gelora Bangkalan,5,stadion gelora bangkalan salah kebanggaan madura lokasinya strategis jalur utama bangkalan cat stadion warnawarni bikin tampilannya khas gampang dikenali kapasitasnya luas dipakai laga madura united acara suasananya meriah pertandingan dukungan suporter ramai area kuliner rakyat pumara stadion pengunjung gampang cari makan minum fasilitas dasar toilet parkir ditingkatkan stadion nyaman aman representatif pertandingan sepak bola acara,1,positive,3
Stadion Gelora Bangkalan,5,stadion bangkalan pertandingan sepak bola tersedia kolam renang kuliner eventevent seru,1,positive,3
Stadion Gelora Bangkalan,2,oke,0,positive,17
Stadion Gelora Bangkalan,2,fasilitas digelar pertandingan sepakbola liga beli tiket vip utara eh suruh vip selatan vip selatan pintunya buka toilet kotor kumuh bau sekali lampunya mati,0,negative,2
Stadion Gelora Bangkalan,5,stadion bagus,1,positive,-1
Stadion Gelora Bangkalan,5,yang jual thrifting barangnya bagus bagus penuh branded,1,positive,-1
Stadion Gelora Bangkalan,5,main bola rumputnyabagus,1,positive,-1
Stadion Gelora Bangkalan,5,rumput lumayan terawat bangunan usang,1,negative,5
Stadion Gelora Bangkalan,5,suasana nyaman hanya didaerah lokasi stadion tidak jualan jersey madura,1,positive,3
Stadion Gelora Bangkalan,5,kumpul tipistipis habis sekolah,1,positive,3
Stadion Gelora Bangkalan,5,stadion kebanggaan dijaga kebersihan kerapian pedagang sekeliling stadion,1,positive,3
Stadion Gelora Bangkalan,5,olahraga,1,positive,0
Stadion Gelora Bangkalan,5,keluarga,1,positive,0
Stadion Gelora Bangkalan,4,tribun bagus,1,positive,-1
Stadion Gelora Bangkalan,5,bebeknya enak pelayanan ramah,1,positive,-1
Stadion Gelora Bangkalan,5,mantap,1,positive,8
Stadion Gelora Bangkalan,5,keren,1,positive,0
Stadion Gelora Bangkalan,5,lakukan jogging pagi,1,positive,-1
Stadion Gelora Bangkalan,5,cocok hiburan anak anak permainandan cocok malmingan bareng dia,1,positive,3
Stadion Gelora Bangkalan,5,strategis,1,positive,-1
Stadion Gelora Bangkalan,5,stadion kandang alternatif klub madura united fc letaknya strategis pusat kota bangkalan fasilitasnya lengkap tribun parkir luas jalan raya indomaret,1,positive,3
Stadion Gelora Bangkalan,5,stadion markasnya madura united ndak,1,positive,3
Stadion Gelora Bangkalan,4,bismillah,1,positive,1
Stadion Gelora Bangkalan,5,kesini pas malam minggu rame pedagang mainan kereta hias juga anak senang pas kesini harga kerata hias rborg melukis rborg harga mainan makanan juga murah meriah,1,positive,2
Stadion Gelora Bangkalan,5,bermain anak malam seringa pertandingan bola liga indonesiatempatnya kerenbangkalan madura joss,1,positive,3
Stadion Gelora Bangkalan,5,klub favoritku,1,positive,-1
Stadion Gelora Bangkalan,5,seru,1,positive,-1
Stadion Gelora Bangkalan,5,stadion gelora bangkalan multifungsi location jogging permainan anak pertandingan bolapun bisaamenyala stadion kuuu,1,positive,3
Stadion Gelora Bangkalan,1,bravo laskar sapeh kerrap bertengger post klasemen pekan pertandingan liga musim konsernya gagal,0,positive,3
Stadion Gelora Bangkalan,5,pertandingan bola minggu olahraga rekreasi keluarga,1,positive,3
Stadion Gelora Bangkalan,1,kolam kedhibiin oreng padeh majer kiah soro nyese kolam rajeh anyar eanghuy atlet kenek eanghuy kursus pas arenang kammah mohon pas lok beghi lok genna sekaleh lok merik space renang sekonek lekkah,0,positive,-1
Stadion Gelora Bangkalan,1,kolam kedhibiin oreng majer kiah soro nyese kolam rajeh anyar eanghuy atlet kenek eanghuy kursus pas arenang kammah mohon pas lok beghi lok genna,0,positive,-1
Stadion Gelora Bangkalan,5,keren,1,positive,0
Stadion Gelora Bangkalan,2,mesti renov sii standar nya dengan lapangan yang terutam duduknya single seat,0,negative,-1
Stadion Gelora Bangkalan,5,ya,1,positive,0
Stadion Gelora Bangkalan,3,standar stadion kelas kabupaten lumayan,0,positive,-1
Stadion Gelora Bangkalan,4,klu pagi jogging ramai alun alun kota,1,positive,3
Stadion Gelora Bangkalan,5,buka penuh,1,positive,0
Stadion Gelora Bangkalan,5,bagus diminumalisir pedaganga kaki tratur rapi,1,positive,-1
Stadion Gelora Bangkalan,5,tempatnya asyik permainan anak soree cocok anak berlibur keluarga,1,positive,3
Stadion Gelora Bangkalan,3,karcis masuknya,0,negative,0
Stadion Gelora Bangkalan,3,nyaman race,0,positive,0
Stadion Gelora Bangkalan,5,bagus lapangan bolanya lintasan atletiknyan semoga kedepan stadion bertaraf internasional ramah disabilatas,1,positive,-1
Stadion Gelora Bangkalan,1,sehat,0,positive,0
Stadion Gelora Bangkalan,3,kotor banyk fasilitas yang rapuh rusak,0,negative,5
Stadion Gelora Bangkalan,3,panas,0,positive,0
Stadion Gelora Bangkalan,5,anakanak menyukai mainan,1,positive,3
Stadion Gelora Bangkalan,5,menyesap,1,positive,-1
Stadion Gelora Bangkalan,1,pungli masak iya tutup berharap pungli patok orang masuk stadion bayar masuk jalan nya bayar parkir bayar kolam renang bayar tidak suka pungli pungli seperti,0,negative,2
Stadion Gelora Bangkalan,3,lapak warung trlihat krg rapi,0,negative,-1
Stadion Gelora Bangkalan,5,oke,1,positive,17
Stadion Gelora Bangkalan,5,hiburan anak,1,positive,3
Stadion Gelora Bangkalan,3,tidak seperti dl lgd pjokan banyak tumpukan sampahkumuh,0,negative,-1
Stadion Gelora Bangkalan,5,alhamduilllah penginjakan kaki tanah madura,1,positive,1
Stadion Gelora Bangkalan,5,bagus tempatnya,1,positive,0
Stadion Gelora Bangkalan,5,cocok untuk olahraga,1,positive,-1
Stadion Gelora Bangkalan,3,agustus nonton persija fasilitas bagus kursinya single seat tidak tahu tribun diakses jalan kaki dipanjat si tribun barat stadion calo sistem masuk stadion discan barcode salah meminimalisir over capacity baik,0,negative,2
Stadion Gelora Bangkalan,5,pindah samping warung nasi goreng,1,positive,3
Stadion Gelora Bangkalan,4,menyenangkan,1,positive,-1
Stadion Gelora Bangkalan,4,bagus olahraga kebersihan ramah lingkungannya,1,positive,15
Stadion Gelora Bangkalan,5,tmpt olahraga masyarakat bkln permainan anak,1,positive,3
Stadion Gelora Bangkalan,5,bagus nya pohonnya ajapanas sekali klu siang,1,positive,9
Stadion Gelora Bangkalan,4,ramai mainan anak kuliner,1,positive,3
Stadion Gelora Bangkalan,5,olahraga hiburan jajan,1,positive,3
Stadion Gelora Bangkalan,5,suasana bermain keluarga,1,positive,3
Stadion Gelora Bangkalan,5,bagus,1,positive,4
Stadion Gelora Bangkalan,5,nyaman pengunjung,1,positive,0
Stadion Gelora Bangkalan,5,pijat trapis nyeri otot massase,1,positive,-1
Stadion Gelora Bangkalan,5,tempatnya bagus,1,positive,-1
Stadion Gelora Bangkalan,5,senang,1,positive,-1
Stadion Gelora Bangkalan,1,syahril,0,positive,0
Stadion Gelora Bangkalan,5,pilihan makanan aneka minuman,1,positive,3
Stadion Gelora Bangkalan,5,udara sejuktempat sdah bersih tertata rapi,1,positive,-1
Stadion Gelora Bangkalan,5,menyenangkan,1,positive,-1
Stadion Gelora Bangkalan,5,senang sekaki,1,positive,-1
Stadion Gelora Bangkalan,5,luas parkirannya good stadion,1,positive,-1
Stadion Gelora Bangkalan,5,persib juara liga terimakasih stadion gelora bangkalan,1,positive,3
Stadion Gelora Bangkalan,5,persib juara juara juara,1,positive,3
Stadion Gelora Bangkalan,5,stadionnah bagus ben lebur ejelling agih styah ghen pkl ditertibkan deddih top monla ejelling,1,positive,-1
Stadion Gelora Bangkalan,5,menerima dekorasi kota,1,positive,0
Stadion Gelora Bangkalan,1,sebalah timur semoga tingkatatkan,0,positive,1
Stadion Gelora Bangkalan,5,ngopi malam pinggir jalan stadion,1,positive,3
Stadion Gelora Bangkalan,5,bagus bagus,1,positive,0
Stadion Gelora Bangkalan,5,mantap,1,positive,8
Stadion Gelora Bangkalan,5,top markotop,1,positive,8
Stadion Gelora Bangkalan,4,rindang suka istirahat perjalanan disayangkan dibelakang stadion ciri khas danau patung ikannya tertutup warung yang berjejer,1,positive,2
Stadion Gelora Bangkalan,5,bagus,1,positive,4
Stadion Gelora Bangkalan,4,memanjakan keluarga daerah bangkalan,1,positive,3
Stadion Gelora Bangkalan,5,hehe suka kalau kesana main lucu,1,positive,-1
Stadion Gelora Bangkalan,5,bermain sepak bola area permainan anakanak terletak area stadion gelora bangkalan,1,positive,3
Stadion Gelora Bangkalan,4,jujur tmpt nya bagus lumayan lengkap wahana mainan untuk bociltp sayang nya perawatanjd nampak indah smoga depan nya lebih bagus,1,positive,-1
Stadion Gelora Bangkalan,5,seruu sekali pilihan permainan harga tidak bikin kantong jebol jajanan murmertempat parkir luas,1,positive,15
Stadion Gelora Bangkalan,4,rumah base madura united laskar sapeh kerap,1,positive,3
Stadion Gelora Bangkalan,5,bagus,1,positive,4
Stadion Gelora Bangkalan,4,tertata parkir enak tidak smrwut jualan di atur bgus,1,positive,-1
Stadion Gelora Bangkalan,5,lumayan bermain anakanak,1,positive,-1
Stadion Gelora Bangkalan,5,habis makan bebek sinjay enak ini langsung merapat stadion bangkalan yang jaraknya lumayan,1,positive,-1
Stadion Gelora Bangkalan,4,stadion fenomenal kualitas rumputnya bagus dipakai kegiatan pertandingan sepak bola sayang jarang kualitas rumputnya menurun oh ya area stadion menikmati kuliner arena bermain anakanak berkunjung pas minggu libur menikmati riuh nya anakanak asyik bermain aktifitas komunitaskomunitas berkumpul minggu kebersihan bagus minggu liburan sampah disana kesadaran pengunjung kebersihan ditambah nya petugas kebersihan khusus berjaga,1,positive,-1
Stadion Gelora Bangkalan,5,pekerjaan yang skil,1,positive,0
Stadion Gelora Bangkalan,5,bagus kumpul teman teman,1,positive,0
Stadion Gelora Bangkalan,5,tempatnya nyaman kumpul bersantai keluarga trotoar bersih pkl stadion asri,1,positive,-1
Stadion Gelora Bangkalan,5,mantab,1,positive,8
Stadion Gelora Bangkalan,5,madura united fc,1,positive,3
Stadion Gelora Bangkalan,4,perkebunan,1,positive,0
Stadion Gelora Bangkalan,5,bagus,1,positive,4
Stadion Gelora Bangkalan,5,enak bersantai ditempat inibuat olahraga,1,positive,3
Stadion Gelora Bangkalan,5,sarapan calon imam amin,1,positive,1
Stadion Gelora Bangkalan,3,menarik layak dikunjungi,0,positive,3
Stadion Gelora Bangkalan,5,ikon bangkalan,1,positive,3
Stadion Gelora Bangkalan,4,nya penerangan malam sekeliling stadion warung tongkrongan kopi makanan muda mudi karaoke yang seakanakan konsep nya tidak jam batas nya,1,positive,-1
Stadion Gelora Bangkalan,5,luasbanyak area bermainpas anak,1,positive,3
Stadion Gelora Bangkalan,5,stadion rapi pembaruan pelataran,1,positive,3
Stadion Gelora Bangkalan,5,keren bagus rumput nya,1,positive,0
Stadion Gelora Bangkalan,5,wisata lokal yang menyenangkan anak mainan jajanan wajah dihalaman trotoar stadion icon bola perbaikan trotoar,1,positive,3
Stadion Gelora Bangkalan,5,cantik,1,positive,-1
Stadion Gelora Bangkalan,5,mantap,1,positive,8
Stadion Gelora Bangkalan,5,bagus,1,positive,4
Stadion Gelora Bangkalan,3,lumayan kekurangan,0,negative,-1
Stadion Gelora Bangkalan,2,kotor sampah tertata rapi,0,negative,0
Stadion Gelora Bangkalan,5,nya luas pilihan makanan enak santai,1,positive,-1
Stadion Gelora Bangkalan,5,jajanan makanan pagi malam,1,positive,3
Stadion Gelora Bangkalan,5,stadion lapangan rumput lumayan bagus main liga,1,positive,-1
Stadion Gelora Bangkalan,4,menarik,1,positive,-1
Stadion Gelora Bangkalan,5,karena snilah hiburan ku disaat mendukung grup kebanggaan madura united,1,positive,3
Stadion Gelora Bangkalan,5,top mantap,1,positive,8
Stadion Gelora Bangkalan,5,menyenangkan,1,positive,-1
Stadion Gelora Bangkalan,5,bagus ramai,1,positive,0
Stadion Gelora Bangkalan,5,jalan raya katol timur,1,positive,-1
Stadion Gelora Bangkalan,5,tuk santai main anak,1,positive,3
Stadion Gelora Bangkalan,3,bagus,0,positive,4
Stadion Gelora Bangkalan,5,multi fungsi olahraga rekreasi disediakan rekreasi didepan dibelakang stadion mencari makan karena pusat jajanan rakyat alias pujaseradan sore sampai malam membawa putra putri sekedar odong keretaan dsb didepan stadion,1,positive,3
Stadion Gelora Bangkalan,5,bagus malam malam minggu karena permainan anak anak yang jualan aneka makanan,1,positive,3
Stadion Gelora Bangkalan,5,madura penasaran,1,positive,0
Stadion Gelora Bangkalan,3,lumayan tertata,0,negative,-1
Stadion Gelora Bangkalan,5,strategis pertandingan sepakbola rekreasi kota,1,positive,3
Stadion Gelora Bangkalan,5,permainan terlengkap,1,positive,3
Stadion Gelora Bangkalan,5,bangunan makanan di stadion tertata rapi,1,positive,-1
Stadion Gelora Bangkalan,5,mantap,1,positive,8
Stadion Gelora Bangkalan,5,bersih asyik menikmati sore,1,positive,3
Stadion Gelora Bangkalan,5,google maps membantu kehidupan,1,positive,-1
Stadion Gelora Bangkalan,5,mainan anak murah meriah kalau malam,1,positive,3
Stadion Gelora Bangkalan,5,tembaga,1,positive,-1
Stadion Gelora Bangkalan,5,asyik kumpul malam,1,positive,3
Stadion Gelora Bangkalan,5,nyaman makanan hiburan,1,positive,-1
Stadion Gelora Bangkalan,4,enak santai ngopi mainan anak,1,positive,3
Stadion Gelora Bangkalan,4,ramai arena permainan anak tiket rb wahana,1,positive,3
Stadion Gelora Bangkalan,5,salah ikon bangkalan semoga dengannya kota bangkalan berkembang,1,positive,3
Stadion Gelora Bangkalan,4,dinginindah mempesona seperti alam ramah tenang enak diskusingopi,1,positive,-1
Stadion Gelora Bangkalan,5,kalau malam rame tempatnya kumpul,1,positive,-1
Stadion Gelora Bangkalan,4,stadion utama kabupaten bangkalan pertandingan sepakbola liga bri,1,positive,3
Stadion Gelora Bangkalan,5,biasaaa,1,positive,10
Stadion Gelora Bangkalan,5,oke,1,positive,17
Stadion Gelora Bangkalan,4,mantap,1,positive,8
Stadion Gelora Bangkalan,5,bagus cocok perut mengistirahatkan lelah menikmati jajanan es degan kelapa muda sejenis pentol pentolan,1,positive,-1
Stadion Gelora Bangkalan,5,iyh,1,positive,10
Stadion Gelora Bangkalan,5,iya gitu,1,positive,10
Stadion Gelora Bangkalan,5,mantap pemandangan indah tertata permainannya,1,positive,12
Stadion Gelora Bangkalan,5,hanya fasilitas terawat,1,negative,-1
Stadion Gelora Bangkalan,5,pengamen,1,positive,0
Stadion Gelora Bangkalan,5,ramai stadionnya bersih menghibur bosan,1,positive,-1
Stadion Gelora Bangkalan,5,bagus,1,positive,4
Stadion Gelora Bangkalan,4,zona anak outdoor harga murah bagus tersedia area parkir,1,positive,15
Stadion Gelora Bangkalan,5,dunia kenikmatan menipu,1,positive,-1
Stadion Gelora Bangkalan,5,cari sarapan soto parkiran stadion juooss,1,positive,3
Stadion Gelora Bangkalan,5,mantap,1,positive,8
Stadion Gelora Bangkalan,5,bagus,1,positive,4
Stadion Gelora Bangkalan,3,sampah,0,negative,0
Stadion Gelora Bangkalan,5,hadir bandung,1,positive,0
Stadion Gelora Bangkalan,5,nyaman keaadaanya aman teekendali,1,positive,-1
Stadion Gelora Bangkalan,5,bagus,1,positive,4
Stadion Gelora Bangkalan,5,bagus,1,positive,4
Stadion Gelora Bangkalan,5,selalu dikenang,1,positive,0
Stadion Gelora Bangkalan,5,bersantai ngopi didepan stadion,1,positive,3
Stadion Gelora Bangkalan,4,lumayan tapi permainannya anak terbilang mahal mikir jiwa emakku makanannya tidak jadi bad nasgor cak gondrong enak sekali,1,positive,-1
Stadion Gelora Bangkalan,4,ok malam rame,1,positive,3
Stadion Gelora Bangkalan,5,permainannya bagus,1,positive,-1
Stadion Gelora Bangkalan,5,kumpul malam nyaman,1,positive,3
Stadion Gelora Bangkalan,5,peristiwa idul adha,1,positive,-1
Stadion Gelora Bangkalan,3,senang n gembira,0,positive,-1
Stadion Gelora Bangkalan,1,gym terawat,0,negative,-1
Stadion Gelora Bangkalan,5,kesini malam karena kalau pagi siang tidak kumpul warkop stadion main disana bareng keluarga pasangan harga makanan minuman disana affordable,1,positive,2
Stadion Gelora Bangkalan,4,rumah erna sarry umama,1,positive,1
Stadion Gelora Bangkalan,4,markas laskar sapeh kerrab,1,positive,3
Stadion Gelora Bangkalan,5,lengkapmantap,1,positive,8
Stadion Gelora Bangkalan,5,lapangan istimewa,1,positive,3
Stadion Gelora Bangkalan,5,adem kalau malam,1,positive,-1
Stadion Gelora Bangkalan,5,bagus cocok refresing nenangin,1,positive,-1
Stadion Gelora Bangkalan,5,mantap,1,positive,8
Stadion Gelora Bangkalan,5,hiburan anak bagus,1,positive,3
Stadion Gelora Bangkalan,5,tidak bad,1,positive,-1
Stadion Gelora Bangkalan,4,jarang,1,positive,0
Stadion Gelora Bangkalan,5,stadion gelora bangkalan kwalitas rumput berkelas aman nyaman pemain sepak bola,1,positive,3
Stadion Gelora Bangkalan,5,menyenangkan,1,positive,-1
Stadion Gelora Bangkalan,5,stadion kebanggaan masyarakat bangkalan,1,positive,3
Stadion Gelora Bangkalan,5,dulu rumput kualitas terbaik nomor di indonesia,1,positive,-1
Stadion Gelora Bangkalan,5,membantu daya,1,positive,0
Stadion Gelora Bangkalan,4,ramai,1,positive,13
Stadion Gelora Bangkalan,5,rumah,1,positive,0
Stadion Gelora Bangkalan,5,sbenernya bagus stadionnyacm memang banyak sampahnya di pinggir jln,1,positive,-1
Stadion Gelora Bangkalan,5,bagus,1,positive,4
Stadion Gelora Bangkalan,4,malam minggu rame sekali,1,positive,3
Stadion Gelora Bangkalan,3,lumayan,0,positive,-1
Stadion Gelora Bangkalan,5,nyatoreh nyepper dik haircut kancah buleh e mlajah bangkalan tempateh,1,positive,-1
Stadion Gelora Bangkalan,4,cucok olah raga,1,positive,3
Stadion Gelora Bangkalan,5,mantap,1,positive,8
Stadion Gelora Bangkalan,5,llvh,1,positive,0
Stadion Gelora Bangkalan,5,alhamdulilah,1,positive,14
Stadion Gelora Bangkalan,5,tempatnya depan rmh anakjd dengan bermain n untuk cr makan,1,positive,-1
Stadion Gelora Bangkalan,4,asyik,1,positive,-1
Stadion Gelora Bangkalan,5,ramai,1,positive,13
Stadion Gelora Bangkalan,5,olahraga sarana edukasi yang lainya,1,positive,3
Stadion Gelora Bangkalan,4,hiburan anak diperhatikan kebersihannya,1,positive,3
Stadion Gelora Bangkalan,4,yaa gitu saja sih,1,negative,10
Stadion Gelora Bangkalan,3,nyaman cocok kongkow,0,positive,0
Stadion Gelora Bangkalan,5,semoga terjaga sampahnya,1,positive,1
Stadion Gelora Bangkalan,5,jozzz,1,positive,-1
Stadion Gelora Bangkalan,5,gembira,1,positive,-1
Stadion Gelora Bangkalan,2,tandatanda,0,negative,0
Stadion Gelora Bangkalan,4,lumayanlah ukuran kota bangkalan,1,positive,-1
Stadion Gelora Bangkalan,4,enak santai,1,positive,3
Stadion Gelora Bangkalan,5,stadion kebanggaan masyarakat bangkalan sebagai rekreasi bermain anak anak halaman parkirnya stadion dimanfaatkan jogging trek indah dijalan mengelilingi area stadion,1,positive,3
Stadion Gelora Bangkalan,1,stadion megah orang pribumi harus tampil yang bagus putra bangkalan bangkit lagi,0,positive,3
Stadion Gelora Bangkalan,5,santai kumpul berkuliner distadion,1,positive,3
Stadion Gelora Bangkalan,5,kebersihan bersih penjual makanan menyenangkan,1,positive,15
Stadion Gelora Bangkalan,1,bersantai menikmati makanan khas kesukaan,0,positive,3
Stadion Gelora Bangkalan,5,keren,1,positive,0
Stadion Gelora Bangkalan,3,yang dceritakan,0,positive,-1
Stadion Gelora Bangkalan,5,indah bersih,1,positive,0
Stadion Gelora Bangkalan,5,sempurna kopi pagi,1,positive,3
Stadion Gelora Bangkalan,5,bagus,1,positive,4
Stadion Gelora Bangkalan,4,panas pohonnya ditebang,1,positive,0
Stadion Gelora Bangkalan,5,nyaman berinteraksi lingkungan sehat,1,positive,0
Stadion Gelora Bangkalan,5,bagus,1,positive,4
Stadion Gelora Bangkalan,4,rumputnya bagus tapi fasilitas terawat penjual makanan stadion sempol cabel keju yang vaforit,1,negative,-1
Stadion Gelora Bangkalan,5,zona olahraga kebanggaan warga bangkalan yang dilengkapi fasilitas hiburan dan kuliner,1,positive,3
Stadion Gelora Bangkalan,5,cocok istirahat santai cocok hiburan anak anak,1,positive,3
Stadion Gelora Bangkalan,5,kalau malam minggu bawa ponakan ojong ojong,1,positive,-1
Stadion Gelora Bangkalan,5,siang lumayan santai mengisi perut kuliner bakso soto pentol es kopi cafe nya sederhana jajanan pasang stiker sepeda mobil malam mainan anakanak lumayan mengisi luang keluarga pasangan minggu pagi kadang acara acara pilihan jajanan camilan minuman tersedia pilihan tinggal pilih dibelakang stadion rekreasi keluarga pokoknya lumayan dech,1,positive,-1
Stadion Gelora Bangkalan,4,kongkow bareng club mobil tkci bangkalan,1,positive,3
Stadion Gelora Bangkalan,5,bagus sekali nyaman,1,positive,0
Stadion Gelora Bangkalan,5,kerren,1,positive,0
Stadion Gelora Bangkalan,5,bagus,1,positive,4
Stadion Gelora Bangkalan,5,lumayan rame ya kuliner samping stadion bangkalan,1,positive,-1
Stadion Gelora Bangkalan,5,yang,1,positive,0
Stadion Gelora Bangkalan,5,yang,1,positive,0
Stadion Gelora Bangkalan,5,tembaga,1,positive,-1
Stadion Gelora Bangkalan,4,seru,1,positive,-1
Stadion Gelora Bangkalan,5,ramaibanyak permainancuma kebersihan perbanyak sampah buang sampah sembarangan,1,positive,-1
Stadion Gelora Bangkalan,3,kalau main mobil seru hati yaaa suka odong aturan nyetirnya sudah tidak jalur lintasan mending odong itu muterin stadion timbang muterin halaman stadion bahaya tidak anak kena tabrak rame,0,negative,2
Stadion Gelora Bangkalan,4,sakit,1,positive,0
Stadion Gelora Bangkalan,5,keren,1,positive,0
Stadion Gelora Bangkalan,5,murah meriah permainan anak,1,positive,3
Stadion Gelora Bangkalan,5,wow,1,positive,-1
Stadion Gelora Bangkalan,4,kuliner nya yah kirakira,1,positive,0
Stadion Gelora Bangkalan,5,stadion kota bangkalan,1,positive,3
Stadion Gelora Bangkalan,5,terbaik,1,positive,-1
Stadion Gelora Bangkalan,5,sekedar mampir,1,positive,-1
Stadion Gelora Bangkalan,5,mantap,1,positive,8
Stadion Gelora Bangkalan,5,ramai pengunjung,1,positive,-1
Stadion Gelora Bangkalan,5,stadion homebase persepam madura united mengarungi liga manjadi homebase madura united fc,1,positive,3
Stadion Gelora Bangkalan,5,makanan jajanan lengkap,1,positive,3
Stadion Gelora Bangkalan,5,bersih,1,positive,-1
Stadion Gelora Bangkalan,5,joss,1,positive,-1
Stadion Gelora Bangkalan,5,rekreasi,1,positive,0
Stadion Gelora Bangkalan,5,sore malam makan rekreasi anak permainan untuk anakanak,1,positive,3
Stadion Gelora Bangkalan,5,nongkrongnya pemuda,1,positive,3
Stadion Gelora Bangkalan,5,tempatnya enak kumpul lagj kau anak senang karena mainanya lapar pumara pusat makanan rakyat bangkalan,1,positive,-1
Stadion Gelora Bangkalan,5,bagus,1,positive,4
Stadion Gelora Bangkalan,5,ramai sore,1,positive,3
Stadion Gelora Bangkalan,5,ya mantap,1,positive,8
Stadion Gelora Bangkalan,3,masuk stadion gor menyelenggarakan acara halaman gor kantor koni bangkalan area stadion gelora bangkalan bingung mencari penjual makanan minuman stadion tepatnya sebelah selatan pusat makanan rakyat akrab pumara pusat makanan rakyat masyarakat pumara lengkat tersedia jenis makanan minuman sekedar jajanan mengganjal perut,0,negative,3
Stadion Gelora Bangkalan,5,kandang madura united,1,positive,3
Stadion Gelora Bangkalan,5,senang stadion gelaran bangkalan,1,positive,3
Stadion Gelora Bangkalan,5,dayat,1,positive,0
Stadion Gelora Bangkalan,5,sih enak sekali minggu orang jual enak,1,positive,-1
Stadion Gelora Bangkalan,5,joss,1,positive,-1
Stadion Gelora Bangkalan,4,bagus bersih ramai,1,positive,0
Stadion Gelora Bangkalan,5,stadion standar nasional rumput terbaik,1,positive,-1
Stadion Gelora Bangkalan,5,suasana santai ngopi,1,positive,3
Stadion Gelora Bangkalan,4,cocok jalan pagi sore kuliner lahan parkir diatur,1,positive,-1
Stadion Gelora Bangkalan,5,jajan n anak main apa minggu rame,1,positive,3
Stadion Gelora Bangkalan,2,menyenangkan permainannya pengunjung pemandangan,0,positive,0
Stadion Gelora Bangkalan,5,oke sip mantap,1,positive,8
Stadion Gelora Bangkalan,4,banyk parkir bahu jalan,1,positive,-1
Stadion Gelora Bangkalan,5,kegiatan orang jual makanan,1,positive,3
Stadion Gelora Bangkalan,5,stadionnya bagus luas penataan parkirnya dikondisikan,1,positive,-1
Stadion Gelora Bangkalan,1,perawatan,0,negative,0
Stadion Gelora Bangkalan,5,seru madura pas tanding,1,positive,3
Stadion Gelora Bangkalan,5,stadionnya bagus lihat bola keluarga tidak kwatir,1,positive,-1
Stadion Gelora Bangkalan,1,permainannya mahal,0,negative,0
Stadion Gelora Bangkalan,5,bagus,1,positive,4
Stadion Gelora Bangkalan,1,stadionnya bagus tapikuarng bersih fasilitasnya kapasitas stadion,0,negative,-1
Stadion Gelora Bangkalan,3,kebersihannya,0,negative,-1
Stadion Gelora Bangkalan,1,pengalaman kali aku senang bahagia disana mainan anak anak ngopi nonton bola pertandingan stadion gelora bangkalan,0,positive,3
Stadion Gelora Bangkalan,5,markas madura united semoga juara bri liga,1,positive,3
Stadion Gelora Bangkalan,5,sate favorit malam,1,positive,3
Stadion Gelora Bangkalan,5,yang nyaman sekedar berkumpul keluarga,1,positive,-1
Stadion Gelora Bangkalan,5,bagus rameee dihari weekendtempat nyamanbagusluas,1,positive,-1
Stadion Gelora Bangkalan,5,stadion markas perseba sangat bangkalan semoga persepak bolaan bangkalan bangkit maju,1,positive,3
Stadion Gelora Bangkalan,5,seru jalan jalan memanjakan anak,1,positive,3
Stadion Gelora Bangkalan,5,suka,1,positive,-1
Stadion Gelora Bangkalan,4,ditengah kota pengelolaan kurqng optimal kekinianbanyak pungutan yang,1,negative,5
Stadion Gelora Bangkalan,5,bagus,1,positive,4
Stadion Gelora Bangkalan,5,keren,1,positive,0
Stadion Gelora Bangkalan,5,tiket masuk parkir permainanya serba rb,1,positive,-1
Stadion Gelora Bangkalan,4,penampakan rapi,1,positive,-1
Stadion Gelora Bangkalan,4,bagus,1,positive,4
Stadion Gelora Bangkalan,5,malam astik tmpat bermain unt keluarga tapi sayang kendaraan roda berseliweran coba kendaraan roda tidak diperbolehkan melintas sembarangan anak yang sedar bermain,1,positive,-1
Stadion Gelora Bangkalan,5,mantul,1,positive,8
Stadion Gelora Bangkalan,3,pas sekali main anak keluarga mainannya rban kecuali odong odong kakak kakak kernitbiasanya rambut masak rb dihitung anak ya kalau anak mbk kernitnya yang pegang anak tolong merusak citra stadion hiburan keluarga,0,negative,2
Stadion Gelora Bangkalan,5,plafon nya bagus kualitas nya,1,positive,-1
Stadion Gelora Bangkalan,5,stadion pusat kota kalau malam dijadikan pasar malam,1,positive,3
Stadion Gelora Bangkalan,4,sampahnya harap di bersihkan,1,negative,-1
Stadion Gelora Bangkalan,5,cocok kumpul malam,1,positive,3
Stadion Gelora Bangkalan,5,belut crispy bebek jengsri uenaakkkk,1,positive,3
Stadion Gelora Bangkalan,4,enak ngopi,1,positive,3
Stadion Gelora Bangkalan,5,pohon kuat,1,positive,0
Stadion Gelora Bangkalan,3,saja,0,negative,0
Stadion Gelora Bangkalan,5,alhamdulilah ya,1,positive,14
Stadion Gelora Bangkalan,4,saja kali kesini zaman kuliah perubahan,1,positive,5
Stadion Gelora Bangkalan,5,untuk bersantai makan mlm keluarga pumarabanyak masakan madura juga,1,positive,3
Stadion Gelora Bangkalan,4,yang pas bersantai kluarga teman,1,positive,-1
Stadion Gelora Bangkalan,3,ramai kalau malam orang yang menghabiskan tempatnya terawat kotor sampah dimana,0,negative,-1
Stadion Gelora Bangkalan,3,kotor jd t penampungan lapak,0,negative,-1
Stadion Gelora Bangkalan,5,makanan rakyat putu,1,positive,3
Stadion Gelora Bangkalan,4,kamar mandi air nya bangetsampai kehabisan yang bak nya,1,positive,-1
Stadion Gelora Bangkalan,5,mantap google,1,positive,8
Stadion Gelora Bangkalan,5,mantap,1,positive,8
Stadion Gelora Bangkalan,5,bagus rumput nya,1,positive,0
Stadion Gelora Bangkalan,4,diluar stadion umkm,1,positive,3
Stadion Gelora Bangkalan,4,nonton pertandingan sepak bola,1,positive,3
Stadion Gelora Bangkalan,5,letaknya strategisdisamping jalan utama mudah dikunjungi suka traveling semoga ditingkatkan perawatannya kebersihan kerapian keamanannya menarik pengunjung,1,positive,-1
Stadion Gelora Bangkalan,5,bagus perawatannya,1,positive,0
Stadion Gelora Bangkalan,5,yang jualan stmjnya jos,1,positive,-1
Stadion Gelora Bangkalan,5,asyik menunya enak,1,positive,11
Stadion Gelora Bangkalan,5,bermain buah hati,1,positive,3
Stadion Gelora Bangkalan,4,mantap ahad rutin ngopi halaman stadion gelora bangkalan,1,positive,3
Stadion Gelora Bangkalan,4,siarannya cuy mbediding teman besinya seperti rapuh,1,positive,-1
Stadion Gelora Bangkalan,5,ngopi momong anak,1,positive,3
Stadion Gelora Bangkalan,3,odong tambah biaya odongnya mahal x putaran,0,negative,-1
Stadion Gelora Bangkalan,2,jelek terawat halaman nya stadion sepakbola,0,negative,-1
Stadion Gelora Bangkalan,5,bagus rilex bareng keluarga,1,positive,-1
Stadion Gelora Bangkalan,5,sup,1,positive,0
Stadion Gelora Bangkalan,1,bagus enak persinggahan,0,positive,0
Stadion Gelora Bangkalan,4,menghibur,1,positive,-1
Stadion Gelora Bangkalan,3,lumayan rame suasana sperti,0,positive,-1
Stadion Gelora Bangkalan,1,kakanah larang,0,positive,0
Stadion Gelora Bangkalan,5,tongkrong asyik anak,1,positive,3
Stadion Gelora Bangkalan,4,bagus sayang sampah toilet terawat cocok bermain anak kumpul mudamudi ditambah pumara makanan beragam,1,positive,-1
Stadion Gelora Bangkalan,5,hiruk pikuk menyenangkan,1,positive,-1
Stadion Gelora Bangkalan,5,bagus murah meriah,1,positive,-1
Stadion Gelora Bangkalan,5,aku tidak masuk cma,1,negative,0
Stadion Gelora Bangkalan,5,padat,1,positive,0
Stadion Gelora Bangkalan,5,rumah,1,positive,0
Stadion Gelora Bangkalan,5,fasilitas mck dsb,1,positive,-1
Stadion Gelora Bangkalan,5,mantul,1,positive,8
Stadion Gelora Bangkalan,5,enak kalau bawa anak kesini main,1,positive,-1
Stadion Gelora Bangkalan,5,ngopi telur gulung,1,positive,3
Stadion Gelora Bangkalan,5,strategis pusat perbelanjaan wisata kuliner wisata kolam renang,1,positive,-1
Stadion Gelora Bangkalan,5,mantap,1,positive,8
Stadion Gelora Bangkalan,5,yiiiipppp,1,positive,10
Stadion Gelora Bangkalan,5,sy puas skali trutama anak rekomen sekali rekreasi anak murmer,1,positive,-1
Stadion Gelora Bangkalan,5,bagus sekali,1,positive,0
Stadion Gelora Bangkalan,5,cocok bermain anak nongkrongpasar malamnya serudan aneka makanan minumantempat parkir memadai biaya parkir murah,1,positive,15
Stadion Gelora Bangkalan,5,bagus refreshing orang jualan jenis makanan minuman tersedia hiburan permainan anakanak,1,positive,-1
Stadion Gelora Bangkalan,5,tsc madura utd v persib,1,positive,3
Stadion Gelora Bangkalan,3,area parkir taman bermain bagus,0,positive,15
Stadion Gelora Bangkalan,5,bagus,1,positive,4
Stadion Gelora Bangkalan,5,mantap,1,positive,8
Stadion Gelora Bangkalan,5,rame ramah,1,positive,-1
Stadion Gelora Bangkalan,5,megah cocok santai mlm,1,positive,-1
Stadion Gelora Bangkalan,3,lengkap dengan rekreasi anak,0,positive,3
Stadion Gelora Bangkalan,5,tingkatkan suasana kenyamanannya jos gandos,1,positive,5
Stadion Gelora Bangkalan,5,legend bermain food court mantap deh,1,positive,3
Stadion Gelora Bangkalan,5,bagus berkumpul,1,positive,0
Stadion Gelora Bangkalan,5,fasilitas,1,positive,0
Stadion Gelora Bangkalan,3,terawat,0,negative,-1
Stadion Gelora Bangkalan,4,bisalah kumpul malam jualan kuliner,1,positive,3
Stadion Gelora Bangkalan,5,rame lumayan jalan pagi sore,1,positive,-1
Stadion Gelora Bangkalan,5,rame pas minggu permainan,1,positive,3
Stadion Gelora Bangkalan,4,ramai tertata kuang bersih,1,positive,0
Stadion Gelora Bangkalan,5,top satenya,1,positive,8
Stadion Gelora Bangkalan,4,menyesap,1,positive,-1
Stadion Gelora Bangkalan,1,rame,0,positive,0
Stadion Gelora Bangkalan,5,indah nyaman,1,positive,0
Stadion Gelora Bangkalan,5,mainan anak makanan,1,positive,3
Stadion Gelora Bangkalan,1,ktemu sahabat,0,positive,0
Stadion Gelora Bangkalan,3,stadion perawatan banyak pedagang sih,0,negative,-1
Stadion Gelora Bangkalan,5,asyik kumpul pumara pusat makanan rakyat tersedia pedagang pilihan jenis makanan minuman bagus titik foto,1,positive,-1
Stadion Gelora Bangkalan,3,olah raga mainan anak malam libur,0,positive,3
Stadion Gelora Bangkalan,5,acara gelora kota bangkalan memang seru nambah teman,1,positive,3
Stadion Gelora Bangkalan,5,ramai bangkalan,1,positive,13
Stadion Gelora Bangkalan,3,lumayan ramai kalau malam minggu,0,positive,-1
Stadion Gelora Bangkalan,5,stadion sepak bola andalan warga bangkalan yang hobby nonton sepak bola malam harinya halaman stadion hiburan anak anak,1,positive,3
Stadion Gelora Bangkalan,2,iya gitu,0,positive,10
Stadion Gelora Bangkalan,5,teknisi berpengalaman pelayanan bagus,1,positive,11
Stadion Gelora Bangkalan,5,wisata kuliner minggu pagi kesini,1,positive,3
Stadion Gelora Bangkalan,5,bagus rame nya,1,positive,0
Stadion Gelora Bangkalan,5,kumpul asyik,1,positive,3
Stadion Gelora Bangkalan,5,bagus,1,positive,4
Stadion Gelora Bangkalan,1,ok luarbiasa bagus,0,positive,0
Stadion Gelora Bangkalan,4,rumah banglow,1,positive,0
Stadion Gelora Bangkalan,5,dagang pilihan makanan enak,1,positive,3
Stadion Gelora Bangkalan,5,rekreasi mlm,1,positive,0
Stadion Gelora Bangkalan,5,bagus,1,positive,4
Stadion Gelora Bangkalan,5,menakjubkan bangkit zona kusam,1,positive,12
Stadion Gelora Bangkalan,3,perawatannya ditingkatkan,0,negative,0
Stadion Gelora Bangkalan,3,cocok anak umur thun karena trdapat mainan yang sesuai umur jga trdapat warkop yang cocok anak muda remaja dewasa mencari makanan,0,positive,3
Stadion Gelora Bangkalan,5,ok,1,positive,17
Stadion Gelora Bangkalan,5,oke,1,positive,17
Stadion Gelora Bangkalan,5,bagus rapi,1,positive,0
Stadion Gelora Bangkalan,4,taman hiburan rakyat dimasa pandemi,1,positive,-1
Stadion Gelora Bangkalan,3,asiiiik,0,positive,10
Stadion Gelora Bangkalan,4,yang keluarga,1,positive,0
Stadion Gelora Bangkalan,5,suka menu spaghetti sambel matah citarasa nusantara italia,1,positive,3
Stadion Gelora Bangkalan,5,tempatnya enak menarik enak jajan berama kluarga,1,positive,-1
Stadion Gelora Bangkalan,4,jatuh aspal,1,positive,0
Stadion Gelora Bangkalan,4,blum masuk hanya diluar stadion,1,positive,-1
Stadion Gelora Bangkalan,4,nyaman bersih,1,positive,0
Stadion Gelora Bangkalan,3,bagus hangout,0,positive,0
Stadion Gelora Bangkalan,4,okee tertata,1,positive,17
Stadion Gelora Bangkalan,5,bagus,1,positive,4
Stadion Gelora Bangkalan,5,mantap,1,positive,8
Stadion Gelora Bangkalan,5,padat,1,positive,0
Stadion Gelora Bangkalan,5,ramai malam mainan anak,1,positive,3
Stadion Gelora Bangkalan,5,bagus,1,positive,4
Stadion Gelora Bangkalan,3,nyaman indah terwat,0,positive,0
Stadion Gelora Bangkalan,5,lumayan bagusss suasananya enak bagus liburan anak didlakang stadion taman bermain,1,positive,-1
Stadion Gelora Bangkalan,5,stadion bangkalan icon kota bangkalan dilengkapi fasilitas memadai berdampingan pusat makanan rakyat pumara selalu sedia makanan enak sehat,1,positive,3
Stadion Gelora Bangkalan,5,berburu makanan,1,positive,-1
Stadion Gelora Bangkalan,4,kemarennya sih mampir deket gedung hy doang hehe,1,positive,-1
Stadion Gelora Bangkalan,4,klw mlm permain ank,1,positive,0
Stadion Gelora Bangkalan,4,ngopi santai,1,positive,3
Stadion Gelora Bangkalan,5,syafir koleksi media sosial,1,positive,-1
Stadion Gelora Bangkalan,5,taman bermainada kulinernya,1,positive,3
Stadion Gelora Bangkalan,5,good place bagus bermain anak anak,1,positive,3
Stadion Gelora Bangkalan,5,enak sekali,1,positive,0
Stadion Gelora Bangkalan,4,oke,1,positive,17
Stadion Gelora Bangkalan,5,no coment takut di plot yang berkepentingan,1,positive,0
Stadion Gelora Bangkalan,5,ingin wisata kuliner jalanjalan,1,positive,3
Stadion Gelora Bangkalan,4,stadionnya sdh taraf internasinal parkirnya luas pentaan pkl maksimal,1,positive,-1
Stadion Gelora Bangkalan,5,tempatnya jajanan enak murahmurah,1,positive,3
Stadion Gelora Bangkalan,5,bagus,1,positive,4
Stadion Gelora Bangkalan,5,bagus,1,positive,4
Stadion Gelora Bangkalan,4,lumayan rapi halaman nyaterdapat penjual jajanan nya halaman parkiran lumayan lega muat mobil tanami pohon nyasehingga menambah sejuk suasana letak nya strategis penggir jalan raya pencahayaan berfungsi baikjadi nyaman sekedar kumpul malam,1,positive,-1
Stadion Gelora Bangkalan,5,luas area lokasinya ramai enak jadikan bersantai keluarga kerabat kerja teman ngopi makanan ringam berjualan area stadion,1,positive,-1
Stadion Gelora Bangkalan,5,penataanx,1,positive,0
Stadion Gelora Bangkalan,5,depannya terawat,1,negative,-1
Stadion Gelora Bangkalan,5,nyaman,1,positive,-1
Stadion Gelora Bangkalan,5,lebur,1,positive,0
Stadion Gelora Bangkalan,5,kota bangkalan hiburan pasar malam pas nyatai anak mainan,1,positive,3
Stadion Gelora Bangkalan,3,merawat lebih sulit yang bag kotor tidak tau bag nya pkl semrawut halaman yang luas jd sempit dkuasai pkl dsb tidak ruang bebas sayang sekali,0,negative,2
Stadion Gelora Bangkalan,3,suka,0,positive,-1
Stadion Gelora Bangkalan,4,hiburan sederhana menyenangkan permainan untuk anak,1,positive,3
Stadion Gelora Bangkalan,5,stadion standar internasional,1,positive,3
Stadion Gelora Bangkalan,5,tampan,1,positive,-1
Stadion Gelora Bangkalan,5,grup pencari nafkah disitu,1,positive,1
Stadion Gelora Bangkalan,5,bagus,1,positive,4
Stadion Gelora Bangkalan,5,mantap,1,positive,8
Stadion Gelora Bangkalan,5,yang sgat nyaman kumpul bersma kluarga,1,positive,-1
Stadion Gelora Bangkalan,5,lumayan puas menghibur anak anak,1,positive,3
Stadion Gelora Bangkalan,5,stadion kota bangkalan,1,positive,3
Stadion Gelora Bangkalan,5,ramenya tidak ngotak,1,positive,-1
Stadion Gelora Bangkalan,5,taman hiburan ngopi wkwkwk,1,positive,3
Stadion Gelora Bangkalan,5,bagus dan nyaman kumpul,1,positive,0
Stadion Gelora Bangkalan,5,oghey,1,positive,10
Stadion Gelora Bangkalan,4,pusat jajanan taman bermain anak bangkalan,1,positive,3
Stadion Gelora Bangkalan,5,odik santai metadek omor,1,positive,-1
Stadion Gelora Bangkalan,5,truk pakan masuk,1,negative,0
Stadion Gelora Bangkalan,4,bagus,1,positive,4
Stadion Gelora Bangkalan,5,bagus,1,positive,4
Stadion Gelora Bangkalan,5,bagus kumpul,1,positive,0
Stadion Gelora Bangkalan,5,oke,1,positive,17
Stadion Gelora Bangkalan,5,bagus ramai,1,positive,0
Stadion Gelora Bangkalan,4,menyenangkan nya,1,positive,-1
Stadion Gelora Bangkalan,5,kota sholawat aman kota trcintah smoga sllau dalam lindungan allah dijauhkan dari sgala balakkmudhorotnaamiiiiin,1,positive,1
Stadion Gelora Bangkalan,5,nongkrongnya pedagang mobil bangkalan info mobil listrik,1,positive,3
Stadion Gelora Bangkalan,5,bagus laa wisata anak n tmpat kumpul,1,positive,-1
Stadion Gelora Bangkalan,5,okee tempatnya rame enak ngopi heheeq,1,positive,-1
Stadion Gelora Bangkalan,5,nyaman santai,1,positive,0
Stadion Gelora Bangkalan,4,usaha tempe kadin,1,positive,3
Stadion Gelora Bangkalan,5,oke,1,positive,17
Stadion Gelora Bangkalan,5,lahan parkir luasss rindang jual makanan minuman bersih,1,positive,15
Stadion Gelora Bangkalan,5,markas madura united tapi lagi vacum liga indonesia blm izin,1,positive,3
Stadion Gelora Bangkalan,5,bersih main anakanak bagus,1,positive,0
Stadion Gelora Bangkalan,5,luas penggemar bola bsa langsung nonton siaran langsung stadiulin,1,positive,3
Stadion Gelora Bangkalan,5,ibadah enak,1,positive,0
Stadion Gelora Bangkalan,5,bagus,1,positive,4
Stadion Gelora Bangkalan,3,apaapa,0,negative,0
Stadion Gelora Bangkalan,5,essip,1,positive,0
Stadion Gelora Bangkalan,5,nyaman ongguh,1,positive,0
Stadion Gelora Bangkalan,5,ihh tau curcol ini sekali madura malmingan abi sanadan tau gakk maenan donk seperti istana balon delman odong yang unik sekali dengan kreatif keren sekali sih mah lampu warna warni dengan diiringi musik kekiniann uptodate spektaa eim yang jualan makanan minuman disanaoiah kalau kesana bawa anak nya jangan lupa endul kumpul pakai tikar ngopi gitu recommended sekali malmingan stadion spekta eim,1,positive,2
Stadion Gelora Bangkalan,3,tempatnya terawat,0,negative,11
Stadion Gelora Bangkalan,5,tuoooooop buaaangeeeett,1,positive,10
Stadion Gelora Bangkalan,5,mengajak anak bermain,1,positive,3
Stadion Gelora Bangkalan,5,bagus,1,positive,4
Stadion Gelora Bangkalan,4,asri bgus,1,positive,0
Stadion Gelora Bangkalan,5,lucu,1,positive,-1
Stadion Gelora Bangkalan,5,tempatnya lumayan rame pedagang asongan,1,positive,-1
Stadion Gelora Bangkalan,4,senang,1,positive,-1
Stadion Gelora Bangkalan,1,sempurna,0,positive,-1
Stadion Gelora Bangkalan,5,menyesap,1,positive,-1
Stadion Gelora Bangkalan,4,ramai dikunjungi minggu pagi wisata kuliner pilihan kuliner cocok joging pagi bersantai keluarga,1,positive,-1
Stadion Gelora Bangkalan,5,mantab,1,positive,8
Stadion Gelora Bangkalan,3,bagus,0,positive,4
Stadion Gelora Bangkalan,5,santai buru ngopi bareng,1,positive,3
Stadion Gelora Bangkalan,5,indah pandangan,1,positive,0
Stadion Gelora Bangkalan,5,nyaman,1,positive,-1
Stadion Gelora Bangkalan,5,nya enak jajan nya lengkap nya bersih luas pelayan markotop,1,positive,6
Stadion Gelora Bangkalan,5,siip,1,positive,0
Stadion Gelora Bangkalan,5,seru murah meriah cocok untuk bermain anak akhir pekan,1,positive,3
Stadion Gelora Bangkalan,5,arena bermain anak,1,positive,3
Stadion Gelora Bangkalan,3,bagus lahh buatt kunjungi,0,positive,0
Stadion Gelora Bangkalan,2,sy sekali suka,0,positive,0
Stadion Gelora Bangkalan,4,bagus,1,positive,4
Stadion Gelora Bangkalan,5,cacing ramee,1,positive,10
Stadion Gelora Bangkalan,5,penuh kenangan,1,positive,0
Stadion Gelora Bangkalan,5,keren,1,positive,0
Stadion Gelora Bangkalan,3,perawatan ekstra,0,negative,0
Stadion Gelora Bangkalan,5,indah ramai pengunjung cocok kalangan,1,positive,-1
Stadion Gelora Bangkalan,5,mainan odongodong kuliner murah enak,1,positive,3
Stadion Gelora Bangkalan,5,semoga madura maju warganya cerdas,1,positive,-1
Stadion Gelora Bangkalan,5,yang membuatku ber inspirasi menentukan pikir negatif positif sehinga berkiprah ber etika,1,positive,5
Stadion Gelora Bangkalan,5,stadoin taraf nasional,1,positive,0
Stadion Gelora Bangkalan,4,lapangan bola pkl bermain anak,1,positive,3
Stadion Gelora Bangkalan,5,karena cinta indonesia,1,positive,0
Stadion Gelora Bangkalan,5,bermain anakanak orang dewasa wisata kuliner,1,positive,3
Stadion Gelora Bangkalan,5,kuliner jalanan bangkalan top sekali ringan dikantong,1,positive,3
Stadion Gelora Bangkalan,5,stadion kota bangkalan dibelakangnya trk depannya rame penjual,1,positive,-1
Stadion Gelora Bangkalan,5,bangkalan bagus mematuhi protokol kesehatan,1,positive,5
Stadion Gelora Bangkalan,4,kondisi rapi penataan pkl,1,positive,5
Stadion Gelora Bangkalan,3,rame,0,positive,0
Stadion Gelora Bangkalan,5,karena lahir besarkan,1,positive,0
Stadion Gelora Bangkalan,5,laah azell komputer,1,positive,10
Stadion Gelora Bangkalan,2,kotor orang mengakses libur kerha,0,negative,5
Stadion Gelora Bangkalan,5,stadion kabupaten berkelas kumuh dengan pedagang kaki,1,positive,3
Stadion Gelora Bangkalan,4,baguscuma kumuh dengan pedagang kaki,1,positive,-1
Stadion Gelora Bangkalan,4,ramaibbanyak permainan n makanan anak,1,positive,3
Stadion Gelora Bangkalan,5,renovasi,1,positive,0
Stadion Gelora Bangkalan,5,kepuasan rizky,1,positive,-1
Stadion Gelora Bangkalan,2,alhamdulilah,0,positive,14
Stadion Gelora Bangkalan,5,stadion kelas internasional bermain sepak bola running arena stadion halaman stadion ramai pedagang menjual street food malam suasana halaman stadion ramai pemuda pemudi kota bercengkerama ngopi ngopi,1,positive,3
Stadion Gelora Bangkalan,5,stadion kebanggaan oreng madureh,1,positive,3
Stadion Gelora Bangkalan,5,okebanget,1,positive,10
Stadion Gelora Bangkalan,5,wahana hiburan berkumpulnya warga bangkalansebagai pelepas lelah aneka kuliner hidangan pelengkap aktifitas suasana santai bermain,1,positive,-1
Stadion Gelora Bangkalan,5,bagus,1,positive,4
Stadion Gelora Bangkalan,5,makan lesehan std bangkalan,1,positive,3
Stadion Gelora Bangkalan,5,ngisi liburan berkerja,1,positive,3
Stadion Gelora Bangkalan,5,bersih,1,positive,-1
Stadion Gelora Bangkalan,5,bagus stadionnyaada bermain anakanak,1,positive,-1
Stadion Gelora Bangkalan,4,tempatnya ramai baguss,1,positive,11
Stadion Gelora Bangkalan,4,istana ku,1,positive,-1
Stadion Gelora Bangkalan,5,tuhan,1,positive,1
Stadion Gelora Bangkalan,5,utama,1,positive,0
Stadion Gelora Bangkalan,5,bagus,1,positive,4
Stadion Gelora Bangkalan,5,bagus baget pedagang makanan mainan,1,positive,3
Stadion Gelora Bangkalan,5,papa,1,positive,0
Stadion Gelora Bangkalan,5,mantap bangkalan,1,positive,8
Stadion Gelora Bangkalan,4,tempatnya bagus ramai hiburan permainan ajak cocok dikunjungi keluarga tempatnya bersih bau ti menguar kemana mohon diperhatikan pengunjung betah disana,1,positive,-1
Stadion Gelora Bangkalan,5,menyesap,1,positive,-1
Stadion Gelora Bangkalan,5,oke,1,positive,17
Stadion Gelora Bangkalan,4,bagus orang pacaran,1,positive,0
Stadion Gelora Bangkalan,5,bagus piala dunia,1,positive,-1
Stadion Gelora Bangkalan,3,menarik,0,positive,-1
Stadion Gelora Bangkalan,5,keren,1,positive,0
Stadion Gelora Bangkalan,5,terbaik berkumpul keluarga,1,positive,-1
Stadion Gelora Bangkalan,4,wisata kota menarik dipan stadion beraneka permainan anak stadion arena pencing,1,positive,3
Stadion Gelora Bangkalan,4,butuh sarapan ber aktifitas nya pagi pedagang jual makanan pecel bubur ayam nasi campur siang nya enak minum es kopi,1,positive,2
Stadion Gelora Bangkalan,5,jamet hehehe,1,positive,10
Stadion Gelora Bangkalan,5,sgb,1,positive,0
Stadion Gelora Bangkalan,4,sih yang seru stadion bkl,1,positive,-1
Stadion Gelora Bangkalan,3,terawat,0,negative,-1
Stadion Gelora Bangkalan,5,keren pumara,1,positive,0
Stadion Gelora Bangkalan,4,cocok kalau cari cemilan,1,positive,-1
Stadion Gelora Bangkalan,5,tongkrongan yang bagus,1,positive,3
Stadion Gelora Bangkalan,5,harapan maju kota bangkalan,1,positive,3
Stadion Gelora Bangkalan,5,tempt nnongkrong pemuda bangkalan,1,positive,3
Stadion Gelora Bangkalan,1,kotor,0,negative,-1
Stadion Gelora Bangkalan,5,menyesap,1,positive,-1
Stadion Gelora Bangkalan,5,bagus menemukan makanan minuman murah,1,positive,3
Stadion Gelora Bangkalan,5,minggu pagi ramai dengan anak,1,positive,3
Stadion Gelora Bangkalan,5,berkesan,1,positive,-1
Stadion Gelora Bangkalan,4,jm sore yang pas nyantai,1,positive,3
Stadion Gelora Bangkalan,4,lumayan bagus,1,positive,0
Stadion Gelora Bangkalan,3,nyaman kumpul kotor sampah,0,negative,0
Stadion Gelora Bangkalan,4,mantap,1,positive,8
Stadion Gelora Bangkalan,5,bersih indah,1,positive,0
Stadion Gelora Bangkalan,5,ok santai,1,positive,17
Stadion Gelora Bangkalan,1,rusak bermainnya,0,negative,-1
Stadion Gelora Bangkalan,3,rame dng kaki,0,positive,-1
Stadion Gelora Bangkalan,5,menyesap,1,positive,-1
Stadion Gelora Bangkalan,4,hiburan anak anak yang murah meriah,1,positive,3
Stadion Gelora Bangkalan,5,bgus stadionnya cocok jalan,1,positive,-1
Stadion Gelora Bangkalan,5,bagus rekreasi keluarga,1,positive,-1
Stadion Gelora Bangkalan,5,stadionx bgus dan luas,1,positive,-1
Stadion Gelora Bangkalan,3,kotor,0,negative,-1
Stadion Gelora Bangkalan,2,suka kumuh pedagang yang brjualan area trsebut stadion yang namanya stadion bagus harus steril dari pedagang kki dsb trlihat indah n bersih,0,negative,-1
Stadion Gelora Bangkalan,4,ya cocok kumpul,1,positive,-1
Stadion Gelora Bangkalan,4,makan nasgor enak wkwk eh iya telur gulungv,1,positive,-1
Stadion Gelora Bangkalan,5,kopinya mantullllll,1,positive,10
Stadion Gelora Bangkalan,5,no comentinti nya layak main,1,positive,0
Stadion Gelora Bangkalan,3,makan malam diatas jam tempatnya,0,positive,3
Stadion Gelora Bangkalan,5,bersih nyaman,1,positive,0
Stadion Gelora Bangkalan,5,bagus,1,positive,4
Stadion Gelora Bangkalan,4,luas tpatnya juga untuk lari pagi,1,positive,-1
Stadion Gelora Bangkalan,5,peristiwa kumpul keluarga lumayan,1,positive,3
Stadion Gelora Bangkalan,5,tempatnya bagus sekali,1,positive,11
Stadion Gelora Bangkalan,1,hati yang musim layangan leher kena senar,0,negative,-1
Stadion Gelora Bangkalan,3,parkir beraturan pencinta jajanan sd telor gulung wajib dicobain beda tepur gulung daerah,0,positive,3
Stadion Gelora Bangkalan,4,ikon kota bangkalan,1,positive,3
Stadion Gelora Bangkalan,5,tembaga,1,positive,-1
Stadion Gelora Bangkalan,5,stasiun populer madura,1,positive,3
Stadion Gelora Bangkalan,3,sepikotorkurang tertata,0,negative,-1
Stadion Gelora Bangkalan,5,bangkalan,1,positive,3
Stadion Gelora Bangkalan,5,nyaman sekali nya kalau pagi adem sejuk karena pohon rindang kalau malam malam minggu ya rame sekali tetap enak makanan sekali tinggal milih,1,positive,2
Stadion Gelora Bangkalan,5,sejuk nyaman,1,positive,0
Stadion Gelora Bangkalan,4,warung kopi penjual,1,positive,3
Stadion Gelora Bangkalan,5,cocok main,1,positive,-1
Stadion Gelora Bangkalan,5,bagus menyenangkan permainannya,1,positive,0
Stadion Gelora Bangkalan,3,doang,0,negative,0
Stadion Gelora Bangkalan,5,dokar n odong odong,1,positive,-1
Stadion Gelora Bangkalan,4,yang enak santai pertandingan bola,1,positive,3
Stadion Gelora Bangkalan,4,cocok kumpul,1,positive,-1
Stadion Gelora Bangkalan,4,istirahat kenyamanan yang standar,1,positive,0
Stadion Gelora Bangkalan,5,enak ngopi,1,positive,3
Stadion Gelora Bangkalan,5,sangaat bagus,1,positive,0
Stadion Gelora Bangkalan,5,ramai,1,positive,13
Stadion Gelora Bangkalan,3,fasilitas permainannya menarik di bilang wahana atau permainannya bgtu saja,0,negative,6
Stadion Gelora Bangkalan,5,salahsati icon kota bangkalan pusat kegiatan masyarakat liburan yang suka kopi lesehan cocok menikmati malam ramainya kota bangkalan,1,positive,1
Stadion Gelora Bangkalan,5,bagus sekali,1,positive,0
Stadion Gelora Bangkalan,5,nasi goreng jombang terenak langganankuu sekali,1,positive,3
Stadion Gelora Bangkalan,5,menghibur,1,positive,-1
Stadion Gelora Bangkalan,5,gowes pagi,1,positive,-1
Stadion Gelora Bangkalan,5,pedagang kaki malam,1,positive,3
Stadion Gelora Bangkalan,5,lengkap pujaseranya,1,positive,-1
Stadion Gelora Bangkalan,5,recomended sekali yang suka ngopi menikmati dongodong,1,positive,-1
Stadion Gelora Bangkalan,5,mwmang pelanggan kj,1,positive,-1
Stadion Gelora Bangkalan,4,sepi lagi covid,1,positive,-1
Stadion Gelora Bangkalan,5,jooooo,1,positive,10
Stadion Gelora Bangkalan,5,alhamdulilla bagus,1,positive,0
Stadion Gelora Bangkalan,5,tempatnya teduh asyik kumpul,1,positive,11
Stadion Gelora Bangkalan,3,jajanan khas,0,positive,3
Stadion Gelora Bangkalan,2,terawat pkl,0,negative,-1
Stadion Gelora Bangkalan,3,lumayan ramai hiburan anak,0,positive,-1
Stadion Gelora Bangkalan,5,indah sekali,1,positive,0
Stadion Gelora Bangkalan,5,seru sekali teman ayock buruan minggu pagi n malam,1,positive,-1
Stadion Gelora Bangkalan,5,siip,1,positive,0
Stadion Gelora Bangkalan,5,stand pempek mang pari ilir madura,1,positive,3
Stadion Gelora Bangkalan,4,parkir luas bersih pinggir jalan utama,1,positive,15
Stadion Gelora Bangkalan,5,bagus tempatnya,1,positive,0
Stadion Gelora Bangkalan,3,tertata rapi pemerintah setidakx koordinasi sperti kodam surabaya,0,negative,5
Stadion Gelora Bangkalan,5,bagus,1,positive,4
Stadion Gelora Bangkalan,5,bagus,1,positive,4
Stadion Gelora Bangkalan,5,pemeliharaan sampah pemerintah kesadaran masyarakat saluran air isi plastik,1,negative,5
Stadion Gelora Bangkalan,5,nemani anakku bermain,1,positive,-1
Stadion Gelora Bangkalan,1,hiburan,0,positive,0
Stadion Gelora Bangkalan,4,ramai jualan makanan minuman,1,positive,3
Stadion Gelora Bangkalan,5,ramai malam main anak,1,positive,3
Stadion Gelora Bangkalan,3,bayar parkir relatif berubahubah kadang,0,negative,-1
Stadion Gelora Bangkalan,5,segar kalau pagi pepohonan,1,positive,-1
Stadion Gelora Bangkalan,5,bagus,1,positive,4
Stadion Gelora Bangkalan,4,lumayan bagus,1,positive,0
Stadion Gelora Bangkalan,5,ramae adem pkl rapi,1,positive,-1
Stadion Gelora Bangkalan,5,santai sekali,1,positive,0
Stadion Gelora Bangkalan,5,menunjang berolahraga,1,positive,0
Stadion Gelora Bangkalan,5,pemandangan yang bagus cocok untuk bermain anak,1,positive,-1
Stadion Gelora Bangkalan,5,menyesap,1,positive,-1
Stadion Gelora Bangkalan,5,serru pas jam malam diusir polisi,1,positive,5
Stadion Gelora Bangkalan,5,bagus,1,positive,4
Stadion Gelora Bangkalan,5,bagus,1,positive,4
Stadion Gelora Bangkalan,3,penerangan,0,negative,0
Stadion Gelora Bangkalan,2,stadion glora bangkalan kerap jadikan pacaran perbuatan mesum,0,negative,3
Stadion Gelora Bangkalan,5,nyantai gelora bangkalan,1,positive,3
Stadion Gelora Bangkalan,3,kantor polisi,0,negative,1
Stadion Gelora Bangkalan,5,mantappp bersih skuy,1,positive,0
Stadion Gelora Bangkalan,3,terdekat menghibur anak,0,positive,3
Stadion Gelora Bangkalan,4,cocok menemani anak bermain,1,positive,3
Stadion Gelora Bangkalan,3,penjual,0,positive,0
Stadion Gelora Bangkalan,1,kotor tidak tetawat,0,negative,0
Stadion Gelora Bangkalan,5,oke teguk,1,positive,17
Stadion Gelora Bangkalan,5,suka sekali tempatnya,1,positive,0
Stadion Gelora Bangkalan,5,asyik kumpul,1,positive,3
Stadion Gelora Bangkalan,3,lumayanlah main ruang terbuka,0,positive,-1
Stadion Gelora Bangkalan,5,cocok berwisata hiburan,1,positive,-1
Stadion Gelora Bangkalan,3,stadion pedagang pkl pelatarannya kongkow masyarakat bangkalan luas parkir kendaraan gratis parking,0,negative,3
Stadion Gelora Bangkalan,4,bagus,1,positive,4
Stadion Gelora Bangkalan,5,bagus,1,positive,4
Stadion Gelora Bangkalan,4,sdh bagus pembenahan di bidang kebersihan fasum,1,positive,6
Stadion Gelora Bangkalan,5,bagus,1,positive,4
Stadion Gelora Bangkalan,3,kotor perawatan keamanan,0,negative,-1
Stadion Gelora Bangkalan,5,kumpul mudamudi bangkalan malam,1,positive,3
Stadion Gelora Bangkalan,1,bai,0,positive,0
Stadion Gelora Bangkalan,5,jajan minggu pagi,1,positive,3
Stadion Gelora Bangkalan,5,terfavorite siang siang bolong wkwk,1,positive,-1
Stadion Gelora Bangkalan,5,rame enak kumpul anak club banyk ngopi,1,positive,3
Stadion Gelora Bangkalan,5,bayen foto menerima layan jenis motor,1,positive,-1
Stadion Gelora Bangkalan,5,malam mainanya samping penjual makanan aneka gorengan,1,positive,3
Stadion Gelora Bangkalan,4,bagus recommended olahraga foto foto jualan bank pom bensin indomaret,1,positive,11
Stadion Gelora Bangkalan,4,bagus hiburannya,1,positive,0
Stadion Gelora Bangkalan,5,bagus bebeknya,1,positive,0
Stadion Gelora Bangkalan,5,tempatku nakal sekarang upgrade mantap pkoknyaa,1,positive,0
Stadion Gelora Bangkalan,5,rindang,1,positive,0
Stadion Gelora Bangkalan,5,baguuu,1,positive,10
Stadion Gelora Bangkalan,5,mantaaap,1,positive,10
Stadion Gelora Bangkalan,4,kebersihan perawatan,1,negative,0
Stadion Gelora Bangkalan,5,asyik,1,positive,-1
Stadion Gelora Bangkalan,3,oke,0,positive,17
Stadion Gelora Bangkalan,5,asyik,1,positive,-1
Stadion Gelora Bangkalan,5,mantan,1,positive,0
Stadion Gelora Bangkalan,1,pakai apk sangatbisa membantu,0,positive,0
Stadion Gelora Bangkalan,5,menyesap,1,positive,-1
Stadion Gelora Bangkalan,5,pengalaman sekeluarga touring bangkalan fasilitas sih minim area bermain anak yang murah meriah tergolong lengkap pokoknya ajak anak kesini di aku allah senang orang tua tinggal duduk manis oh ya bukanya ashar ya pagi sepi,1,positive,2
Stadion Gelora Bangkalan,3,rawat tamannya,0,negative,-1
Stadion Gelora Bangkalan,4,nya enak bersih tolong loket tiket nya perbanyak biar tidak calo,1,positive,2
Stadion Gelora Bangkalan,5,stadion gelora bkl samping sebagai pertandingan sepak bola halaman stadion bkl klu malam dan siang jadikan rekreasi warga bkl pedagang kaki berjualanterkadang halaman stadion tidak bkljuga jadikan ajang hiburan stake holder sebagai promosi produk pamirandn ivent gbyar ultah dnpenerimaan hadiah bank sisi utara stadion gelora bangkalan menyediakan puja sera pusat jajan serba,1,positive,3
Stadion Gelora Bangkalan,3,kopi jahe,0,positive,3
Stadion Gelora Bangkalan,5,seru ini bermain anak stadion bolanya lho,1,positive,3
Stadion Gelora Bangkalan,5,markas perseba bangkalan madura united,1,positive,3
Stadion Gelora Bangkalan,5,bagus,1,positive,4
Stadion Gelora Bangkalan,5,pas jauh putran akhir pilgub wani,1,positive,-1
Stadion Gelora Bangkalan,4,rumputnya bagus tapi jelek stadionnya,1,positive,-1
Stadion Gelora Bangkalan,4,warung samping stadion mantap kumpul wifi gratis,1,positive,3
Stadion Gelora Bangkalan,5,ngopi favorit kalau malam mingguan starbak mah pilihan menunya sangat pop ice air mineral tidak live musik sih kalau beruntung lihat live trek trekan darah muda bangkalan,1,positive,2
Stadion Gelora Bangkalan,5,nya luas ramai pengunjung sore sampai malam malam minggu rame kumpul warung kopi warung makan es deh souvernir accesoris odong odong sewa skuter anak stadion nya kolam renang suka renang refreshing pagi siang sore tempatnya strategis pom bensin bank minimarket,1,positive,-1
Stadion Gelora Bangkalan,3,salah hiburan anak dikala sore libur codan juga ngopi,0,positive,3
Stadion Gelora Bangkalan,5,pusat pertandingan sepakbola karapan sapi,1,positive,-1
Stadion Gelora Bangkalan,5,keren,1,positive,0
Stadion Gelora Bangkalan,4,olahraga kebanggaan bangkalan,1,positive,3
Stadion Gelora Bangkalan,5,mantap,1,positive,8
Stadion Gelora Bangkalan,4,bagus kuliner maianan anak,1,positive,3
Stadion Gelora Bangkalan,4,complete makan main juga,1,positive,-1
Stadion Gelora Bangkalan,5,bagus,1,positive,4
Stadion Gelora Bangkalan,5,stadion kebanggan orang madura bangkalan stadion gelra bangkalan stadion alternatif klub madura madura united stadion turnamen stadion kedaikedai makanan lumayan icip kuliner khas kota salak stadion wahana bermain keluarga,1,positive,3
Stadion Gelora Bangkalan,1,sekeliling stadion yang perawatan kebersihannya berkesan kumuh beberapa dinding stadion bau pesingpdhal biaya pembangunan tidak,0,negative,-1
Stadion Gelora Bangkalan,4,stadion bagus,1,positive,-1
Stadion Gelora Bangkalan,5,aman terpercaya,1,positive,0
Stadion Gelora Bangkalan,4,enak ngopi,1,positive,3
Stadion Gelora Bangkalan,3,lumayan,0,positive,-1
Stadion Gelora Bangkalan,5,ngumpul kumpul asyik,1,positive,3
Stadion Gelora Bangkalan,5,stadion andalan,1,positive,3
Stadion Gelora Bangkalan,4,ya suka ramai akhir pekan pagi,1,positive,-1
Stadion Gelora Bangkalan,5,favorit kumpul,1,positive,0
Stadion Gelora Bangkalan,5,mantap,1,positive,8
Stadion Gelora Bangkalan,2,lingkungannya kotor,0,negative,-1
Stadion Gelora Bangkalan,4,lumayan memuaskantapi suporter nya,1,positive,-1
Stadion Gelora Bangkalan,5,bagus kapasitas kamarmandi minim nya,1,positive,6
Stadion Gelora Bangkalan,1,lok lebur,0,negative,0
Stadion Gelora Bangkalan,5,stadion milik pemerintah kota bangkalan madura kandang kesebelasan madura unitedtempatnya perkotaandekat sekolah keramaian kotatapi fasilitas minim toilet yang rusak,1,positive,3
Stadion Gelora Bangkalan,5,lumayan bagus,1,positive,0
Stadion Gelora Bangkalan,3,stadion memadai fasilitasnya,0,negative,-1
Stadion Gelora Bangkalan,4,kandang madura utd,1,positive,3
Stadion Gelora Bangkalan,5,jossss,1,positive,-1
Stadion Gelora Bangkalan,5,nyaman enk nribun e,1,positive,-1
Stadion Gelora Bangkalan,5,rumputnya bagus hujan bola tetap mengalir,1,positive,-1
Stadion Gelora Bangkalan,4,stadion sepak bola madura okelah ya dibandingkan stadion seberang kelas tribun vip,1,positive,3
Stadion Gelora Bangkalan,4,rumputnya kualitas bagus parkir oke main stadion cedera butuh penambahan tribun,1,positive,-1
Stadion Gelora Bangkalan,5,stadion jozz,1,positive,3
Stadion Gelora Bangkalan,5,salahsatu fasilitas publik sarana olahraga stadion gelora bangkalan letaknya pusat kota bangkalan aksesny mudah fasilitas lumayan lengkap terawat terima kasih,1,positive,1
Stadion Gelora Bangkalan,2,kondisi gedung yang tidak terawatrumput lapangan rapitoilet kotor area disekitar gedung kotor sampah,0,negative,1
Stadion Gelora Bangkalan,3,sampah,0,negative,0
Stadion Gelora Bangkalan,5,bagus,1,positive,4
Stadion Gelora Bangkalan,5,wow,1,positive,-1
Stadion Gelora Bangkalan,5,enjoooyselalu rame sore hiburan anak anak,1,positive,3
Stadion Gelora Bangkalan,5,stadion satunya bangkalan,1,positive,3
Stadion Gelora Bangkalan,3,makanannya de terbaik mie gorengnasi gorengnya penuh lauk suka sekali tidak pelit sempet keliling masuk stadionnya sih tidak suka sepak bola kasih rating segini segi kebersihan jalannya bersih bersih sekali semoga tingkatkan buang sampah sembarangan,0,positive,2
Stadion Gelora Bangkalan,5,nagih utang diwarung sebelah,1,positive,5
Stadion Gelora Bangkalan,4,cocok liburan santai keluarga sembari menemani si bermain wahana tersedia menikmati jajanan ringan berat harga relatif terjangkau,1,positive,-1
Stadion Gelora Bangkalan,3,stadion istimewah,0,positive,3
Stadion Gelora Bangkalan,4,kebersihannya terjaga rekomendasi keluarga,1,positive,-1
Stadion Gelora Bangkalan,5,assiap,1,positive,1
Stadion Gelora Bangkalan,4,wahana anak,1,positive,-1
Stadion Gelora Bangkalan,5,refrensi laundry sterika,1,positive,-1
Stadion Gelora Bangkalan,3,kumpul,0,positive,0
Stadion Gelora Bangkalan,5,terlambat,1,positive,0
Stadion Gelora Bangkalan,3,bagus tempatnya,0,positive,0
Stadion Gelora Bangkalan,3,pasar malam bangkalan tersedia jajanan permainan anak bersih sampah lingkungan stadion,0,positive,3
Stadion Gelora Bangkalan,3,bagus bnayak trrsedia kuliner juga area bermain,0,positive,-1
Stadion Gelora Bangkalan,1,andai mainan dipindah alun alun kulinernya tetap disitu enak,0,positive,-1
Stadion Gelora Bangkalan,5,stadionnya bagus,1,positive,1
Stadion Gelora Bangkalan,5,salah hiburan keluarga,1,positive,-1
Stadion Gelora Bangkalan,4,kemajuanmohon benahi yang kosong,1,positive,-1
Stadion Gelora Bangkalan,5,top lokasi parkirnya luas bikin kesal beragam mainan aktif disana serasa taman mainan,1,positive,-1
Stadion Gelora Bangkalan,5,anak main bola turnament kamu th liga mandiridengan hasil maximal juara i,1,positive,3
Stadion Gelora Bangkalan,5,seru,1,positive,-1
Stadion Gelora Bangkalan,4,tempatnya cocok untuk nyeneningin anak kcil dengan paket hemattyg jual makanan bervariatif,1,positive,-1
Stadion Gelora Bangkalan,3,nya tidak bersihg kerawat,0,negative,-1
Stadion Gelora Bangkalan,5,puji tuhan,1,positive,1
Stadion Gelora Bangkalan,3,olah raga sepak bola lumayan bagus,0,positive,3
Stadion Gelora Bangkalan,5,stadion bagustanah bagus,1,positive,-1
Stadion Gelora Bangkalan,4,senang kluarga,1,positive,-1
Stadion Gelora Bangkalan,5,bagus,1,positive,4
Stadion Gelora Bangkalan,5,kumpul place,1,positive,0
Stadion Gelora Bangkalan,5,sngat nyaman indah,1,positive,0
Stadion Gelora Bangkalan,5,suryanation motorland,1,positive,-1
Stadion Gelora Bangkalan,5,bagus nyantai keluarga mainan anak,1,positive,3
Stadion Gelora Bangkalan,4,cocok kumpul,1,positive,-1
Stadion Gelora Bangkalan,5,bersih sejuk nyaman olahraga,1,positive,0
Stadion Gelora Bangkalan,3,jorok ah,0,negative,10
Stadion Gelora Bangkalan,4,keren sejuk,1,positive,0
Stadion Gelora Bangkalan,4,tempatnya pusat kota bangkalan kesini acara bri mudah jangkau dipinggir jalan raya hanya jarang toilet,1,positive,1
Stadion Gelora Bangkalan,5,bagus rumputnya rapi enak empuk,1,positive,-1
Stadion Gelora Bangkalan,5,stadion kebanggan kota bangkalan,1,positive,3
Stadion Gelora Bangkalan,5,stadion gelora bangkalan,1,positive,3
Stadion Gelora Bangkalan,1,oke,0,positive,17
Stadion Gelora Bangkalan,5,stadion kebanggaan masyarakat bangkalan markas mu,1,positive,3
Stadion Gelora Bangkalan,5,bakso sapi sgb ibu nyus,1,positive,3
Stadion Gelora Bangkalan,4,sip reng madureh,1,positive,-1
Stadion Gelora Bangkalan,3,perbaikan nya,0,positive,0
Stadion Gelora Bangkalan,4,stadion,1,positive,3
Stadion Gelora Bangkalan,5,iya bagus pemandangan malam,1,positive,0
Stadion Gelora Bangkalan,5,berkumpulnya sporter bola,1,positive,3
Stadion Gelora Bangkalan,2,masuk dalam stadionnya cm lihat pintu masuk tribun sdh jelek pkl menaruh rombong jualannya di jd suasana stadion rungsep,0,negative,-1
Stadion Gelora Bangkalan,4,liga putra,1,positive,3
Stadion Gelora Bangkalan,4,ikon kota bangkalan yang penambahan fasilitas biar membanggakan,1,positive,3
Stadion Gelora Bangkalan,5,gelora bangkalan liburan cocok anak cocok orang dewasa dibelakang stadion foto berbentuk kupu,1,positive,3
Stadion Gelora Bangkalan,5,bagus,1,positive,4
Stadion Gelora Bangkalan,5,tempatnya bagus permainan anak anak,1,positive,3
Stadion Gelora Bangkalan,5,bagus,1,positive,4
Stadion Gelora Bangkalan,3,fasilitas stadion lumayankualitas rumput bagusnamun sayang bangku penonton terawattribun lengkaptoilet terbataskondisi stadion wahana permainan anakanak pertandingannamun kebersihan buruk,0,negative,1
Stadion Gelora Bangkalan,5,luas direkomendasikan sepak bola,1,positive,-1
Stadion Gelora Bangkalan,5,pusat pkl warung kuliner,1,positive,3
Stadion Gelora Bangkalan,4,siip anak bermain,1,positive,3
Stadion Gelora Bangkalan,5,menyenangkan,1,positive,-1
Stadion Gelora Bangkalan,4,stadion markas mu,1,positive,3
Stadion Gelora Bangkalan,4,venue markas madura united fc rumput bagus tribun sebelah utara selatan bangun stadion bermain anak lesehan kopi sebelah utara dilengkapi pusat makanan rakyat yang berdiri stan,1,positive,3
Stadion Gelora Bangkalan,5,stadion yang bagus bisa liburan keluarga,1,positive,-1
Stadion Gelora Bangkalan,5,stadion dibangun kapasitas duduk stadion terletak jalan soekarno hatta kota bangkalan madura,1,positive,3
Stadion Gelora Bangkalan,5,stadion,1,positive,3
Stadion Gelora Bangkalan,5,keren,1,positive,0
Stadion Gelora Bangkalan,5,mantap suketnya tebal empuk,1,positive,-1
Stadion Gelora Bangkalan,4,wisata malam bagus untuk anaksaran sampah nya perbanyak kadangvorangcbuang sampah sembarangan,1,positive,-1
Stadion Gelora Bangkalan,5,bagus cocok bermain belajar,1,positive,-1
Stadion Gelora Bangkalan,5,menggelora,1,positive,-1
Stadion Gelora Bangkalan,5,bagus,1,positive,4
Stadion Gelora Bangkalan,5,fungsi stadion kalau malam berubah taman rakyat,1,positive,3
Stadion Gelora Bangkalan,5,cocok mencari santai,1,positive,-1
Stadion Gelora Bangkalan,5,menyesap,1,positive,-1
Stadion Gelora Bangkalan,5,kenangan indah,1,positive,0
Stadion Gelora Bangkalan,5,stadion madura united salah stadion berkelas madura,1,positive,3
Stadion Gelora Bangkalan,5,minggu pagi ramai,1,positive,3
Stadion Gelora Bangkalan,5,stadion kebanggan bangkalan,1,positive,3
Stadion Gelora Bangkalan,3,menarik anak anak,0,positive,3
Stadion Gelora Bangkalan,5,bagus,1,positive,4
Stadion Gelora Bangkalan,4,bagus rawat sampah yang berserakan tolong kondisikan jangan bakar area sgb,1,positive,-1
Stadion Gelora Bangkalan,4,bersih nan tertata rapi di stadion,1,positive,-1
Stadion Gelora Bangkalan,5,tempatnya kota akomodasi kesana glora mudah,1,positive,-1
Stadion Gelora Bangkalan,5,renovasi,1,positive,-1
Stadion Gelora Bangkalan,5,bagus,1,positive,4
Stadion Gelora Bangkalan,5,stadion padabumumnya,1,positive,0
Stadion Gelora Bangkalan,2,kebersihan dijaga,0,negative,-1
Stadion Gelora Bangkalan,5,siip unt sepak bola unt lari,1,positive,3
Stadion Gelora Bangkalan,5,berlaganya grup madura united dalam blaga mjamu lawan tandingnya stadion satunya dkota bangkalan juga bisa dpakai sebagai melepas pusing stelah mlakukan sgala aktifitas pkerjaan dengan cr berolah raga ringan bsama kluarga kolega bisa juga dpakai sbagai refresh karena pdagang kaki pjaja pmainan anak bjubel ddpn stadion tlebih mlm hari berolah raga cm sekedar kongkow juga bisa mngajak anak bmain lepas dari pantauan parkirnya ckp luas letaknya dari pusat kota shg pantaslah tuk singgahi,1,positive,-1
Taman Labuhan Mangrove Jung Koneng,5,bagus tempatnya kemarin kesini acara organisasi menanam mangrove lamun pemandangan sunrise sunsetnya oke sih tapi pantai dipasang pelindung batu batu gitu airnya kalau ombaknya tidak gede bening oke beremang hanya kalau ombaknya gede butek jalannya area hutan mangrove banhak rusak semoga diperbaiki warung toiletnya lumayan kebersihan ya saja sih tidak bersih sekali juganggak kotor sekali,1,positive,2
Taman Labuhan Mangrove Jung Koneng,3,htm orang parkir mobil motor luas toilet harga makanan minuman standar saran pengelola anak pacaran sudut mangrove maaf pelukan sampah bibir pantai sulit,0,positive,2
Taman Labuhan Mangrove Jung Koneng,5,tempatnya nyaman kemah beberap penjual makanan ringan fasilitas lengkap mck listrik pantai nya kotor sampah dari laut saung yang hibah dari pertamina cemara udang yang rimbun asri bagus sunset sunrise akses penunjuk resmi mudah diakses mobil mepet karcis dikenai harga motor semoga dirawat,1,positive,2
Taman Labuhan Mangrove Jung Koneng,5,untuk masuk speda motor ditarik rb rupiah tidak kamar mandi jd usahakan basah tubuh cocok untuk refreshing keluarga teman usahakan bawa alas makanan,1,positive,-1
Taman Labuhan Mangrove Jung Koneng,5,dikelola wisata taman laut dikelola dibawah naungan pt pertamina fasilitas dilengkapi kamar mandi gazebo sampah kemah berlibur santai,1,positive,2
Taman Labuhan Mangrove Jung Koneng,5,alternatif wisata anak yang suka main pasir pantai kootah tarif parkir murah jajanan murah mi seduh kopi instan bakso rujak minuman dingin ringan kantong,1,positive,2
Taman Labuhan Mangrove Jung Koneng,5,ccok rekreasi smbil belajar menghilangkan stress bnyak pohon cemara lumayan sedap di pandang view nya menarik bnyak titik foto fasilitas lengkap musholla kamar mandi gazebo warung n bnyak dduk lesehan penataan lumayan rapi sii yang terbengkalai karcis masuk korang nb jagalah kebersihan jangan buang smpah sembarangan buang laah nya tmpat lumayan rapi n bersih,1,positive,-1
Taman Labuhan Mangrove Jung Koneng,5,tempatnya lumayan rindang adem cocok kegiatan campingkegiatan titik foto parkir murah meriah,1,positive,-1
Taman Labuhan Mangrove Jung Koneng,5,tempatnya keren pantainya bersih kemah edukasi mangrove anakanak wajib jaga kebersihan membersihkan pantai akses masuk jalan mobil keluarga,1,positive,2
Taman Labuhan Mangrove Jung Koneng,5,pertigaan belok kiri pertanggal oktober kenakan tarif masuk,1,positive,5
Taman Labuhan Mangrove Jung Koneng,4,asri indah udaranya sejuk pagi tracking mengelilingi pohon mangrove,1,positive,-1
Taman Labuhan Mangrove Jung Koneng,4,cocok campingakses jalan dilewati mobil bersamaanmasih air mandi,1,positive,-1
Taman Labuhan Mangrove Jung Koneng,4,tempatx enak adem karena pohon cemarax cocok prewed view nya dapat mobil masuk prewed murah meriah ya,1,positive,-1
Taman Labuhan Mangrove Jung Koneng,5,tempatnya enak nyaman warga ramah harga makanan relatif murah kualitas murahan rekomendasi sekali,1,positive,-1
Taman Labuhan Mangrove Jung Koneng,5,udara yang sejuk nyaman bahagia mahal kepuasan,1,positive,0
Taman Labuhan Mangrove Jung Koneng,4,pantai lmayan bgus biaya masuk standar,1,positive,-1
Taman Labuhan Mangrove Jung Koneng,5,taman ekowisata terumbu karang payung kuning wisata binaan phe wmo cocok rekreasi keluarga kemah,1,positive,-1
Taman Labuhan Mangrove Jung Koneng,5,bagus enak sekali suasana,1,positive,0
Taman Labuhan Mangrove Jung Koneng,5,sejuk alami instagramable cocok untuk keluarga,1,positive,-1
Taman Labuhan Mangrove Jung Koneng,5,bagus terawat tiket masuk murah cocok refresing keluarga,1,positive,6
Taman Labuhan Mangrove Jung Koneng,4,wisata mangrove desa labuhan januari kemarin berkunjung lokasi wisatanya baguss viewnya bagus tahap penyempurnaan wisata mangrove fasilitas terbatas info pengurus insyaallah wisata mangrove desa labuhan launching februari tau tanggal jadi ajak keluarga berlibur belajar mangrove sepulubangkalanjawa timur,1,positive,2
Taman Labuhan Mangrove Jung Koneng,5,wisata edukasi pelestarian mangrove,1,positive,3
Taman Labuhan Mangrove Jung Koneng,2,tempatx trategis pemandanganx bagus,0,positive,6
Taman Labuhan Mangrove Jung Koneng,5,mantap,1,positive,8
Taman Labuhan Mangrove Jung Koneng,5,wisata yang asri sejuk indah dengan view laut biru hutan mangrouve desa labuhan sepulu bngkalan,1,positive,-1
Taman Labuhan Mangrove Jung Koneng,5,tamannya bagus pasirnya putih bersih suasananya menenangkan,1,positive,6
Taman Labuhan Mangrove Jung Koneng,5,pas surut,1,positive,-1
Taman Labuhan Mangrove Jung Koneng,5,nyamanindah enak santaifasilitas lengkap,1,positive,15
Taman Labuhan Mangrove Jung Koneng,5,suasana alami fasilitas lumayan lengkap,1,positive,-1
Taman Labuhan Mangrove Jung Koneng,4,bagus viewnya,1,positive,-1
Taman Labuhan Mangrove Jung Koneng,5,yang nyaman tenang cocok melepas stress,1,positive,-1
Taman Labuhan Mangrove Jung Koneng,5,bagus pengelola sampahnya,1,positive,0
Taman Labuhan Mangrove Jung Koneng,4,panorama wisata mangrove cocok untuk rekreasi edukasi santai keluarga,1,positive,-1
Taman Labuhan Mangrove Jung Koneng,4,bgus,1,positive,0
Taman Labuhan Mangrove Jung Koneng,3,yok wisata ekowisata labuhan,0,positive,3
Taman Labuhan Mangrove Jung Koneng,5,bagus aden,1,positive,0
Taman Labuhan Mangrove Jung Koneng,5,wisata alam cocok keluarga,1,positive,3
Taman Labuhan Mangrove Jung Koneng,3,pas kesana kemarin yang direnovasi,0,positive,9
Taman Labuhan Mangrove Jung Koneng,4,sejuk,1,positive,-1
Taman Labuhan Mangrove Jung Koneng,5,keren belum slesai,1,positive,0
Taman Labuhan Mangrove Jung Koneng,5,wisata pantai mangrove representatif cocok keluarga,1,positive,-1
Taman Labuhan Mangrove Jung Koneng,5,pantai terumbu karang mangrove menakjubkan,1,positive,-1
Taman Labuhan Mangrove Jung Koneng,3,terawat sampah,0,negative,0
Taman Labuhan Mangrove Jung Koneng,5,nya adem indah alami,1,positive,0
Taman Labuhan Mangrove Jung Koneng,5,sesuai,1,negative,0
Taman Labuhan Mangrove Jung Koneng,5,akhir pekan kluarga,1,positive,3
Taman Labuhan Mangrove Jung Koneng,5,cocok kemah,1,positive,-1
Taman Labuhan Mangrove Jung Koneng,5,tahap perbaikan,1,positive,0
Taman Labuhan Mangrove Jung Koneng,5,tempatnya bagus,1,positive,-1
Taman Labuhan Mangrove Jung Koneng,5,labuhan,1,positive,0
Taman Labuhan Mangrove Jung Koneng,5,lumayan bagus,1,positive,0
Taman Labuhan Mangrove Jung Koneng,2,bagus murah,0,positive,0
Taman Labuhan Mangrove Jung Koneng,3,tidak apanya,0,negative,-1
Taman Labuhan Mangrove Jung Koneng,5,terbaik,1,positive,-1
Taman Labuhan Mangrove Jung Koneng,5,semoga bersih,1,positive,1
Taman Labuhan Mangrove Jung Koneng,5,b saja,1,negative,0
Taman Labuhan Mangrove Jung Koneng,5,keren wisata keluarga,1,positive,3
Taman Labuhan Mangrove Jung Koneng,4,asyik refreshing,1,positive,3
Taman Labuhan Mangrove Jung Koneng,4,bersih,1,positive,-1
Taman Labuhan Mangrove Jung Koneng,5,senang,1,positive,-1
Taman Labuhan Mangrove Jung Koneng,5,wisata alam nusantara,1,positive,3
Taman Labuhan Mangrove Jung Koneng,5,mantap,1,positive,8
Taman Labuhan Mangrove Jung Koneng,5,bagus,1,positive,4
Taman Labuhan Mangrove Jung Koneng,3,tes,0,negative,0
Taman Labuhan Mangrove Jung Koneng,5,mangrove labuhan sepulu,1,positive,7
Taman Labuhan Mangrove Jung Koneng,5,pantai peneduh pohon cemara udang mangrove,1,positive,-1
Taman Labuhan Mangrove Jung Koneng,2,liburan,0,positive,-1
Taman Labuhan Mangrove Jung Koneng,5,kesan keasrian lautannya masih,1,positive,-1
Taman Labuhan Mangrove Jung Koneng,4,apaapa,1,negative,0
Taman Labuhan Mangrove Jung Koneng,5,bagus,1,positive,4
Taman Labuhan Mangrove Jung Koneng,5,sejuk dimata,1,positive,-1
Taman Labuhan Mangrove Jung Koneng,3,tempatnya terduga,0,negative,11
